step,sat_id,plane_id,true_anomaly_deg,altitude_km,ecef_x_km,ecef_y_km,ecef_z_km,battery_pct,fuel_pct,temp_c,roll_deg,pitch_deg,yaw_deg,fault_wheel,fault_thruster,fault_sensor,in_safe_mode,in_recovery,eclipse,gs_los,action_thrust,action_roll_tq,action_pitch_tq,action_yaw_tq,reward,health_score
1,0,0,355.4797,550.0,6899.0879,-336.2428,-435.6228,100.0,99.97,24.93,359.884,359.999,359.987,0,0,0,0,0,0,0,-0.5865,-0.2319,-0.002,-0.026,1.05,1.0
1,1,0,67.7235,550.0,2628.0484,3851.2589,5114.8223,100.0,99.88,24.93,359.894,359.964,0.009,0,0,0,0,0,0,0,-0.6075,-0.2117,-0.0721,0.0181,0.4794,1.0
1,2,0,149.3798,550.0,-5953.4936,2128.3915,2815.3338,100.0,99.88,24.94,359.929,359.938,0.064,0,0,0,0,0,0,0,-1.0,-0.1415,-0.1232,0.1281,0.6352,1.0
1,3,0,215.543,550.0,-5634.2716,-2414.7527,-3213.1284,100.0,99.88,24.93,359.893,359.981,359.997,0,0,0,0,0,0,0,-0.6233,-0.2139,-0.0388,-0.0052,0.8012,1.0
1,4,0,285.4408,550.0,1838.0164,-4016.9534,-5327.8534,100.0,99.97,24.93,359.873,359.995,0.003,0,0,0,0,0,0,1,-0.5764,-0.2544,-0.01,0.0052,1.35,1.0
1,5,1,37.3265,550.0,-2519.2066,5506.4482,3351.5471,100.0,99.88,24.93,359.932,359.936,0.041,0,0,0,0,0,0,0,-0.9646,-0.1364,-0.1277,0.082,1.05,1.0
1,6,1,108.6644,550.0,-3948.6725,-2210.3189,5236.6704,98.09,99.88,23.73,359.927,359.943,0.037,0,0,0,0,0,1,0,-0.9697,-0.1459,-0.1144,0.0733,1.05,1.0
1,7,1,182.9411,550.0,205.7194,-6912.1262,-283.605,100.0,99.97,24.94,359.882,359.974,0.042,0,1,0,0,0,0,0,-0.801,-0.2368,-0.0511,0.0842,0.8273,0.5
1,8,1,257.8285,550.0,4069.8427,-1463.9202,-5403.1064,100.0,99.88,24.94,359.923,359.95,0.061,0,0,0,0,0,0,0,-1.0,-0.1543,-0.0996,0.1226,0.8188,1.0
1,9,1,327.528,550.0,2242.9722,5836.3397,-2967.5672,100.0,99.88,24.91,0.0,359.974,0.044,1,0,0,0,0,0,0,-1.0,-0.1712,-0.0527,0.0871,0.8399,0.5
2,0,0,355.8137,550.0,6901.8128,-320.0183,-403.4967,100.0,99.85,27.35,359.673,359.983,0.005,0,0,0,0,0,0,0,-0.8221,-0.1907,-0.0303,0.063,1.05,1.0
2,1,0,67.493,550.0,2658.2195,3841.7772,5106.3547,100.0,99.76,27.36,359.713,359.897,0.037,0,0,0,0,0,0,0,-0.7393,-0.1514,-0.0616,0.0371,0.4557,1.0
2,2,0,148.9431,550.0,-5923.9291,2162.4645,2851.4999,100.0,99.76,27.38,359.798,359.826,0.204,0,0,0,0,0,0,0,-1.0,-0.1211,-0.1008,0.1526,0.68,1.0
2,3,0,215.5289,550.0,-5638.0472,-2407.4006,-3212.0224,100.0,99.76,27.35,359.725,359.922,0.022,0,0,0,0,0,0,0,-0.9103,-0.1228,-0.0785,0.0547,0.8456,1.0
2,4,0,286.1096,550.0,1911.1543,-4006.0366,-5310.3108,100.0,99.94,27.38,359.559,0.057,0.037,0,0,0,0,0,0,1,-0.4277,-0.3725,0.1333,0.0643,0.8352,1.0
2,5,1,37.0332,550.0,-2495.8016,5530.7271,3329.0048,100.0,99.76,27.37,359.816,359.813,0.14,0,0,0,0,0,0,0,-1.0,-0.0961,-0.119,0.1164,1.05,1.0
2,6,1,108.3599,550.0,-3958.1718,-2170.8643,5245.9952,96.22,99.76,24.95,359.81,359.856,0.092,0,0,0,0,0,1,0,-0.7858,-0.0889,-0.0584,0.0382,0.8209,1.0
2,7,1,183.6006,550.0,245.5992,-6907.9252,-347.1198,100.0,99.94,27.38,359.676,359.901,0.179,0,1,0,0,0,0,0,-1.0,-0.1746,-0.0968,0.1889,0.8386,0.5
2,8,1,257.7111,550.0,4066.3071,-1482.4821,-5400.7069,100.0,99.76,27.38,359.78,359.853,0.204,0,0,0,0,0,0,0,-1.0,-0.1315,-0.0956,0.1626,0.8408,1.0
2,9,1,327.169,550.0,2271.6384,5810.2951,-2996.7268,100.0,99.76,27.32,0.0,359.942,0.063,1,0,0,0,0,0,0,-0.6401,-0.1461,-0.0099,-0.0476,0.8432,0.5
3,0,0,355.6551,550.0,6899.9736,-339.4884,-418.751,100.0,99.73,29.79,359.342,359.985,0.045,0,0,0,0,0,0,0,-0.7041,-0.2384,0.0356,0.0416,1.05,1.0
3,1,0,66.6474,550.0,2756.6547,3814.4238,5074.5706,100.0,99.64,29.77,359.461,359.815,0.068,0,0,0,0,0,0,0,-0.739,-0.1394,-0.0302,0.0074,0.4441,1.0
3,2,0,147.8265,550.0,-5850.4773,2238.1952,2943.236,100.0,99.64,29.81,359.608,359.679,0.41,0,0,0,0,0,0,0,-1.0,-0.1172,-0.0708,0.1306,0.7351,1.0
3,3,0,215.042,550.0,-5674.7015,-2371.8688,-3173.6796,100.0,99.64,29.77,359.484,359.848,0.064,0,0,0,0,0,0,0,-0.9033,-0.1446,-0.0313,0.0337,1.05,1.0
3,4,0,286.0332,550.0,1897.6376,-4009.7522,-5312.3535,100.0,99.82,29.85,359.06,0.179,0.131,0,0,0,0,0,0,1,-0.6907,-0.3716,0.1207,0.1183,0.8311,1.0
3,5,1,36.109,550.0,-2435.2136,5599.9415,3257.3964,100.0,99.64,29.8,359.653,359.645,0.289,0,0,0,0,0,0,0,-0.9778,-0.0919,-0.0899,0.099,1.05,1.0
3,6,1,107.391,550.0,-3981.9128,-2054.8234,5274.686,94.34,99.64,26.17,359.655,359.744,0.164,0,0,0,0,0,1,0,-0.7939,-0.0747,-0.0511,0.0318,0.7395,1.0
3,7,1,184.0814,550.0,272.5017,-6904.4347,-393.4029,100.0,99.91,29.83,359.383,359.776,0.432,0,1,0,0,0,0,0,-1.0,-0.1748,-0.102,0.2335,1.05,0.5
3,8,1,257.042,550.0,4053.6862,-1566.018,-5386.5998,100.0,99.64,29.81,359.573,359.716,0.424,0,0,0,0,0,0,0,-1.0,-0.1278,-0.0785,0.1556,1.05,1.0
3,9,1,326.6312,550.0,2310.9847,5772.0731,-3040.1912,100.0,99.73,29.73,0.0,359.914,0.038,1,0,0,0,0,0,0,-0.5491,-0.1086,0.0061,-0.0895,0.8239,0.5
4,0,0,355.0039,550.0,6892.9534,-394.6185,-481.3638,100.0,99.61,32.22,358.893,0.019,0.093,0,0,0,0,0,0,0,-0.7409,-0.2374,0.0661,0.0172,1.05,1.0
4,1,0,65.1863,550.0,2921.9868,3767.1474,5017.0544,100.0,99.52,32.19,359.146,359.733,0.089,0,0,0,0,0,0,0,-0.7281,-0.1292,-0.0009,-0.02,0.4372,1.0
4,2,0,146.0303,550.0,-5728.9925,2353.8222,3088.4311,100.0,99.52,32.23,359.361,359.509,0.668,0,0,0,0,0,0,0,-1.0,-0.1144,-0.0443,0.1047,0.8006,1.0
4,3,0,214.0825,550.0,-5742.9237,-2307.5624,-3097.4544,100.0,99.52,32.19,359.167,359.777,0.113,0,0,0,0,0,0,0,-0.8979,-0.1534,0.0074,0.0154,1.05,1.0
4,4,0,285.2113,550.0,1797.318,-4027.5905,-5333.7045,100.0,99.7,32.3,358.396,0.362,0.257,0,0,0,0,0,0,1,-0.6989,-0.3303,0.123,0.0638,0.8396,1.0
4,5,1,34.5533,550.0,-2335.9746,5710.9959,3134.9624,100.0,99.52,32.22,359.451,359.441,0.469,0,0,0,0,0,0,0,-0.881,-0.0805,-0.0695,0.0633,1.05,1.0
4,6,1,105.7578,550.0,-4017.2784,-1860.9835,5319.6293,92.48,99.52,27.38,359.467,359.611,0.248,0,0,0,0,0,1,0,-0.7837,-0.0657,-0.0427,0.0243,0.6338,1.0
4,7,1,184.3833,550.0,286.4198,-6902.1547,-422.4514,100.0,99.88,32.28,358.999,359.606,0.802,0,1,0,0,0,0,0,-1.0,-0.1811,-0.09,0.2343,1.05,0.5
4,8,1,255.8212,550.0,4030.3907,-1713.9474,-5358.9716,100.0,99.52,32.25,359.307,359.542,0.719,0,0,0,0,0,0,0,-1.0,-0.1195,-0.0744,0.148,1.05,1.0
4,9,1,325.4107,550.0,2390.848,5686.6633,-3137.8253,100.0,99.61,32.13,0.0,359.892,0.032,1,0,0,0,0,0,0,-1.0,-0.1482,0.0114,0.0373,0.8071,0.5
5,0,0,353.8597,550.0,6878.603,-485.2967,-591.2261,100.0,99.49,34.65,358.319,0.105,0.146,0,0,0,0,0,0,0,-0.7548,-0.2504,0.1021,0.0105,1.05,1.0
5,1,0,63.1852,550.0,3143.5566,3699.1673,4932.9965,100.0,99.4,34.61,358.769,359.664,0.087,0,0,0,0,0,0,0,-0.7105,-0.1217,0.0266,-0.0458,0.4331,1.0
5,2,0,144.0293,550.0,-5587.0467,2478.8408,3246.6133,100.0,99.4,34.66,359.057,359.331,0.962,0,0,0,0,0,0,0,-1.0,-0.1146,-0.0184,0.0724,1.05,1.0
5,3,0,212.6509,550.0,-5840.1907,-2213.4583,-2982.1161,100.0,99.4,34.61,358.768,359.729,0.161,0,0,0,0,0,0,0,-0.888,-0.1617,0.0443,-0.0034,1.05,1.0
5,4,0,283.6439,550.0,1609.1443,-4056.994,-5371.3774,100.0,99.58,34.74,357.586,0.607,0.391,0,0,0,0,0,0,1,-0.7328,-0.2899,0.1233,0.0175,1.05,1.0
5,5,1,32.5522,550.0,-2207.3746,5846.5816,2974.0918,100.0,99.4,34.63,359.209,359.218,0.67,0,0,0,0,0,0,0,-0.846,-0.0792,-0.0405,0.0402,1.05,1.0
5,6,1,103.7567,550.0,-4055.1283,-1622.3944,5368.7998,90.62,99.4,28.59,359.25,359.461,0.339,0,0,0,0,0,1,0,-0.7651,-0.0595,-0.0337,0.0154,0.5187,1.0
5,7,1,184.5062,550.0,287.3484,-6901.3828,-434.2662,100.0,99.85,34.74,358.521,359.395,1.291,0,1,0,0,0,0,0,-1.0,-0.1887,-0.0807,0.2362,1.05,0.5
5,8,1,254.049,550.0,3993.7282,-1925.1151,-5314.5375,100.0,99.4,34.68,358.982,359.335,1.087,0,0,0,0,0,0,0,-1.0,-0.1152,-0.0656,0.148,1.05,1.0
5,9,1,323.5069,550.0,2509.2544,5549.5768,-3287.2603,100.0,99.49,34.54,0.0,359.887,0.036,1,0,0,0,0,0,0,-0.9886,-0.1453,0.0367,0.0209,0.8023,0.5
6,0,0,352.2217,550.0,6853.2456,-611.2728,-748.0721,100.0,99.37,37.09,357.655,0.215,0.239,0,0,0,0,0,0,0,-1.0,-0.1788,0.0483,0.0801,1.05,1.0
6,1,0,61.1841,550.0,3361.1335,3626.1726,4842.9222,100.0,99.28,37.03,358.341,359.611,0.053,0,0,0,0,0,0,0,-0.6934,-0.1017,0.0332,-0.0655,0.4331,1.0
6,2,0,142.0282,550.0,-5438.0089,2600.503,3400.8358,100.0,99.28,37.07,358.715,359.146,1.25,0,0,0,0,0,0,0,-0.7362,-0.0745,-0.0118,-0.0125,1.05,1.0
6,3,0,210.748,550.0,-5962.7069,-2088.1755,-2825.9317,100.0,99.28,37.04,358.288,359.717,0.19,0,0,0,0,0,0,0,-0.8232,-0.1646,0.074,-0.037,1.05,1.0
6,4,0,281.6428,550.0,1368.3926,-4089.054,-5413.6291,100.0,99.46,37.18,356.652,0.915,0.512,0,0,0,0,0,0,1,-0.7584,-0.2507,0.1248,-0.0272,1.05,1.0
6,5,1,30.5511,550.0,-2075.7803,5974.7435,2809.5939,100.0,99.28,37.05,358.924,358.985,0.889,0,0,0,0,0,0,0,-0.8687,-0.0848,-0.0195,0.038,1.05,1.0
6,6,1,101.7556,550.0,-4087.4837,-1381.7476,5411.4224,88.76,99.28,29.8,358.999,359.302,0.435,0,0,0,0,0,1,0,-0.7877,-0.0673,-0.0185,0.0079,0.435,1.0
6,7,1,184.4499,550.0,275.2824,-6902.2134,-428.8488,100.0,99.82,37.19,357.95,359.145,1.897,0,1,0,0,0,0,0,-1.0,-0.1863,-0.081,0.2356,0.83,0.5
6,8,1,252.0479,550.0,3947.4853,-2160.6355,-5258.2559,100.0,99.28,37.11,358.603,359.099,1.529,0,0,0,0,0,0,0,-1.0,-0.1112,-0.0572,0.1471,1.05,1.0
6,9,1,321.5059,550.0,2630.0587,5398.7551,-3440.418,100.0,99.37,36.95,0.0,359.913,0.039,1,0,0,0,0,0,0,-0.9452,-0.1433,0.0585,-0.0024,0.8023,0.5
7,0,0,350.2207,550.0,6814.4827,-762.6512,-938.8452,100.0,99.25,39.51,356.908,0.362,0.356,0,0,0,0,0,0,0,-1.0,-0.1668,0.0733,0.0474,1.05,1.0
7,1,0,59.1831,550.0,3574.441,3548.2619,4746.9411,100.0,99.16,39.45,357.859,359.579,359.993,0,0,0,0,0,0,0,-0.751,-0.1101,0.0403,-0.0514,0.4331,1.0
7,2,0,140.0271,550.0,-5282.0687,2718.6444,3550.9104,100.0,99.16,39.48,358.33,358.96,1.542,0,0,0,0,0,0,0,-0.8168,-0.0873,-0.0021,0.0071,1.05,1.0
7,3,0,208.7469,550.0,-6084.0202,-1954.0199,-2658.3352,100.0,99.16,39.47,357.734,359.747,0.179,0,0,0,0,0,0,0,-0.726,-0.1476,0.0821,-0.0801,1.05,1.0
7,4,0,279.6418,550.0,1125.9061,-4115.5734,-5449.2781,100.0,99.34,39.62,355.599,1.289,0.605,0,0,0,0,0,0,1,-0.7352,-0.237,0.1339,-0.0568,1.05,1.0
7,5,1,28.5501,550.0,-1941.3694,6095.3187,2641.6692,100.0,99.16,39.46,358.591,358.747,1.133,0,0,0,0,0,0,0,-0.9273,-0.0976,-0.0105,0.0487,1.05,1.0
7,6,1,99.7546,550.0,-4114.3006,-1139.349,5447.4448,86.9,99.16,31.01,358.715,359.137,0.529,0,0,0,0,0,1,0,-0.7819,-0.0671,-0.0105,-0.0031,0.3961,1.0
7,7,1,184.2144,550.0,250.2162,-6904.5373,-406.1984,100.0,99.79,39.63,357.29,358.852,2.62,0,1,0,0,0,0,0,-1.0,-0.178,-0.084,0.2315,0.7417,0.5
7,8,1,250.0469,550.0,3895.8917,-2393.4106,-5195.561,100.0,99.16,39.53,358.176,358.868,1.945,0,0,0,0,0,0,0,-0.6895,-0.0938,0.0078,-0.0516,1.05,1.0
7,9,1,319.5048,550.0,2747.3021,5241.0807,-3589.3795,100.0,99.25,39.35,0.0,359.971,0.042,1,0,0,0,0,0,0,-0.9635,-0.1488,0.0664,-0.0007,0.8023,0.5
8,0,0,348.2196,550.0,6767.0687,-913.0008,-1128.4732,100.0,99.13,41.94,356.084,0.545,0.485,0,0,0,0,0,0,0,-1.0,-0.1532,0.073,0.0253,1.05,1.0
8,1,0,57.182,550.0,3783.208,3465.5402,4645.1705,100.0,99.04,41.86,357.329,359.557,359.92,0,0,0,0,0,0,0,-0.817,-0.0949,0.0218,-0.0263,0.4331,1.0
8,2,0,138.0261,550.0,-5119.4242,2833.1051,3696.6541,100.0,99.04,41.89,357.898,358.775,1.839,0,0,0,0,0,0,0,-0.8423,-0.0927,0.0018,0.0116,1.05,1.0
8,3,0,206.7458,550.0,-6197.6078,-1817.2121,-2487.4963,100.0,99.04,41.9,357.109,359.816,0.123,0,0,0,0,0,0,0,-0.7018,-0.1401,0.0788,-0.0892,1.05,1.0
8,4,0,277.6407,550.0,881.9931,-4136.5163,-5478.2809,100.0,99.22,42.07,354.423,1.735,0.673,0,0,0,0,0,0,1,-0.7467,-0.2444,0.1417,-0.049,1.05,1.0
8,5,1,26.549,550.0,-1804.3234,6208.154,2470.5226,100.0,99.04,41.88,358.205,358.506,1.403,0,0,0,0,0,0,0,-0.9561,-0.1053,-0.0052,0.0525,1.05,1.0
8,6,1,97.7535,550.0,-4135.5429,-895.5067,5476.8233,85.04,99.04,32.22,358.397,358.971,0.615,0,0,0,0,0,1,0,-0.7754,-0.0668,-0.0027,-0.014,0.3608,1.0
8,7,1,183.7999,550.0,212.1459,-6908.0424,-366.3135,100.0,99.76,42.08,356.542,358.522,3.452,0,1,0,0,0,0,0,-1.0,-0.1761,-0.075,0.221,0.6623,0.5
8,8,1,248.0458,550.0,3839.0169,-2623.1443,-5126.5295,100.0,99.04,41.94,357.699,358.643,2.338,0,0,0,0,0,0,0,-0.7199,-0.0998,0.0125,-0.0465,1.05,1.0
8,9,1,317.5037,550.0,2860.8261,5076.7542,-3733.9633,100.0,99.13,41.76,0.0,0.061,0.045,1,0,0,0,0,0,0,-0.9675,-0.1478,0.0636,0.0015,0.8023,0.5
9,0,0,346.2185,550.0,6711.0641,-1062.1184,-1316.7248,100.0,99.01,44.36,355.183,0.764,0.626,0,0,0,0,0,0,0,-0.9961,-0.1533,0.0733,0.0215,1.05,1.0
9,1,0,55.1809,550.0,3987.1692,3378.1192,4537.7344,100.0,98.92,44.28,356.751,359.547,359.831,0,0,0,0,0,0,0,-0.8067,-0.0942,0.0218,-0.0307,0.4331,1.0
9,2,0,136.025,550.0,-4950.2825,2943.7307,3837.8893,100.0,98.92,44.3,357.418,358.593,2.142,0,0,0,0,0,0,0,-0.8542,-0.0967,0.0042,0.0122,1.05,1.0
9,3,0,204.7448,550.0,-6303.3257,-1677.9368,-2313.6237,100.0,98.92,44.33,356.415,359.924,0.023,0,0,0,0,0,0,0,-0.6973,-0.1397,0.0775,-0.0903,1.05,1.0
9,4,0,275.6396,550.0,636.9635,-4151.8543,-5500.6022,100.0,99.1,44.51,353.125,2.251,0.714,0,0,0,0,0,0,1,-0.7361,-0.246,0.1418,-0.0526,1.05,1.0
9,5,1,24.5479,550.0,-1664.8274,6313.1061,2296.3629,100.0,98.92,44.3,357.766,358.262,1.697,0,0,0,0,0,0,1,-0.9482,-0.1048,-0.0052,0.0486,1.35,1.0
9,6,1,95.7524,550.0,-4151.1815,-650.5308,5499.522,83.19,98.92,33.43,358.046,358.808,0.69,0,0,0,0,0,1,0,-0.7681,-0.0664,0.0048,-0.025,0.329,1.0
9,7,1,183.2067,550.0,161.073,-6912.2135,-309.1949,100.0,99.73,44.53,355.706,358.16,4.39,0,1,0,0,0,0,0,-1.0,-0.1756,-0.0636,0.2099,0.592,0.5
9,8,1,246.0447,550.0,3776.9376,-2849.5446,-5051.2453,100.0,98.92,44.36,357.171,358.425,2.709,0,0,0,0,0,0,0,-0.736,-0.1021,0.0154,-0.0441,1.05,1.0
9,9,1,315.5027,550.0,2970.4772,4905.9846,-3873.9929,100.0,99.01,44.17,0.0,0.187,0.048,1,0,0,0,0,0,0,-0.9525,-0.1562,0.0718,-0.0003,0.8023,0.5
10,0,0,344.2174,550.0,6646.5401,-1209.8028,-1503.3706,100.0,98.89,46.79,354.206,1.021,0.775,0,0,0,0,0,0,0,-0.9884,-0.1535,0.0735,0.0176,1.05,1.0
10,1,0,53.1799,550.0,4186.0653,3286.1168,4424.7638,100.0,98.8,46.69,356.128,359.547,359.725,0,0,0,0,0,0,0,-0.7963,-0.0936,0.0217,-0.0352,0.4331,1.0
10,2,0,134.0239,550.0,-4774.8585,3050.3715,3974.4435,100.0,98.8,46.71,356.888,358.413,2.452,0,0,0,0,0,0,0,-0.8654,-0.1005,0.0066,0.0128,1.05,1.0
10,3,0,202.7437,550.0,-6401.0394,-1536.382,-2136.9292,100.0,98.8,46.76,355.651,0.07,359.876,0,0,0,0,0,0,0,-0.6926,-0.1392,0.0763,-0.0914,1.05,1.0
10,4,0,273.6386,550.0,391.1289,-4161.5665,-5516.2146,100.0,98.98,46.95,351.703,2.838,0.728,0,0,0,0,0,0,1,-0.7254,-0.2476,0.1419,-0.0562,1.05,1.0
10,5,1,22.5468,550.0,-1523.0697,6410.0416,2119.4024,100.0,98.8,46.73,357.239,358.063,1.969,0,0,0,0,0,0,1,-0.7436,-0.1783,0.0888,-0.0456,1.35,1.0
10,6,1,93.7514,550.0,-4161.1953,-404.7326,5515.5133,81.32,98.8,34.64,357.662,358.65,0.746,0,0,0,0,0,1,0,-0.7599,-0.0659,0.012,-0.0358,0.3009,1.0
10,7,1,182.4352,550.0,97.0095,-6916.3339,-234.8517,100.0,99.7,46.97,354.782,357.772,5.427,0,1,0,0,0,0,0,-1.0,-0.1756,-0.0519,0.1993,0.5305,0.5
10,8,1,244.0437,550.0,3709.7373,-3072.3238,-4969.8004,100.0,98.8,46.78,356.592,358.217,3.059,0,0,0,0,0,0,0,-0.7518,-0.1043,0.0183,-0.0416,1.05,1.0
10,9,1,313.5016,550.0,3076.1073,4728.989,-4009.2977,100.0,98.89,46.57,0.0,0.349,0.049,1,0,0,0,0,0,0,-0.9444,-0.1563,0.0718,-0.0044,0.8023,0.5
11,0,0,342.2164,550.0,6573.5789,-1355.8542,-1688.1827,100.0,98.77,49.21,353.152,1.314,0.931,0,0,0,0,0,0,0,-0.9805,-0.1536,0.0736,0.0137,1.05,1.0
11,1,0,51.1788,550.0,4379.6435,3189.6571,4306.3966,100.0,98.68,49.11,355.457,359.558,359.599,0,0,0,0,0,0,0,-0.7858,-0.093,0.0216,-0.0397,0.4331,1.0
11,2,0,132.0229,550.0,-4593.3754,3152.8832,4106.1503,100.0,98.68,49.12,356.306,358.238,2.769,0,0,0,0,0,0,0,-0.8761,-0.1042,0.0091,0.0132,1.05,1.0
11,3,0,200.7426,550.0,-6490.6248,-1392.7389,-1957.6284,100.0,98.68,49.19,354.825,0.248,359.693,0,0,0,0,0,0,0,-0.7085,-0.1254,0.0651,-0.073,1.05,1.0
11,4,0,271.6375,550.0,144.8019,-4165.6395,-5525.0992,100.0,98.86,49.4,350.156,3.496,0.712,0,0,0,0,0,0,1,-0.7147,-0.2491,0.142,-0.0598,1.05,1.0
11,5,1,20.5458,550.0,-1379.2416,6498.8375,1939.857,100.0,98.68,49.16,356.621,357.909,2.215,0,0,0,0,0,0,1,-0.7283,-0.1801,0.0892,-0.0512,1.05,1.0
11,6,1,91.7503,550.0,-4165.5704,-158.4248,5524.7775,79.46,98.68,35.85,357.245,358.502,0.78,0,0,0,0,0,1,0,-0.7509,-0.0654,0.019,-0.0466,0.2763,1.0
11,7,1,181.4857,550.0,19.986,-6919.4873,-143.3097,100.0,99.67,49.41,353.771,357.363,6.559,0,1,0,0,0,0,0,-1.0,-0.1756,-0.0406,0.1889,0.4779,0.5
11,8,1,242.0426,550.0,3637.5068,-3291.1987,-4882.2941,100.0,98.68,49.19,355.958,358.019,3.389,0,0,0,0,0,0,0,-0.7672,-0.1064,0.0213,-0.0391,1.05,1.0
11,9,1,311.5005,550.0,3177.5734,4545.9926,-4139.7125,100.0,98.77,48.98,0.0,0.547,0.046,1,0,0,0,0,0,0,-0.9361,-0.1564,0.0718,-0.0085,0.8023,0.5
12,0,0,340.2153,550.0,6492.2734,-1500.0755,-1870.9358,100.0,98.65,51.64,352.021,1.644,1.091,0,0,0,0,0,0,0,-0.9725,-0.1538,0.0738,0.0097,1.05,1.0
12,1,0,49.1777,550.0,4567.6578,3088.8701,4182.7771,100.0,98.56,51.52,354.74,359.58,359.45,0,0,0,0,0,0,0,-0.775,-0.0924,0.0215,-0.0443,0.4331,1.0
12,2,0,130.0218,550.0,-4406.0641,3251.1273,4232.8491,100.0,98.56,51.53,355.669,358.069,3.092,0,0,0,0,0,0,0,-0.8862,-0.1079,0.0114,0.0136,1.05,1.0
12,3,0,198.7416,550.0,-6571.9683,-1247.2013,-1775.94,100.0,98.56,51.61,353.936,0.459,359.473,0,0,0,0,0,0,0,-0.7042,-0.1246,0.0637,-0.0742,1.05,1.0
12,4,0,269.6364,550.0,-101.7045,-4164.0676,-5527.2451,100.0,98.74,51.85,348.484,4.226,0.664,0,0,0,0,0,0,1,-0.7039,-0.2507,0.1421,-0.0635,1.05,1.0
12,5,1,18.5447,550.0,-1233.5374,6579.381,1757.9456,100.0,98.56,51.59,355.913,357.799,2.433,0,0,0,0,0,0,1,-0.7175,-0.1811,0.089,-0.055,1.05,1.0
12,6,1,89.7492,550.0,-4164.3006,88.0797,5527.3034,77.59,98.56,37.07,356.796,358.367,0.784,0,0,0,0,0,1,0,-0.741,-0.065,0.0258,-0.0572,0.2553,1.0
12,7,1,180.3589,550.0,-69.9394,-6920.56,-34.622,100.0,99.64,51.85,352.671,356.94,7.78,0,1,0,0,0,0,0,-1.0,-0.1754,-0.0303,0.1789,0.4437,0.5
12,8,1,240.0415,550.0,3560.3434,-3505.8912,-4788.8332,100.0,98.56,51.61,355.271,357.833,3.702,0,0,0,0,0,0,0,-0.7822,-0.1083,0.0242,-0.0367,1.05,1.0
12,9,1,309.4994,550.0,3274.7384,4357.2281,-4265.0783,100.0,98.65,51.39,0.0,0.78,0.036,1,0,0,0,0,0,0,-0.9278,-0.1565,0.0717,-0.0126,0.8023,0.5
13,0,0,338.2142,550.0,6402.7271,-1642.2716,-2051.4071,100.0,98.53,54.06,350.814,2.011,1.255,0,0,0,0,0,0,0,-0.9644,-0.154,0.0739,0.0056,1.0,1.0
13,1,0,47.1767,550.0,4749.8694,2983.8918,4054.0561,100.0,98.44,53.94,353.978,359.613,359.278,0,0,0,0,0,0,0,-0.7641,-0.0918,0.0214,-0.0489,0.3831,1.0
13,2,0,128.0207,550.0,-4213.1626,3344.971,4354.3853,100.0,98.44,53.95,354.977,357.907,3.422,0,0,0,0,0,0,0,-0.8958,-0.1115,0.0138,0.0139,1.0,1.0
13,3,0,196.7405,550.0,-6644.9665,-1099.9657,-1592.0855,100.0,98.44,54.04,352.985,0.7,359.215,0,0,0,0,0,0,0,-0.6997,-0.1239,0.0623,-0.0754,1.0,1.0
13,4,0,267.6353,550.0,-348.0767,-4156.8527,-5522.6497,100.0,98.62,54.29,346.686,5.026,0.582,0,0,0,0,0,0,1,-0.693,-0.2522,0.1422,-0.0671,1.0,1.0
13,5,1,16.5436,550.0,-1086.1537,6651.5698,1573.8902,100.0,98.44,54.02,355.114,357.733,2.622,0,0,0,0,0,0,1,-0.7066,-0.1822,0.0888,-0.0589,1.0,1.0
13,6,1,87.7482,550.0,-4157.3876,334.4674,5523.088,75.71,98.44,38.28,356.315,358.248,0.755,0,0,0,0,0,1,0,-0.7302,-0.0646,0.0324,-0.0677,0.2378,1.0
13,7,1,179.0554,550.0,-172.6703,-6918.2457,91.1177,100.0,99.61,54.28,351.476,356.519,9.074,0,1,0,0,0,0,0,-1.0,-0.1915,0.0055,0.1471,0.3797,0.5
13,8,1,238.0405,550.0,3478.351,-3716.1284,-4689.5315,100.0,98.44,54.03,354.529,357.661,3.997,0,0,0,0,0,0,0,-0.7968,-0.1102,0.027,-0.0343,1.0,1.0
13,9,1,307.4984,550.0,3367.4709,4162.9355,-4385.2422,100.0,98.53,53.8,0.0,1.05,0.018,1,0,0,0,0,0,0,-0.9192,-0.1566,0.0716,-0.0168,0.7523,0.5
14,0,0,336.2132,550.0,6305.054,-1782.2504,-2229.3763,100.0,98.41,56.48,349.529,2.415,1.419,0,0,0,0,0,0,0,-0.956,-0.1542,0.074,0.0015,1.0,1.0
14,1,0,45.1756,550.0,4926.0468,2874.8638,3920.3906,100.0,98.32,56.36,353.17,359.656,359.078,0,0,0,0,0,0,0,-0.753,-0.0911,0.0213,-0.0535,0.3831,1.0
14,2,0,126.0197,550.0,-4014.9164,3434.2871,4470.6106,100.0,98.32,56.36,354.228,357.752,3.759,0,0,0,0,0,0,0,-0.9048,-0.1151,0.0162,0.0141,1.0,1.0
14,3,0,194.7394,550.0,-6709.5269,-951.231,-1406.2893,100.0,98.32,56.47,351.973,0.972,358.919,0,0,0,0,0,0,0,-0.6951,-0.1231,0.0609,-0.0766,1.0,1.0
14,4,0,265.6343,550.0,-594.0017,-4144.0042,-5511.3186,100.0,98.5,56.74,344.761,5.898,0.465,0,0,0,0,0,0,1,-0.6821,-0.2537,0.1423,-0.0708,1.0,1.0
14,5,1,14.5426,550.0,-937.2896,6715.3124,1387.9151,100.0,98.32,56.46,354.223,357.712,2.78,0,0,0,0,0,0,1,-0.6955,-0.1833,0.0887,-0.0627,1.0,1.0
14,6,1,85.7471,550.0,-4144.8403,580.4251,5512.1363,73.84,98.32,39.5,355.801,358.149,0.687,0,0,0,0,0,1,0,-0.7184,-0.0643,0.0388,-0.0779,0.2238,1.0
14,7,1,177.5762,550.0,-288.059,-6911.0505,233.7597,100.0,99.58,56.72,350.188,356.104,10.437,0,1,0,0,0,0,0,-1.0,-0.188,0.011,0.1352,0.3693,0.5
14,8,1,236.0394,550.0,3391.6401,-3921.6431,-4584.5102,100.0,98.32,56.44,353.731,357.504,4.276,0,0,0,0,0,0,0,-0.8111,-0.1119,0.0299,-0.0319,1.0,1.0
14,9,1,305.4973,550.0,3455.6452,3963.362,-4500.0576,100.0,98.41,56.21,0.0,1.355,359.99,1,0,0,0,0,0,0,-0.9106,-0.1567,0.0715,-0.021,0.7523,0.5
15,0,0,334.2121,550.0,6199.3784,-1919.8227,-2404.6265,100.0,98.29,58.91,348.166,2.857,1.582,0,0,0,0,0,0,0,-0.9476,-0.1543,0.0741,-0.0026,1.0,1.0
15,1,0,43.1745,550.0,5095.966,2761.9332,3781.9435,100.0,98.2,58.77,352.316,359.71,358.85,0,0,0,0,0,0,0,-0.7418,-0.0905,0.0212,-0.0581,0.3831,1.0
15,2,0,124.0186,550.0,-3811.5776,3518.9548,4581.3834,100.0,98.2,58.78,353.419,357.608,4.104,0,0,0,0,0,0,0,-0.9132,-0.1187,0.0185,0.0142,1.0,1.0
15,3,0,192.7384,550.0,-6765.5675,-801.198,-1218.7779,100.0,98.2,58.89,350.9,1.274,358.584,0,0,0,0,0,0,0,-0.6903,-0.1223,0.0596,-0.0779,1.0,1.0
15,4,0,263.6332,550.0,-839.1668,-4125.5391,-5493.2656,100.0,98.38,59.19,342.709,6.841,0.31,0,0,0,0,0,0,1,-0.6711,-0.2552,0.1425,-0.0745,1.0,1.0
15,5,1,12.5415,550.0,-787.1461,6770.5279,1200.2473,100.0,98.2,58.89,353.24,357.735,2.904,0,0,0,0,0,0,1,-0.6842,-0.1845,0.0885,-0.0666,1.0,1.0
15,6,1,83.746,550.0,-4126.6753,825.6402,5494.4618,71.96,98.2,40.72,355.255,358.072,0.575,0,0,0,0,0,1,0,-0.7055,-0.0642,0.045,-0.088,0.2134,1.0
15,7,1,175.9219,550.0,-415.8929,-6897.301,393.0814,100.0,99.55,59.15,348.806,355.696,11.861,0,1,0,0,0,0,0,-1.0,-0.1841,0.0144,0.124,0.3623,0.5
15,8,1,234.0383,550.0,3300.3277,-4122.1742,-4473.8975,100.0,98.2,58.86,352.876,357.363,4.54,0,0,0,0,0,0,1,-0.8251,-0.1136,0.0327,-0.0296,1.3,1.0
15,9,1,303.4962,550.0,3539.1422,3758.7614,-4609.3846,100.0,98.29,58.61,0.0,1.686,359.958,1,0,0,0,0,0,0,-0.9256,-0.1395,0.0516,-0.0074,0.7523,0.5
16,0,0,332.211,550.0,6085.8349,-2054.8027,-2576.9439,100.0,98.17,61.33,346.727,3.335,1.742,0,0,0,0,0,0,0,-0.939,-0.1545,0.0741,-0.0068,1.0,1.0
16,1,0,41.1735,550.0,5259.4112,2645.2522,3638.8838,100.0,98.08,61.19,351.418,359.774,358.59,0,0,0,0,0,0,0,-0.7303,-0.0899,0.0211,-0.0628,0.3831,1.0
16,2,0,122.0175,550.0,-3603.4049,3598.8595,4686.5685,100.0,98.08,61.19,352.549,357.473,4.455,0,0,0,0,0,0,0,-0.9211,-0.1223,0.0208,0.0142,1.0,1.0
16,3,0,190.7373,550.0,-6813.0173,-650.0692,-1029.78,100.0,98.08,61.32,349.765,1.605,358.21,0,0,0,0,0,0,0,-0.6854,-0.1216,0.0582,-0.0791,1.0,1.0
16,4,0,261.6321,550.0,-1083.2604,-4101.4821,-5468.5128,100.0,98.26,61.63,340.528,7.855,0.117,0,0,0,0,0,0,0,-0.6601,-0.2566,0.1426,-0.0782,1.0,1.0
16,5,1,10.5404,550.0,-635.9258,6817.1464,1011.1156,100.0,98.08,61.33,352.164,357.802,2.993,0,0,0,0,0,0,1,-0.6728,-0.1856,0.0883,-0.0705,1.0,1.0
16,6,1,81.7449,550.0,-4102.9168,1069.8009,5470.086,70.08,98.08,41.94,354.677,358.02,0.413,0,0,0,0,0,1,0,-0.6916,-0.0644,0.0511,-0.0978,0.2065,1.0
16,7,1,174.0938,550.0,-555.8792,-6875.154,568.7682,100.0,99.52,61.58,347.336,355.295,13.342,0,1,0,0,0,0,0,-1.0,-0.1797,0.0155,0.1132,0.3589,0.5
16,8,1,232.0373,550.0,3204.5367,-4317.4668,-4357.8281,100.0,98.08,61.31,351.921,357.285,4.746,0,0,0,0,0,0,0,-0.6223,-0.1998,0.1256,-0.1164,1.0,1.0
16,9,1,301.4952,550.0,3617.8487,3549.3938,-4713.0897,100.0,98.17,61.02,0.0,2.043,359.92,1,0,0,0,0,0,0,-0.9173,-0.1393,0.0516,-0.0116,0.7523,0.5
17,0,0,330.21,550.0,5964.5681,-2187.0077,-2746.1184,100.0,98.05,63.75,345.21,3.85,1.896,0,0,0,0,0,0,0,-0.9302,-0.1547,0.0741,-0.0111,1.0,1.0
17,1,0,39.1724,550.0,5416.1749,2524.9782,3491.386,100.0,97.96,63.61,350.475,359.849,358.296,0,0,0,0,0,0,0,-0.7187,-0.0893,0.021,-0.0675,0.3831,1.0
17,2,0,120.0164,550.0,-3390.6629,3673.893,4786.0377,100.0,97.96,63.61,351.616,357.35,4.814,0,0,0,0,0,0,0,-0.9283,-0.126,0.0231,0.0141,1.0,1.0
17,3,0,188.7362,550.0,-6851.8161,-498.0487,-839.5262,100.0,97.96,63.74,348.571,1.964,357.795,0,0,0,0,0,0,0,-0.6803,-0.1208,0.0568,-0.0803,1.0,1.0
17,4,0,259.6311,550.0,-1325.9722,-4071.8654,-5437.0903,100.0,98.14,64.05,338.272,8.898,359.923,0,0,0,0,0,0,0,-0.9285,-0.1502,0.0586,-0.0016,1.0,1.0
17,5,1,8.5394,550.0,-483.8329,6855.1087,820.7507,100.0,97.96,63.76,350.994,357.913,3.045,0,0,0,0,0,0,1,-0.6613,-0.1868,0.0882,-0.0743,1.0,1.0
17,6,1,79.7439,550.0,-4073.5967,1312.5969,5439.0385,68.19,97.96,43.16,354.067,357.998,0.199,0,0,0,0,0,1,0,-0.6766,-0.0649,0.0571,-0.1074,0.203,1.0
17,7,1,172.0928,550.0,-707.6287,-6842.6095,760.3928,100.0,99.49,64.01,345.777,354.902,14.874,0,1,0,0,0,0,0,-1.0,-0.1748,0.0147,0.1022,0.3589,0.5
17,8,1,230.0362,550.0,3104.3964,-4507.2729,-4236.4438,100.0,97.96,63.72,350.907,357.226,4.938,0,0,0,0,0,0,0,-0.847,-0.1173,0.0387,-0.0272,1.0,1.0
17,9,1,299.4941,550.0,3691.6582,3335.5257,-4811.0465,100.0,98.05,63.43,0.0,2.425,359.874,1,0,0,0,0,0,0,-0.9088,-0.1391,0.0515,-0.0159,0.7523,0.5
18,0,0,328.2089,550.0,5835.7322,-2316.2591,-2911.9435,100.0,97.93,66.18,343.616,4.402,2.042,0,0,0,0,0,0,0,-0.9212,-0.1549,0.0742,-0.0154,1.0,1.0
18,1,0,37.1713,550.0,5566.0578,2401.2734,3339.6299,100.0,97.84,66.03,349.488,359.934,357.966,0,0,0,0,0,0,0,-0.7068,-0.0887,0.0209,-0.0722,0.3831,1.0
18,2,0,118.0154,550.0,-3173.6222,3743.9536,4879.6695,100.0,97.84,66.03,350.618,357.24,5.18,0,0,0,0,0,0,0,-0.9351,-0.1297,0.0253,0.0139,1.0,1.0
18,3,0,186.7352,550.0,-6881.915,-345.3417,-648.2484,100.0,97.84,66.17,347.316,2.351,357.339,0,0,0,0,0,0,0,-0.675,-0.1201,0.0555,-0.0816,1.0,1.0
18,4,0,257.63,550.0,-1566.9936,-4036.7285,-5399.0365,100.0,98.02,66.47,335.949,9.961,359.735,0,0,0,0,0,0,0,-0.9442,-0.1334,0.0383,0.012,1.0,1.0
18,5,1,6.5383,550.0,-331.0728,6884.3668,629.3848,100.0,97.84,66.2,349.731,358.069,3.058,0,0,0,0,0,0,1,-0.6496,-0.188,0.088,-0.0782,1.0,1.0
18,6,1,77.7428,550.0,-4038.7541,1553.7195,5401.3574,66.3,97.84,44.39,353.424,358.006,359.926,0,0,0,0,0,1,0,-0.6603,-0.0658,0.0629,-0.1167,0.203,1.0
18,7,1,170.0917,550.0,-858.4377,-6801.3775,951.0991,100.0,99.46,66.44,344.134,354.516,16.451,0,1,0,0,0,0,0,-1.0,-0.1697,0.0125,0.0901,0.3589,0.5
18,8,1,228.0351,550.0,3000.0416,-4691.3512,-4109.8924,100.0,97.84,66.14,349.834,357.188,5.118,0,0,0,0,0,0,0,-0.8598,-0.1189,0.0413,-0.0252,1.0,1.0
18,9,1,297.493,550.0,3760.4706,3117.4289,-4903.1356,100.0,97.93,65.83,0.0,2.833,359.818,1,0,0,0,0,0,0,-0.9002,-0.1389,0.0514,-0.0203,0.7523,0.5
19,0,0,326.2078,550.0,5699.4912,-2442.3821,-3074.2171,100.0,97.81,68.6,341.944,4.992,2.179,0,0,0,0,0,0,0,-0.9122,-0.1552,0.0741,-0.0197,1.0,1.0
19,1,0,35.1702,550.0,5708.8697,2274.3047,3183.8006,100.0,97.72,68.44,348.457,0.03,357.598,0,0,0,0,0,0,0,-0.6948,-0.0881,0.0208,-0.0769,0.3831,1.0
19,2,0,116.0143,550.0,-2952.559,3808.9463,4967.3499,100.0,97.72,68.44,349.555,357.142,5.55,0,0,0,0,0,0,0,-0.9259,-0.1297,0.0253,0.0097,1.0,1.0
19,3,0,184.7341,550.0,-6903.2759,-192.1545,-456.18,100.0,97.72,68.6,346.001,2.765,356.841,0,0,0,0,0,0,0,-0.663,-0.1199,0.0552,-0.0864,1.0,1.0
19,4,0,255.6289,550.0,-1806.0184,-3996.1186,-5354.3977,100.0,97.9,68.89,333.56,11.042,359.55,0,0,0,0,0,0,0,-0.9354,-0.1333,0.0383,0.0075,1.0,1.0
19,5,1,4.5372,550.0,-177.8519,6904.8839,437.2513,100.0,97.72,68.63,348.373,358.268,3.03,0,0,0,0,0,0,1,-0.6378,-0.1892,0.0879,-0.0821,1.0,1.0
19,6,1,75.7417,550.0,-3998.4358,1792.8623,5357.0885,64.42,97.72,45.61,352.758,358.034,359.601,0,0,0,0,0,1,0,-0.6692,-0.0446,0.0392,-0.1022,0.203,1.0
19,7,1,168.0907,550.0,-1008.0955,-6751.5119,1140.6454,100.0,99.43,68.86,342.406,354.135,18.071,0,1,0,0,0,0,0,-1.0,-0.1697,0.0125,0.0867,0.3589,0.5
19,8,1,226.034,550.0,2891.613,-4869.468,-3978.3285,100.0,97.72,68.56,348.702,357.171,5.283,0,0,0,0,0,0,0,-0.8509,-0.1184,0.0412,-0.0296,1.0,1.0
19,9,1,295.492,550.0,3824.1927,2895.3809,-4989.2445,100.0,97.81,68.24,0.0,3.267,359.749,1,0,0,0,0,0,0,-0.8915,-0.1387,0.0512,-0.0246,0.7523,0.5
20,0,0,324.2068,550.0,5556.0187,-2565.206,-3232.7412,100.0,97.69,71.03,340.195,5.618,2.303,0,0,0,0,0,0,0,-0.9029,-0.1554,0.0741,-0.0241,1.0,1.0
20,1,0,33.1692,550.0,5844.4292,2144.2433,3024.0882,100.0,97.6,70.87,347.376,0.141,357.191,0,0,0,0,0,0,0,-0.6689,-0.0986,0.0309,-0.0784,0.3831,1.0
20,2,0,114.0132,550.0,-2727.7542,3868.783,5048.9718,100.0,97.6,70.86,348.428,357.057,5.923,0,0,0,0,0,0,0,-0.9166,-0.1298,0.0253,0.0055,1.0,1.0
20,3,0,182.733,550.0,-6915.8718,-38.6939,-263.5552,100.0,97.6,71.02,344.627,3.208,356.296,0,0,0,0,0,0,0,-0.6509,-0.1197,0.055,-0.0912,1.0,1.0
20,4,0,253.6279,550.0,-2042.7427,-3950.09,-5303.2285,100.0,97.78,71.31,331.104,12.143,359.367,0,0,0,0,0,0,0,-0.9266,-0.1331,0.0384,0.003,1.0,1.0
20,5,1,2.5362,550.0,-24.377,6916.634,244.5844,100.0,97.6,71.07,346.92,358.511,2.959,0,0,0,0,0,0,1,-0.6258,-0.1904,0.0877,-0.086,1.0,1.0
20,6,1,73.7407,550.0,-3952.6957,2029.7214,5306.2858,65.49,97.6,48.03,352.071,358.082,359.224,0,0,0,0,0,0,0,-0.66,-0.0429,0.0393,-0.1062,0.203,1.0
20,7,1,166.0896,550.0,-1156.3999,-6693.0763,1328.8005,100.0,99.4,71.29,340.594,353.761,19.733,0,1,0,0,0,0,0,-1.0,-0.1696,0.0125,0.0831,0.3589,0.5
20,8,1,224.033,550.0,2779.2567,-5041.3969,-3841.9123,100.0,97.6,70.98,347.511,357.174,5.431,0,0,0,0,0,0,0,-0.8419,-0.1179,0.041,-0.0341,1.0,1.0
20,9,1,293.4909,550.0,3882.7379,2669.664,-5069.2683,100.0,97.69,70.65,0.0,3.726,359.666,1,0,0,0,0,0,0,-0.8826,-0.1384,0.0511,-0.029,0.7523,0.5
21,0,0,322.2057,550.0,5405.4971,-2684.5648,-3387.3225,100.0,97.57,73.45,338.371,6.281,2.413,0,0,0,0,0,0,0,-0.897,-0.1492,0.073,-0.0303,1.0,1.0
21,1,0,31.1681,550.0,5972.5642,2011.2646,2860.6874,100.0,97.48,73.29,346.25,0.267,356.74,0,0,0,0,0,0,0,-0.6595,-0.0905,0.0293,-0.0857,0.3831,1.0
21,2,0,112.0122,550.0,-2499.4939,3923.3824,5124.4358,100.0,97.48,73.27,347.238,356.984,6.296,0,0,0,0,0,0,0,-0.91,-0.1236,0.0238,-0.0008,1.0,1.0
21,3,0,180.7319,550.0,-6919.687,114.8328,-70.609,100.0,97.48,73.45,343.197,3.676,355.703,0,0,0,0,0,0,0,-0.6417,-0.1113,0.0536,-0.0985,1.0,1.0
21,4,0,251.6268,550.0,-2276.8656,-3898.7046,-5245.5911,100.0,97.66,73.72,328.585,13.263,359.183,0,0,0,0,0,0,0,-0.9188,-0.1274,0.037,-0.0034,1.0,1.0
21,5,1,0.5351,550.0,129.1447,6919.6025,51.6193,100.0,97.48,73.5,345.376,358.797,2.84,0,0,0,0,0,0,1,-0.6232,-0.1816,0.0865,-0.0939,1.0,1.0
21,6,1,71.7396,550.0,-3901.5952,2263.9956,5249.0113,66.57,97.48,50.44,351.345,358.13,358.835,0,0,0,0,0,0,0,-0.9232,-0.0777,-0.0,-0.0233,0.203,1.0
21,7,1,164.0885,550.0,-1303.1504,-6626.1452,1515.3349,100.0,99.37,73.71,338.698,353.392,21.434,0,1,0,0,0,0,0,-1.0,-0.1648,0.011,0.0776,0.3589,0.5
21,8,1,222.0319,550.0,2663.1243,-5206.9196,-3700.8104,100.0,97.48,73.4,346.264,357.197,5.559,0,0,0,0,0,0,0,-0.8326,-0.1115,0.0392,-0.0408,1.0,1.0
21,9,1,291.4898,550.0,3936.0269,2440.5654,-5143.1094,100.0,97.57,73.06,0.0,4.21,359.566,1,0,0,0,0,0,0,-0.875,-0.1324,0.0496,-0.0354,0.7523,0.5
22,0,0,320.2046,550.0,5248.1182,-2800.2969,-3537.7725,100.0,97.45,75.88,336.471,6.981,2.505,0,0,0,0,0,0,0,-0.8873,-0.1499,0.073,-0.0346,1.0,1.0
22,1,0,29.167,550.0,6093.1121,1875.548,2693.7977,100.0,97.36,75.71,345.079,0.407,356.245,0,0,0,0,0,0,0,-0.6466,-0.0908,0.0293,-0.0902,0.3831,1.0
22,2,0,110.0111,550.0,-2268.0682,3972.6704,5193.6497,98.13,97.36,74.49,345.987,356.923,6.666,0,0,0,0,0,1,0,-0.9002,-0.1243,0.0239,-0.005,1.0,1.0
22,3,0,178.7309,550.0,-6914.7171,268.2182,122.4234,100.0,97.36,75.88,341.71,4.172,355.057,0,0,0,0,0,0,0,-0.6292,-0.1117,0.0535,-0.1031,1.0,1.0
22,4,0,249.6257,550.0,-2508.0897,-3842.0312,-5181.556,100.0,97.54,76.14,326.002,14.401,358.994,0,0,0,0,0,0,0,-0.9097,-0.1277,0.0372,-0.0079,1.0,1.0
22,5,1,358.534,550.0,282.5057,6913.7859,-141.4088,100.0,97.36,75.94,343.74,359.127,2.674,0,0,0,0,0,0,1,-0.6102,-0.1839,0.0865,-0.0975,1.0,1.0
22,6,1,69.7385,550.0,-3845.2029,2495.3873,5185.3349,67.65,97.36,52.85,350.58,358.178,358.433,0,0,0,0,0,0,0,-0.917,-0.0775,-0.0001,-0.026,0.203,1.0
22,7,1,162.0875,550.0,-1448.1488,-6550.8041,1700.0211,100.0,99.34,76.14,336.721,353.029,23.172,0,1,0,0,0,0,0,-1.0,-0.1651,0.0111,0.0742,0.3589,0.5
22,8,1,220.0308,550.0,2543.3722,-5365.826,-3555.1948,100.0,97.36,75.82,344.961,357.239,5.664,0,0,0,0,0,0,0,-0.8233,-0.1114,0.0392,-0.0451,1.0,1.0
22,9,1,289.4887,550.0,3983.9872,2208.3762,-5210.6776,100.0,97.45,75.47,0.0,4.719,359.445,1,0,0,0,0,0,0,-0.8658,-0.1326,0.0496,-0.0397,0.7523,0.5
23,0,0,318.2035,550.0,5084.0821,-2912.2457,-3683.9076,100.0,97.33,78.3,334.497,7.717,2.577,0,0,0,0,0,0,0,-0.8773,-0.1507,0.073,-0.039,1.0,1.0
23,1,0,27.166,550.0,6205.9198,1737.2766,2523.6224,100.0,97.24,78.13,343.862,0.562,355.702,0,0,0,0,0,0,0,-0.6334,-0.091,0.0292,-0.0947,0.3831,1.0
23,2,0,108.01,550.0,-2033.7717,4016.5799,5256.5293,96.23,97.33,75.72,344.674,356.896,6.979,0,0,0,0,0,1,0,-0.5657,-0.1216,0.0688,-0.1155,1.0,1.0
23,3,0,176.7298,550.0,-6900.9685,421.2553,315.3064,100.0,97.24,78.3,340.168,4.694,354.358,0,0,0,0,0,0,0,-0.6161,-0.1121,0.0534,-0.1079,1.0,1.0
23,4,0,247.6247,550.0,-2736.1211,-3780.146,-5111.2013,100.0,97.42,78.56,323.354,15.557,358.799,0,0,0,0,0,0,0,-0.9003,-0.128,0.0373,-0.0125,1.0,1.0
23,5,1,356.5329,550.0,435.499,6899.1919,-334.2645,100.0,97.33,78.39,341.998,359.531,2.432,0,0,0,0,0,0,1,-0.5797,-0.2118,0.1486,-0.1498,1.0,1.0
23,6,1,67.7375,550.0,-3783.5945,2723.6024,5115.3342,68.72,97.24,55.26,349.777,358.225,358.017,0,0,0,0,0,0,0,-0.9108,-0.0772,-0.0003,-0.0287,0.153,1.0
23,7,1,160.0864,550.0,-1591.1991,-6467.149,1882.6339,100.0,99.31,78.56,334.66,352.672,24.945,0,1,0,0,0,0,0,-0.9954,-0.1654,0.0112,0.0706,0.3589,0.5
23,8,1,218.0298,550.0,2420.1619,-5517.9141,-3405.2431,100.0,97.24,78.24,343.603,357.301,5.744,0,0,0,0,0,0,0,-0.814,-0.1113,0.0391,-0.0495,1.0,1.0
23,9,1,287.4877,550.0,4026.5535,1973.392,-5271.8907,100.0,97.33,77.88,0.0,5.253,359.303,1,0,0,0,0,0,0,-0.8566,-0.1328,0.0495,-0.0441,0.7523,0.5
24,0,0,316.2025,550.0,4913.5977,-3020.2598,-3825.5496,100.0,97.21,80.73,332.447,8.489,2.628,0,0,0,0,0,0,0,-0.8672,-0.1515,0.073,-0.0434,1.0,1.0
24,1,0,25.1649,550.0,6310.8443,1596.6369,2350.3692,100.0,97.12,80.55,342.6,0.732,355.11,0,0,0,0,0,0,0,-0.62,-0.0912,0.0292,-0.0991,0.3831,1.0
24,2,0,106.009,550.0,-1796.902,4055.0512,5312.9977,94.33,97.3,76.95,343.301,356.904,7.232,0,0,0,0,0,1,0,-0.5553,-0.1217,0.0691,-0.1195,1.0,1.0
24,3,0,174.7287,550.0,-6878.4592,573.7372,507.8049,100.0,97.12,80.73,338.57,5.244,353.603,0,0,0,0,0,0,0,-0.6029,-0.1126,0.0534,-0.1126,1.0,1.0
24,4,0,245.6236,550.0,-2960.6699,-3713.1322,-5034.6126,100.0,97.3,80.98,320.643,16.733,358.596,0,0,0,0,0,0,0,-0.8908,-0.1284,0.0374,-0.0171,1.0,1.0
24,5,1,354.5319,550.0,587.9178,6875.8394,-526.7124,100.0,97.3,80.84,340.149,0.009,2.113,0,0,0,0,0,0,0,-0.5677,-0.2138,0.1484,-0.1533,1.0,1.0
24,6,1,65.7364,550.0,-3716.8528,2948.3508,5039.0945,69.8,97.12,57.67,348.935,358.272,357.585,0,0,0,0,0,0,0,-0.9045,-0.0768,-0.0005,-0.0314,0.153,1.0
24,7,1,158.0853,550.0,-1732.1079,-6375.2865,2062.9506,100.0,99.28,80.99,332.517,352.32,26.752,0,1,0,0,0,0,0,-0.9879,-0.1656,0.0113,0.067,0.3589,0.5
24,8,1,216.0287,550.0,2293.6595,-5662.991,-3251.1383,100.0,97.12,80.66,342.189,357.382,5.797,0,0,0,0,0,0,0,-0.8046,-0.1113,0.0391,-0.0539,1.0,1.0
24,9,1,285.4866,550.0,4063.668,1735.9113,-5326.674,100.0,97.21,80.29,0.0,5.811,359.136,1,0,0,0,0,0,0,-0.8472,-0.1331,0.0494,-0.0484,0.7523,0.5
25,0,0,314.2014,550.0,4736.8819,-3124.1927,-3962.5259,100.0,97.09,83.16,330.318,9.299,2.656,0,0,0,0,0,0,0,-0.8541,-0.1568,0.0736,-0.0466,1.0,1.0
25,1,0,23.1638,550.0,6407.7525,1453.8186,2174.2494,100.0,97.0,82.97,341.289,0.916,354.467,0,0,0,0,0,0,0,-0.6037,-0.097,0.03,-0.1018,0.3831,1.0
25,2,0,104.0079,550.0,-1557.7606,4088.0317,5362.9861,92.42,97.27,78.18,341.865,356.946,7.423,0,0,0,0,0,1,0,-0.5414,-0.1269,0.0701,-0.123,1.0,1.0
25,3,0,172.7277,550.0,-6847.218,725.4579,699.6841,100.0,97.09,83.16,336.912,5.82,352.79,0,0,0,0,0,0,0,-0.5869,-0.1188,0.0541,-0.1157,1.0,1.0
25,4,0,243.6225,550.0,-3181.451,-3641.0796,-4951.8835,100.0,97.18,83.4,317.865,17.927,358.382,0,0,0,0,0,0,0,-0.88,-0.1326,0.0384,-0.0206,1.0,1.0
25,5,1,352.5308,550.0,739.5562,6843.7584,-718.518,100.0,97.18,83.27,338.233,0.523,1.76,0,0,0,0,0,0,0,-0.7824,-0.1345,0.0724,-0.0701,1.0,1.0
25,6,1,63.7353,550.0,-3645.0674,3169.3471,4956.709,70.88,97.0,60.08,348.054,358.32,357.137,0,0,0,0,0,0,0,-0.8986,-0.0794,0.0002,-0.0327,0.153,1.0
25,7,1,156.0842,550.0,-1870.6846,-6275.3338,2240.7512,100.0,99.25,83.41,330.289,351.974,28.591,0,1,0,0,0,0,0,-0.9799,-0.169,0.0124,0.0647,0.3589,0.5
25,8,1,214.0276,550.0,2164.0355,-5800.8724,-3093.0681,100.0,97.0,83.08,340.717,357.483,5.822,0,0,0,0,0,0,0,-0.7949,-0.1152,0.04,-0.0569,1.0,1.0
25,9,1,283.4855,550.0,4095.2799,1496.2364,-5374.9605,100.0,97.09,82.7,0.0,6.395,358.944,1,0,0,0,0,0,0,-0.8364,-0.1373,0.0501,-0.0515,0.7523,0.5
26,0,0,312.2003,550.0,4554.1596,-3223.9038,-4094.6692,100.0,96.97,85.59,328.111,10.145,2.658,0,0,0,1,0,0,0,-0.8438,-0.1571,0.0734,-0.0512,-9.0,0.1
26,1,0,21.1628,550.0,6496.5214,1309.0144,1995.4778,100.0,96.97,85.4,339.93,1.116,353.771,0,0,0,1,0,0,0,-0.5901,-0.0967,0.0299,-0.1064,-9.6169,0.1
26,2,0,102.0068,550.0,-1316.6515,4115.4765,5406.4335,90.52,97.24,79.42,340.365,357.024,7.551,0,0,0,0,0,1,0,-0.5315,-0.1263,0.0703,-0.1271,1.0,1.0
26,3,0,170.7266,550.0,-6807.285,876.2125,890.7098,100.0,97.06,85.59,335.195,6.423,351.916,0,0,0,1,0,0,0,-0.5735,-0.1186,0.0539,-0.1206,-9.0,0.1
26,4,0,241.6214,550.0,-3398.1837,-3564.0852,-4863.1148,100.0,97.06,85.82,315.021,19.141,358.156,0,0,0,1,0,0,0,-0.8703,-0.1325,0.0383,-0.0255,-9.0,0.1
26,5,1,350.5297,550.0,890.2094,6802.9901,-909.4472,100.0,97.06,85.7,336.25,1.073,1.369,0,0,0,1,0,0,0,-0.7728,-0.1341,0.0722,-0.0747,-9.0,0.1
26,6,1,61.7343,550.0,-3568.3347,3386.3104,4868.278,71.96,96.88,62.49,347.133,358.367,356.67,0,0,0,0,0,0,0,-0.892,-0.0786,-0.0001,-0.0357,0.153,1.0
26,7,1,154.0832,550.0,-2006.7418,-6167.4182,2415.8188,100.0,99.22,85.84,327.977,351.635,30.46,0,1,0,1,0,0,0,-0.9721,-0.1688,0.0123,0.0608,-9.6411,0.1
26,8,1,212.0266,550.0,2031.4647,-5931.3834,-2931.2255,100.0,96.88,85.5,339.188,357.605,5.816,0,0,0,1,0,0,0,-0.7852,-0.1146,0.0398,-0.0615,-9.0,0.1
26,9,1,281.4845,550.0,4121.346,1254.6718,-5416.6915,100.0,96.97,85.11,0.0,7.003,358.723,1,0,0,1,0,0,0,-0.8267,-0.137,0.0499,-0.0561,-9.2477,0.1
27,0,0,310.1993,550.0,4365.6634,-3319.2579,-4221.8185,100.0,96.97,86.02,325.826,11.028,2.632,0,0,0,1,0,0,0,-0.8334,-0.1575,0.0733,-0.0559,0.9,0.1
27,1,0,19.1823,550.0,6576.2647,1163.8615,1816.1527,100.0,96.97,85.82,338.523,1.33,353.019,0,0,0,1,0,0,0,-0.5764,-0.0963,0.0297,-0.111,0.2835,0.1
27,2,0,100.0058,550.0,-1073.8812,4137.3478,5443.287,88.61,97.21,80.65,338.802,357.138,7.613,0,0,0,0,0,1,0,-0.5215,-0.1256,0.0705,-0.1312,1.0,1.0
27,3,0,168.7392,550.0,-6759.0634,1024.8354,1079.3587,100.0,97.06,86.02,333.419,7.053,350.98,0,0,0,1,0,0,0,-0.56,-0.1184,0.0537,-0.1254,0.9,0.1
27,4,0,239.6204,550.0,-3610.5927,-3482.2523,-4768.4149,100.0,97.06,86.24,312.111,20.374,357.914,0,0,0,1,0,0,0,-0.8604,-0.1323,0.0383,-0.0304,0.9,0.1
27,5,1,348.5309,550.0,1039.5158,6753.6453,-1099.0553,100.0,97.06,86.13,334.2,1.66,0.938,0,0,0,1,0,0,0,-0.7631,-0.1337,0.072,-0.0794,0.9,0.1
27,6,1,59.7332,550.0,-3486.7579,3598.9651,4773.9094,73.03,96.76,64.9,346.174,358.414,356.185,0,0,0,0,0,0,0,-0.8854,-0.0778,-0.0005,-0.0388,0.153,1.0
27,7,1,152.1054,550.0,-2138.6408,-6053.0405,2585.9539,100.0,99.22,86.26,325.581,351.301,32.358,0,1,0,1,0,0,0,-0.9641,-0.1686,0.0123,0.0569,0.2584,0.1
27,8,1,210.0255,550.0,1896.1259,-6054.3583,-2765.8079,100.0,96.88,85.92,337.602,357.746,5.777,0,0,0,1,0,0,0,-0.7753,-0.114,0.0395,-0.0662,0.9,0.1
27,9,1,279.4834,550.0,4141.8306,1011.5248,-5451.816,100.0,96.97,85.52,0.0,7.636,358.472,1,0,0,1,0,0,0,-0.8169,-0.1368,0.0496,-0.0608,0.6524,0.1
28,0,0,308.1982,550.0,4171.6331,-3410.1258,-4343.8186,100.0,96.97,86.44,323.461,11.946,2.577,0,0,0,1,0,0,0,-0.8295,-0.1571,0.0725,-0.0573,0.9,0.1
28,1,0,17.2214,550.0,6647.1702,1018.5207,1636.4549,100.0,96.97,86.24,337.066,1.559,352.212,0,0,0,1,0,0,0,-0.5792,-0.0982,0.0293,-0.1097,0.2843,0.1
28,2,0,98.0047,550.0,-829.7585,4153.6155,5473.5016,86.71,97.18,81.88,337.178,357.286,7.607,0,0,0,0,0,1,0,-0.5087,-0.123,0.0695,-0.1357,1.0,1.0
28,3,0,166.7666,550.0,-6702.8213,1171.0694,1265.316,100.0,97.06,86.45,331.583,7.709,349.981,0,0,0,1,0,0,0,-0.5605,-0.1195,0.0536,-0.1253,0.9,0.1
28,4,0,237.6193,550.0,-3818.4081,-3395.6912,-4667.8991,100.0,97.06,86.66,309.135,21.626,357.657,0,0,0,1,0,0,0,-0.8593,-0.132,0.0374,-0.0309,0.9,0.1
28,5,1,346.5331,550.0,1187.3621,6695.7789,-1287.2283,100.0,97.06,86.56,332.084,2.282,0.468,0,0,0,1,0,0,0,-0.7618,-0.1337,0.0717,-0.0803,0.9,0.1
28,6,1,57.7321,550.0,-3400.4467,3807.0409,4673.7183,74.11,96.64,67.32,345.176,358.46,355.678,0,0,0,0,0,0,0,-0.8764,-0.0763,-0.0019,-0.0418,0.1525,1.0
28,7,1,150.152,550.0,-2266.2331,-5932.6722,2750.9687,100.0,99.22,86.69,323.1,350.974,34.285,0,1,0,1,0,0,0,-0.9673,-0.1692,0.0126,0.0575,0.2575,0.1
28,8,1,208.0244,550.0,1758.2015,-6169.6412,-2597.0169,100.0,96.88,86.35,335.96,357.906,5.704,0,0,0,1,0,0,0,-0.7694,-0.113,0.0385,-0.068,0.9,0.1
28,9,1,277.4823,550.0,4156.7053,767.1046,-5480.2913,100.0,96.97,85.93,0.0,8.294,358.19,1,0,0,1,0,0,0,-0.8154,-0.1365,0.0491,-0.0613,0.6525,0.1
29,0,0,306.1971,550.0,3972.3157,-3496.3843,-4460.5208,100.0,96.97,86.87,321.018,12.901,2.493,0,0,0,1,0,0,0,-0.8258,-0.1567,0.0717,-0.0587,0.9,0.1
29,1,0,15.2788,550.0,6709.421,873.1404,1456.5494,100.0,96.97,86.67,335.56,1.803,351.351,0,0,0,1,0,0,0,-0.5816,-0.1,0.0289,-0.1084,0.2855,0.1
29,2,0,96.0036,550.0,-584.5938,4164.2571,5497.0405,84.8,97.15,83.11,335.494,357.468,7.531,0,0,0,0,0,1,0,-0.4954,-0.1203,0.0683,-0.1402,1.0,1.0
29,3,0,164.81,550.0,-6638.852,1314.6717,1448.283,100.0,97.06,86.88,329.686,8.393,348.92,0,0,0,1,0,0,0,-0.5611,-0.1208,0.0536,-0.1251,0.9,0.1
29,4,0,235.6182,550.0,-4021.366,-3304.518,-4561.6902,100.0,97.06,87.08,306.093,22.895,357.385,0,0,0,1,0,0,0,-0.8581,-0.1317,0.0366,-0.0313,0.9,0.1
29,5,1,344.5352,550.0,1333.6333,6629.4365,-1473.8505,100.0,97.06,86.99,329.9,2.94,359.956,0,0,0,1,0,0,0,-0.7602,-0.1337,0.0714,-0.0812,0.9,0.1
29,6,1,55.731,550.0,-3309.5171,4010.2737,4567.8269,75.18,96.52,69.73,344.141,358.505,355.149,0,0,0,0,0,0,0,-0.8678,-0.0747,-0.0034,-0.0447,0.1516,1.0
29,7,1,148.224,550.0,-2389.3921,-5806.7943,2910.7019,100.0,99.22,87.11,320.534,350.653,36.24,0,1,0,1,0,0,0,-0.9706,-0.17,0.013,0.0581,0.256,0.1
29,8,1,206.0234,550.0,1617.8775,-6277.0857,-2425.0585,100.0,96.88,86.77,334.262,358.085,5.596,0,0,0,1,0,0,0,-0.7631,-0.1119,0.0373,-0.0699,0.9,0.1
29,9,1,275.4813,550.0,4165.9496,521.722,-5502.0825,100.0,96.97,86.34,0.0,8.976,357.878,1,0,0,1,0,0,0,-0.814,-0.1363,0.0486,-0.0618,0.6527,0.1
30,0,0,304.1961,550.0,3767.9647,-3577.9163,-4571.7827,100.0,96.97,87.3,318.534,13.884,2.367,0,0,0,1,0,0,0,-0.8424,-0.0829,0.0557,-0.0842,0.9,0.1
30,1,0,13.3535,550.0,6763.1939,727.8572,1276.5863,100.0,96.97,87.08,334.047,2.05,350.422,0,0,0,1,0,0,0,-0.6034,-0.0121,0.0087,-0.1371,0.287,0.1
30,2,0,94.0025,550.0,-338.6988,4169.2575,5513.8749,82.91,97.12,84.34,333.796,357.676,7.378,0,0,0,0,0,1,0,-0.5198,-0.0265,0.0514,-0.1542,1.0,1.0
30,3,0,162.8706,550.0,-6567.4725,1455.4148,1627.9783,100.0,97.06,87.3,327.776,9.094,347.782,0,0,0,1,0,0,0,-0.5773,-0.0282,0.0351,-0.1523,0.9,0.1
30,4,0,233.6172,550.0,-4219.2086,-3208.8554,-4449.9175,100.0,97.06,87.49,303.018,24.174,357.084,0,0,0,1,0,0,0,-0.8555,-0.0652,0.0168,-0.0555,0.9,0.1
30,5,1,342.5359,550.0,1478.2123,6554.6549,-1658.8034,100.0,97.06,87.4,327.692,3.612,359.401,0,0,0,1,0,0,0,-0.7525,-0.0485,0.0287,-0.0885,0.9,0.1
30,6,1,53.73,550.0,-3214.0913,4208.4052,4456.3644,76.26,96.4,72.14,343.097,358.537,354.582,0,0,0,0,0,0,0,-0.8375,-0.0178,-0.0251,-0.077,0.1501,1.0
30,7,1,146.3225,550.0,-2508.0139,-5675.8939,3065.0181,100.0,99.22,87.52,317.911,350.331,38.212,0,1,0,1,0,0,0,-0.9686,-0.1141,-0.0041,0.0313,0.254,0.1
30,8,1,204.0223,550.0,1475.3431,-6376.5557,-2250.1423,100.0,96.88,87.18,332.543,358.271,5.439,0,0,0,1,0,0,0,-0.7369,-0.0404,0.0147,-0.0983,0.9,0.1
30,9,1,273.4802,550.0,4169.5502,275.6888,-5517.163,100.0,96.97,86.75,0.0,9.673,357.521,1,0,0,1,0,0,0,-0.8123,-0.0686,0.0299,-0.088,0.6528,0.1
31,0,0,302.195,550.0,3558.8402,-3654.6113,-4677.4687,100.0,96.97,87.72,316.008,14.894,2.199,0,0,0,1,0,0,0,-0.8391,-0.0834,0.0552,-0.0851,0.9,0.1
31,1,0,11.4442,550.0,6808.6586,582.797,1096.7027,100.0,96.97,87.5,332.528,2.303,349.424,0,0,0,1,0,0,0,-0.6081,-0.0144,0.0085,-0.136,0.2888,0.1
31,2,0,92.0015,550.0,-92.3861,4168.6093,5523.9843,81.03,97.09,85.56,332.087,357.909,7.146,0,0,0,1,0,1,0,-0.5038,-0.0244,0.0504,-0.1586,-9.0,0.1
31,3,0,160.9495,550.0,-6489.0213,1593.0869,1804.1391,100.0,97.06,87.72,325.85,9.813,346.568,0,0,0,1,0,0,0,-0.5808,-0.0305,0.0356,-0.1521,0.9,0.1
31,4,0,231.6161,550.0,-4411.6847,-3108.8322,-4332.7176,100.0,97.06,87.9,299.911,25.46,356.756,0,0,0,1,0,0,0,-0.8545,-0.0658,0.0161,-0.0555,0.9,0.1
31,5,1,340.5348,550.0,1620.9318,6471.4932,-1841.9004,100.0,97.06,87.82,325.46,4.299,358.801,0,0,0,1,0,0,0,-0.7506,-0.0492,0.0288,-0.0893,0.9,0.1
31,6,1,51.7289,550.0,-3114.2978,4401.1838,4339.4667,77.34,96.28,74.55,342.045,358.555,353.975,0,0,0,0,0,0,0,-0.8292,-0.0167,-0.0265,-0.0795,0.1481,1.0
31,7,1,144.4483,550.0,-2622.0157,-5540.4616,3213.8077,100.0,99.22,87.94,315.23,350.007,40.199,0,1,0,1,0,0,0,-0.9732,-0.1158,-0.0033,0.0321,0.2515,0.1
31,8,1,202.0212,550.0,1330.7907,-6467.9252,-2072.4818,100.0,96.88,87.6,330.805,358.464,5.232,0,0,0,1,0,0,0,-0.7296,-0.0399,0.0137,-0.0999,0.9,0.1
31,9,1,271.4791,550.0,4167.5016,29.318,-5525.5146,100.0,96.97,87.16,0.0,10.385,357.121,1,0,0,1,0,0,0,-0.8119,-0.0692,0.0297,-0.088,0.6528,0.1
32,0,0,300.1939,550.0,3345.2083,-3726.3649,-4777.4498,100.0,96.97,88.15,313.404,15.939,1.999,0,0,0,1,0,0,1,-0.8157,-0.156,0.0694,-0.0624,0.9,0.1
32,1,0,9.5499,550.0,6845.9768,438.0763,917.0231,100.0,96.97,87.92,330.956,2.568,348.374,0,0,0,1,0,0,0,-0.5864,-0.1049,0.0276,-0.1049,0.291,0.1
32,2,0,90.0434,550.0,148.843,4162.5036,5527.3548,80.22,97.09,84.79,330.321,358.175,6.836,0,0,0,0,0,1,0,-0.4521,-0.1118,0.0649,-0.1542,1.0,1.0
32,3,0,159.0478,550.0,-6403.8557,1727.4934,1976.522,100.0,97.06,88.15,323.862,10.559,345.293,0,0,0,1,0,0,0,-0.563,-0.1256,0.0538,-0.1245,0.9,0.1
32,4,0,229.615,550.0,-4598.5497,-3004.5828,-4210.2332,100.0,97.06,88.32,296.738,26.763,356.412,0,0,0,1,0,0,0,-0.8551,-0.1305,0.0337,-0.0325,0.9,0.1
32,5,1,338.5338,550.0,1761.4746,6380.1197,-2022.7509,100.0,97.06,88.24,323.169,5.011,358.167,0,0,0,1,0,0,0,-0.7728,-0.1159,0.0497,-0.0666,0.9,0.1
32,6,1,49.7278,550.0,-3010.2708,4588.3648,4217.2763,78.41,96.16,76.97,340.957,358.57,353.341,0,0,0,0,0,0,0,-0.8433,-0.07,-0.008,-0.0536,0.1456,1.0
32,7,1,142.6026,550.0,-2731.3367,-5400.9889,3356.9867,100.0,99.22,88.36,312.463,349.69,42.217,0,1,0,1,0,0,0,-0.9813,-0.1725,0.0146,0.0597,0.2484,0.1
32,8,1,200.0201,550.0,1184.4152,-6551.0783,-1892.2936,100.0,96.88,88.02,329.012,358.674,4.987,0,0,0,1,0,0,0,-0.7423,-0.1083,0.0337,-0.0762,0.9,0.1
32,9,1,269.4781,550.0,4159.8059,-217.0772,-5527.127,100.0,96.97,87.58,0.0,11.12,356.689,1,0,0,1,0,0,0,-0.8111,-0.1356,0.0472,-0.0629,0.6528,0.1
33,0,0,298.1929,550.0,3127.3408,-3793.0798,-4871.6041,100.0,96.97,88.6,310.66,17.064,1.734,0,0,0,1,0,0,1,-0.4946,-0.2817,0.1592,-0.1298,0.9,0.1
33,1,0,7.6694,550.0,6875.302,293.8025,737.6613,100.0,96.97,88.35,329.331,2.847,347.273,0,0,0,1,0,0,0,-0.5916,-0.1049,0.0255,-0.103,0.2925,0.1
33,2,0,88.0423,550.0,395.0589,4150.6813,5524.1302,78.32,97.06,86.03,328.499,358.472,6.452,0,0,0,1,0,1,0,-0.4596,-0.1137,0.0643,-0.1511,-9.0,0.1
33,3,0,157.1666,550.0,-6312.3502,1858.4573,2144.9038,100.0,97.06,88.58,321.81,11.331,343.954,0,0,0,1,0,0,0,-0.5577,-0.1265,0.0534,-0.1258,0.9,0.1
33,4,0,227.614,550.0,-4779.5664,-2896.2475,-4082.6139,100.0,97.06,88.76,293.505,28.099,355.99,0,0,0,1,0,0,0,-0.5122,-0.1202,0.0658,-0.1547,0.9,0.1
33,5,1,336.5327,550.0,1899.6507,6280.6509,-2201.1343,100.0,97.06,88.67,320.821,5.747,357.5,0,0,0,1,0,0,0,-0.7709,-0.1158,0.0494,-0.0676,0.9,0.1
33,6,1,47.7268,550.0,-2902.1502,4769.7103,4089.9424,79.46,96.04,79.39,339.837,358.598,352.634,0,0,0,0,0,0,0,-0.6209,-0.0669,0.027,-0.1462,0.1425,1.0
33,7,1,140.786,550.0,-2835.9366,-5257.9657,3494.4958,100.0,99.22,88.79,309.609,349.38,44.264,0,1,0,1,0,0,0,-0.9815,-0.1727,0.0147,0.0595,0.2447,0.1
33,8,1,198.0191,550.0,1036.4139,-6625.9097,-1709.7974,100.0,96.88,88.44,327.166,358.9,4.703,0,0,0,1,0,0,0,-0.7347,-0.1069,0.0325,-0.0784,0.9,0.1
33,9,1,267.477,550.0,4146.4728,-463.1837,-5521.9983,100.0,96.97,87.99,0.0,11.879,356.225,1,0,0,1,0,0,0,-0.8099,-0.1353,0.0467,-0.0634,0.6528,0.1
34,0,0,296.1918,550.0,2905.5148,-3854.6651,-4959.8167,100.0,96.97,89.06,307.775,18.268,1.404,0,0,0,1,0,0,1,-0.4939,-0.2809,0.1581,-0.1311,0.9,0.1
34,1,0,5.8015,550.0,6896.7782,150.0755,558.721,100.0,96.97,88.77,327.653,3.139,346.12,0,0,0,1,0,0,0,-0.5881,-0.1079,0.0268,-0.103,0.2952,0.1
34,2,0,86.0842,550.0,635.5927,4133.6513,5514.4528,77.51,97.06,85.26,326.623,358.801,5.987,0,0,0,1,0,1,0,-0.4361,-0.106,0.0615,-0.1584,0.9,0.1
34,3,0,155.3071,550.0,-6214.8936,1985.8192,2309.0822,100.0,97.06,89.01,319.693,12.131,342.553,0,0,0,1,0,0,0,-0.5649,-0.1295,0.0542,-0.1237,0.9,0.1
34,4,0,225.6129,550.0,-4954.5051,-2783.9721,-3950.0152,100.0,97.06,89.19,290.212,29.468,355.49,0,0,0,1,0,0,0,-0.5077,-0.1193,0.0648,-0.1563,0.9,0.1
34,5,1,334.5316,550.0,2035.2732,6173.2138,-2376.8331,100.0,97.06,89.09,318.415,6.508,356.798,0,0,0,1,0,0,0,-0.769,-0.1156,0.0491,-0.0685,0.9,0.1
34,6,1,45.7257,550.0,-2790.0815,4944.9903,3957.6201,80.51,95.92,81.81,338.682,358.639,351.853,0,0,0,0,0,0,0,-0.6182,-0.0673,0.0259,-0.1484,0.1388,1.0
34,7,1,138.9996,550.0,-2935.7954,-5111.8781,3626.2996,100.0,99.22,89.21,306.668,349.078,46.341,0,1,0,1,0,0,0,-0.9889,-0.1745,0.0161,0.0606,0.2404,0.1
34,8,1,196.018,550.0,886.9867,-6692.3249,-1525.2159,100.0,96.88,88.86,325.267,359.142,4.378,0,0,0,1,0,0,0,-0.7268,-0.1054,0.0312,-0.0807,0.9,0.1
34,9,1,265.4759,550.0,4127.5196,-708.6885,-5510.1346,100.0,96.97,88.4,0.0,12.661,355.729,1,0,0,1,0,0,0,-0.8087,-0.1351,0.0463,-0.0639,0.6528,0.1
35,0,0,294.1907,550.0,2680.0126,-3911.0369,-5041.9801,100.0,96.97,89.52,304.749,19.55,1.007,0,0,0,1,0,0,1,-0.4932,-0.2801,0.157,-0.1324,0.9,0.1
35,1,0,3.9452,550.0,6910.5402,6.9884,380.2975,100.0,96.97,89.19,325.92,3.443,344.916,0,0,0,1,0,0,0,-0.5929,-0.1076,0.0246,-0.1013,0.2972,0.1
35,2,0,84.1691,550.0,870.1993,4111.7706,5498.7577,76.71,97.06,84.49,324.694,359.16,5.446,0,0,0,0,0,1,0,-0.4431,-0.1079,0.0609,-0.1555,1.0,1.0
35,3,0,153.4701,550.0,-6111.8869,2109.4383,2468.8762,100.0,97.06,89.44,317.511,12.957,341.09,0,0,0,1,0,0,0,-0.5597,-0.1307,0.054,-0.1249,0.9,0.1
35,4,0,223.6118,550.0,-5123.1436,-2667.9076,-3812.5988,100.0,97.06,89.63,286.861,30.868,354.911,0,0,0,1,0,0,0,-0.5031,-0.1183,0.0639,-0.1579,0.9,0.1
35,5,1,332.5306,550.0,2168.1586,6057.9452,-2549.633,100.0,97.06,89.51,315.951,7.293,356.062,0,0,0,1,0,0,0,-0.7672,-0.1155,0.0488,-0.0695,0.9,0.1
35,6,1,43.7246,550.0,-2674.2155,5113.9822,3820.471,81.57,95.8,84.24,337.496,358.692,350.995,0,0,0,0,0,0,0,-0.6041,-0.064,0.024,-0.1527,0.1345,1.0
35,7,1,137.2442,550.0,-3030.9125,-4963.2057,3752.3859,100.0,99.22,89.64,303.64,348.785,48.449,0,1,0,1,0,0,0,-0.9892,-0.1748,0.0162,0.0603,0.2355,0.1
35,8,1,194.0169,550.0,736.3352,-6750.2396,-1338.7742,100.0,96.88,89.29,323.317,359.399,4.012,0,0,0,1,0,0,0,-0.7185,-0.1039,0.0298,-0.0831,0.9,0.1
35,9,1,263.4748,550.0,4102.9711,-953.2797,-5491.5505,100.0,96.97,88.81,0.0,13.466,355.202,1,0,0,1,0,0,0,-0.8074,-0.1349,0.0458,-0.0644,0.6528,0.1
36,0,0,292.1896,550.0,2451.1211,-3962.1185,-5117.9941,100.0,96.97,89.98,301.584,20.91,0.544,0,0,0,1,0,0,1,-0.4926,-0.2793,0.1559,-0.1337,0.9,0.1
36,1,0,2.0993,550.0,6916.713,-135.3717,202.4782,100.0,96.97,89.62,324.135,3.759,343.663,0,0,0,1,0,0,0,-0.5974,-0.1071,0.0225,-0.0998,0.2986,0.1
36,2,0,82.168,550.0,1114.0145,4083.4871,5475.7964,74.8,97.03,85.72,322.709,359.549,4.827,0,0,0,1,0,1,0,-0.4495,-0.1098,0.0604,-0.1527,-9.0,0.1
36,3,0,151.6568,550.0,-6003.7409,2229.1921,2624.1262,100.0,97.06,89.88,315.263,13.811,339.564,0,0,0,1,0,0,0,-0.5545,-0.1321,0.0538,-0.1261,0.9,0.1
36,4,0,221.6108,550.0,-5285.2678,-2548.2104,-3670.5325,100.0,97.06,90.06,283.45,32.3,354.252,0,0,0,1,0,0,0,-0.4982,-0.1173,0.0629,-0.1596,0.9,0.1
36,5,1,330.5295,550.0,2298.1271,5934.9923,-2719.3233,100.0,97.06,89.94,313.43,8.102,355.291,0,0,0,1,0,0,0,-0.7653,-0.1153,0.0485,-0.0705,0.9,0.1
36,6,1,41.7236,550.0,-2554.7083,5276.4715,3678.6622,82.62,95.77,86.66,336.279,358.756,350.059,0,0,0,1,0,0,0,-0.5899,-0.0606,0.0221,-0.1569,-9.8704,0.1
36,7,1,135.5205,550.0,-3121.3057,-4812.4201,3872.7645,100.0,99.22,90.06,300.524,348.499,50.586,0,1,0,1,0,0,0,-0.9896,-0.1752,0.0164,0.0599,0.2299,0.1
36,8,1,192.0159,550.0,584.6625,-6799.581,-1150.6996,100.0,96.88,89.71,321.315,359.67,3.603,0,0,0,1,0,0,0,-0.7099,-0.1023,0.0285,-0.0856,0.9,0.1
36,9,1,261.4738,550.0,4072.8596,-1196.6462,-5466.2687,100.0,96.97,89.22,0.0,14.294,354.641,1,0,0,1,0,0,0,-0.8062,-0.1346,0.0453,-0.0649,0.6528,0.1
37,0,0,290.1886,550.0,2219.1314,-4007.84,-5187.7659,100.0,96.97,90.43,298.28,22.347,0.013,0,0,0,1,0,0,1,-0.492,-0.2786,0.1549,-0.1349,0.9,0.1
37,1,0,0.2627,550.0,6915.4112,-276.9227,25.3441,100.0,96.97,90.04,322.293,4.087,342.359,0,0,0,1,0,0,0,-0.5885,-0.1116,0.0255,-0.1008,0.3047,0.1
37,2,0,80.2096,550.0,1351.3486,4050.4118,5446.858,74.0,97.03,84.96,320.676,359.966,4.128,0,0,0,0,0,1,0,-0.4162,-0.097,0.0558,-0.1626,1.0,1.0
37,3,0,149.8681,550.0,-5890.874,2344.9767,2774.6944,100.0,97.06,90.31,312.947,14.692,337.977,0,0,0,1,0,0,0,-0.5677,-0.1366,0.0554,-0.1222,0.9,0.1
37,4,0,219.6097,550.0,-5440.6722,-2425.0415,-3523.9893,100.0,97.06,90.49,279.982,33.763,353.513,0,0,0,1,0,0,0,-0.4931,-0.1162,0.062,-0.1613,0.9,0.1
37,5,1,328.5284,550.0,2425.0027,5804.5117,-2885.6969,100.0,97.06,90.36,310.851,8.936,354.483,0,0,0,1,0,0,0,-0.7636,-0.1152,0.0482,-0.0715,0.9,0.1
37,6,1,39.7538,550.0,-2433.5717,5429.9124,3534.6882,84.77,95.77,87.09,335.031,358.831,349.044,0,0,0,1,0,0,0,-0.5937,-0.0626,0.0211,-0.1582,0.0247,0.1
37,7,1,133.8293,550.0,-3207.0103,-4659.9827,3987.4663,100.0,99.22,90.49,297.32,348.223,52.754,0,1,0,1,0,0,0,-1.0,-0.178,0.0186,0.0615,0.2237,0.1
37,8,1,190.0155,550.0,432.225,-6840.2738,-961.2893,100.0,96.88,90.13,319.263,359.954,3.15,0,0,0,1,0,0,0,-0.701,-0.1006,0.0271,-0.0882,0.9,0.1
37,9,1,259.4727,550.0,4037.2252,-1438.4788,-5434.3199,100.0,96.97,89.63,0.0,15.144,354.048,1,0,0,1,0,0,0,-0.805,-0.1344,0.0449,-0.0654,0.6528,0.1
38,0,0,288.1875,550.0,1984.3387,-4048.1391,-5251.2104,100.0,96.97,90.89,294.837,23.862,359.414,0,0,0,1,0,0,1,-0.4915,-0.2779,0.1538,-0.1361,0.9,0.1
38,1,0,358.4343,550.0,6906.7396,-417.5868,-151.0289,100.0,96.97,90.46,320.397,4.427,341.005,0,0,0,1,0,0,0,-0.5889,-0.1097,0.0229,-0.1003,0.3112,0.1
38,2,0,78.2085,550.0,1592.0369,4011.2096,5410.7169,72.09,97.0,86.19,318.594,0.41,3.348,0,0,0,1,0,1,0,-0.4213,-0.099,0.0553,-0.1605,-9.0,0.1
38,3,0,148.1049,550.0,-5773.7095,2456.7065,2920.4646,100.0,97.06,90.74,310.562,15.601,336.328,0,0,0,1,0,0,0,-0.5624,-0.1383,0.0554,-0.1234,0.9,0.1
38,4,0,217.6086,550.0,-5589.1595,-2298.5667,-3373.1482,100.0,97.06,90.93,276.456,35.256,352.692,0,0,0,1,0,0,0,-0.4877,-0.1151,0.061,-0.1631,0.9,0.1
38,5,1,326.5274,550.0,2548.6136,5666.6698,-3048.551,100.0,97.06,90.78,308.214,9.793,353.64,0,0,0,1,0,0,0,-0.7627,-0.1148,0.0468,-0.0715,0.9,0.1
38,6,1,37.8144,550.0,-2311.0575,5574.4892,3388.8529,86.92,95.77,87.51,333.751,358.915,347.952,0,0,0,1,0,0,0,-0.6018,-0.063,0.0181,-0.155,0.0197,0.1
38,7,1,132.1714,550.0,-3288.0781,-4506.3432,4096.5417,100.0,99.22,90.92,294.026,347.957,54.953,0,1,0,1,0,0,0,-1.0,-0.1785,0.0189,0.0609,0.2169,0.1
38,8,1,188.0171,550.0,279.3163,-6872.2596,-770.8903,100.0,96.88,90.55,317.161,0.252,2.652,0,0,0,1,0,0,0,-0.6919,-0.0989,0.0257,-0.0907,0.9,0.1
38,9,1,257.4716,550.0,3996.1149,-1678.4702,-5395.7432,100.0,96.97,90.04,0.0,16.016,353.422,1,0,0,1,0,0,0,-0.8038,-0.1342,0.0444,-0.0658,0.6528,0.1
39,0,0,286.1864,550.0,1747.0416,-4082.9603,-5308.2503,100.0,96.97,91.34,291.274,25.442,358.748,0,0,0,1,0,0,1,-0.5604,-0.241,0.1318,-0.1347,0.9,0.1
39,1,0,356.6129,550.0,6890.7925,-557.2892,-326.5699,100.0,96.97,90.9,318.429,4.816,339.572,0,0,0,1,0,0,0,-0.5685,-0.1426,0.0993,-0.1567,0.3202,0.1
39,2,0,76.2497,550.0,1825.7686,3967.5202,5368.9471,71.29,97.0,85.42,316.459,0.887,2.486,0,0,0,1,0,1,0,-0.3678,-0.1053,0.0635,-0.166,0.9,0.1
39,3,0,146.3683,550.0,-5652.6738,2564.314,3061.3418,100.0,97.06,91.16,308.109,16.52,334.675,0,0,0,1,0,0,0,-0.9078,-0.1344,0.0212,-0.0083,0.9,0.1
39,4,0,215.6075,550.0,-5730.5413,-2168.9564,-3218.193,100.0,97.06,91.36,272.873,36.78,351.789,0,0,0,1,0,0,0,-0.4822,-0.114,0.06,-0.1649,0.9,0.1
39,5,1,324.5263,550.0,2668.7924,5521.6422,-3207.687,100.0,97.06,91.21,305.52,10.673,352.762,0,0,0,1,0,0,0,-0.7617,-0.1144,0.0453,-0.0715,0.9,0.1
39,6,1,35.9045,550.0,-2187.3994,5710.3947,3241.4375,89.08,95.77,87.93,332.439,359.006,346.784,0,0,0,1,0,0,0,-0.6213,-0.0668,0.0156,-0.1498,0.0147,0.1
39,7,1,130.5475,550.0,-3364.5763,-4351.9382,4200.0596,100.0,99.22,91.34,290.641,347.701,57.182,0,1,0,1,0,0,0,-1.0,-0.1806,0.0205,0.0616,0.2094,0.1
39,8,1,186.0217,550.0,126.2313,-6895.5114,-579.8526,100.0,96.88,90.97,315.006,0.566,2.108,0,0,0,1,0,0,0,-0.6744,-0.1065,0.0342,-0.0908,0.9,0.1
39,9,1,255.4706,550.0,3949.5837,-1916.3153,-5350.5855,100.0,96.97,90.45,0.0,16.91,352.763,1,0,0,1,0,0,0,-0.8026,-0.1339,0.0438,-0.0663,0.6528,0.1
40,0,0,284.1854,550.0,1507.5418,-4112.256,-5358.816,100.0,96.97,91.79,287.59,27.088,358.014,0,0,0,1,0,0,1,-0.5594,-0.2405,0.1309,-0.1357,0.9,0.1
40,1,0,354.7974,550.0,6867.654,-695.958,-501.211,100.0,96.97,91.34,316.391,5.254,338.062,0,0,0,1,0,0,0,-0.5698,-0.1404,0.0966,-0.1564,0.3274,0.1
40,2,0,74.3329,550.0,2052.4212,3919.712,5321.9983,73.42,97.0,85.85,314.27,1.395,1.541,0,0,0,1,0,0,0,-0.3722,-0.1074,0.063,-0.164,0.9,0.1
40,3,0,144.659,550.0,-5528.1942,2667.7498,3197.2521,100.0,97.06,91.57,305.589,17.45,333.018,0,0,0,1,0,0,0,-0.9119,-0.135,0.0201,-0.0075,0.9,0.1
40,4,0,213.6065,550.0,-5864.6383,-2036.3851,-3059.3127,100.0,97.06,91.8,269.234,38.333,350.802,0,0,0,1,0,0,0,-0.4763,-0.1128,0.059,-0.1668,0.9,0.1
40,5,1,322.5252,550.0,2785.3763,5369.6137,-3362.9107,100.0,97.06,91.63,302.77,11.574,351.847,0,0,0,1,0,0,0,-0.7608,-0.1141,0.0438,-0.0714,0.9,0.1
40,6,1,34.0231,550.0,-2062.8135,5837.8281,3092.7018,91.23,95.77,88.35,331.092,359.104,345.543,0,0,0,1,0,0,0,-0.6291,-0.067,0.0124,-0.1467,0.0095,0.1
40,7,1,128.9581,550.0,-3436.5862,-4197.1897,4298.106,100.0,99.22,91.77,287.166,347.455,59.442,0,1,0,1,0,0,0,-1.0,-0.1813,0.0209,0.061,0.2013,0.1
40,8,1,184.0308,550.0,-26.7351,-6910.0342,-388.5283,100.0,96.88,91.4,312.799,0.897,1.517,0,0,0,1,0,0,0,-0.6654,-0.1047,0.0328,-0.0933,0.9,0.1
40,9,1,253.4695,550.0,3897.6934,-2151.712,-5298.902,100.0,96.97,90.86,0.0,17.826,352.071,1,0,0,1,0,0,0,-0.8015,-0.1336,0.0433,-0.0667,0.6528,0.1
41,0,0,282.1843,550.0,1266.1441,-4135.9855,-5402.8459,100.0,96.97,92.25,283.777,28.819,357.173,0,0,0,1,0,0,1,-0.2475,-0.2576,0.1695,-0.2139,0.9,0.1
41,1,0,352.9867,550.0,6837.3978,-833.5227,-674.8868,100.0,96.97,91.78,314.284,5.739,336.473,0,0,0,1,0,0,0,-0.571,-0.1384,0.094,-0.1563,0.3327,0.1
41,2,0,72.4578,550.0,2271.91,3868.1423,5270.3075,75.58,97.0,86.27,312.02,1.91,0.567,0,0,0,1,0,0,0,-0.7509,-0.1233,0.015,-0.0591,0.9,0.1
41,3,0,142.978,550.0,-5400.6968,2766.9814,3328.142,100.0,97.06,91.99,303.001,18.389,331.358,0,0,0,1,0,0,0,-0.9159,-0.1359,0.0192,-0.0067,0.9,0.1
41,4,0,211.6054,550.0,-5991.2806,-1901.0314,-2896.7011,100.0,97.06,92.23,265.539,39.914,349.731,0,0,0,1,0,0,0,-0.4703,-0.1116,0.058,-0.1688,0.9,0.1
41,5,1,320.5242,550.0,2898.2073,5210.7781,-3514.0328,100.0,97.06,92.05,299.962,12.497,350.897,0,0,0,1,0,0,0,-0.7598,-0.1138,0.0423,-0.0714,0.9,0.1
41,6,1,32.1692,550.0,-1937.4989,5956.9934,2942.8844,93.39,95.77,88.78,329.712,359.207,344.231,0,0,0,1,0,0,0,-0.6369,-0.0672,0.0092,-0.1435,0.0042,0.1
41,7,1,127.4039,550.0,-3504.2021,-4042.5041,4390.7823,100.0,99.22,92.2,283.6,347.219,61.733,0,1,0,1,0,0,0,-1.0,-0.182,0.0212,0.0603,0.1925,0.1
41,8,1,182.0453,550.0,-179.2896,-6915.8645,-197.269,100.0,96.88,91.82,310.54,1.243,0.879,0,0,0,1,0,0,0,-0.6564,-0.1029,0.0314,-0.0957,0.9,0.1
41,9,1,251.4684,550.0,3840.5133,-2384.3611,-5240.7557,100.0,96.97,91.27,0.0,18.763,351.345,1,0,0,1,0,0,0,-0.8005,-0.1333,0.0427,-0.067,0.6528,0.1
42,0,0,280.1832,550.0,1023.1555,-4154.1161,-5440.2861,100.0,96.97,92.72,279.836,30.633,356.225,0,0,0,1,0,0,1,-0.2497,-0.2564,0.168,-0.2149,0.9,0.1
42,1,0,351.1798,550.0,6800.0879,-969.914,-847.5334,100.0,96.97,92.22,312.109,6.269,334.806,0,0,0,1,0,0,0,-0.572,-0.1363,0.0914,-0.1562,0.3361,0.1
42,2,0,70.624,550.0,2484.1843,3813.157,5214.2979,77.74,97.0,86.69,309.707,2.432,359.564,0,0,0,1,0,0,0,-0.7541,-0.1249,0.0135,-0.056,0.9,0.1
42,3,0,141.326,550.0,-5270.6044,2861.9933,3453.978,100.0,97.06,92.4,300.345,19.337,329.695,0,0,0,1,0,0,0,-0.9199,-0.1368,0.0182,-0.006,0.9,0.1
42,4,0,209.6043,550.0,-6110.3076,-1763.0776,-2730.5566,100.0,97.06,92.66,261.789,41.525,348.574,0,0,0,1,0,0,0,-0.464,-0.1103,0.057,-0.1709,0.9,0.1
42,5,1,318.5231,550.0,3007.1325,5045.3378,-3660.869,100.0,97.06,92.47,297.098,13.44,349.911,0,0,0,1,0,0,0,-0.7589,-0.1135,0.0408,-0.0712,0.9,0.1
42,6,1,30.342,550.0,-1811.6388,6068.097,2792.2043,95.54,95.77,89.2,328.298,359.312,342.848,0,0,0,1,0,0,0,-0.6446,-0.0674,0.0059,-0.1403,-0.0012,0.1
42,7,1,125.8856,550.0,-3567.5302,-3888.2713,4478.2045,100.0,99.22,92.62,279.942,347.011,64.01,0,1,0,1,0,0,0,-0.7958,-0.1846,0.0543,-0.0245,0.1832,0.1
42,8,1,180.0666,550.0,-331.1424,-6913.0705,-6.4241,100.0,96.88,92.24,308.231,1.605,0.191,0,0,0,1,0,0,0,-0.6474,-0.1011,0.03,-0.0982,0.9,0.1
42,9,1,249.4674,550.0,3778.1198,-2613.967,-5176.2176,100.0,96.97,91.69,0.0,19.721,350.585,1,0,0,1,0,0,0,-0.7995,-0.133,0.042,-0.0674,0.6528,0.1
43,0,0,278.1822,550.0,778.8849,-4166.6222,-5471.0912,100.0,96.97,93.18,275.768,32.531,355.168,0,0,0,1,0,0,1,-0.2518,-0.2553,0.1665,-0.2159,0.9,0.1
43,1,0,349.3755,550.0,6755.7782,-1105.0625,-1019.0874,100.0,96.97,92.66,309.866,6.844,333.061,0,0,0,1,0,0,0,-0.5728,-0.1342,0.0889,-0.1563,0.3376,0.1
43,2,0,68.8313,550.0,2689.2248,3755.0896,5154.3781,79.91,97.0,87.11,307.342,2.95,358.544,0,0,0,1,0,0,0,-0.787,-0.1042,-0.0086,-0.0352,0.9,0.1
43,3,0,139.704,550.0,-5138.3352,2952.7862,3574.7456,100.0,97.06,92.82,297.619,20.294,328.029,0,0,0,1,0,0,0,-0.9238,-0.1378,0.0173,-0.0053,0.695,0.1
43,4,0,207.6033,550.0,-6221.5686,-1622.7095,-2561.0817,100.0,97.06,93.1,257.984,43.163,347.331,0,0,0,1,0,0,0,-0.4574,-0.109,0.0561,-0.173,0.9,0.1
43,5,1,316.522,550.0,3112.004,4873.5034,-3803.2403,100.0,97.06,92.9,294.177,14.403,348.89,0,0,0,1,0,0,0,-0.7578,-0.1132,0.0393,-0.0711,0.9,0.1
43,6,1,28.5405,550.0,-1685.4013,6171.3462,2640.8614,97.7,95.77,89.62,326.851,359.419,341.397,0,0,0,1,0,0,0,-0.6523,-0.0675,0.0026,-0.1371,-0.0069,0.1
43,7,1,124.4036,550.0,-3626.6872,-3734.8641,4560.5012,100.0,99.22,93.05,276.19,346.831,66.276,0,1,0,1,0,0,0,-0.7922,-0.187,0.0552,-0.0248,0.1733,0.1
43,8,1,178.0958,550.0,-482.0084,-6901.7518,183.661,100.0,96.88,92.67,305.872,1.981,359.454,0,0,0,1,0,0,0,-0.6385,-0.0993,0.0287,-0.1006,0.9,0.1
43,9,1,247.4663,550.0,3710.5962,-2840.2381,-5105.3662,100.0,96.97,92.1,0.0,20.7,349.792,1,0,0,1,0,0,0,-0.7986,-0.1326,0.0413,-0.0677,0.6528,0.1
44,0,0,276.1811,550.0,533.6429,-4173.4861,-5495.2234,100.0,96.97,93.63,271.678,34.494,353.965,0,0,0,1,0,0,1,-0.3811,-0.042,0.1296,-0.2942,0.9,0.1
44,1,0,347.5728,550.0,6704.5131,-1238.8985,-1189.4852,100.0,96.97,93.09,307.632,7.443,331.213,0,0,0,1,0,0,0,-0.5731,0.0175,0.0488,-0.2057,0.3371,0.1
44,2,0,67.0792,550.0,2887.0411,3694.2602,5090.9406,82.08,97.0,87.52,304.986,3.443,357.486,0,0,0,1,0,0,0,-0.7533,0.0164,-0.0503,-0.0761,0.9,0.1
44,3,0,138.1125,550.0,-5004.3006,3039.3759,3690.4486,100.0,97.06,93.23,294.881,21.242,326.334,0,0,0,1,0,0,0,-0.9321,-0.0252,-0.0173,-0.0575,0.6745,0.1
44,4,0,205.6022,550.0,-6324.9225,-1480.1162,-2388.4832,100.0,97.06,93.53,254.207,44.81,345.982,0,0,0,1,0,0,0,-0.4085,0.0562,0.017,-0.2117,0.9,0.1
44,5,1,314.5209,550.0,3212.6796,4695.4939,-3940.9729,100.0,97.06,93.31,291.262,15.363,347.812,0,0,0,1,0,0,0,-0.6882,0.0123,-0.0043,-0.1136,0.699,0.1
44,6,1,26.7637,550.0,-1558.9396,6266.9482,2489.0376,99.85,95.77,90.05,325.431,359.507,339.852,0,0,0,1,0,0,0,-0.6386,0.0545,-0.0375,-0.1859,-0.0128,0.1
44,7,1,122.9585,550.0,-3681.7992,-3582.6374,4637.8125,100.0,99.22,93.47,272.407,346.657,68.494,0,1,0,1,0,0,0,-0.8121,-0.0626,0.0143,-0.095,0.1627,0.1
44,8,1,176.1343,550.0,-631.6088,-6882.0379,372.647,100.0,96.88,93.09,303.543,2.337,358.655,0,0,0,1,0,0,0,-0.549,0.0607,-0.039,-0.1221,0.9,0.1
44,9,1,245.4652,550.0,3638.0329,-3062.8869,-5028.2881,100.0,96.97,92.51,0.0,21.68,348.941,1,0,0,1,0,0,0,-0.7726,-0.0121,0.0035,-0.1155,0.6528,0.1
45,0,0,274.18,550.0,287.7415,-4174.6975,-5512.6534,100.0,96.97,94.09,267.462,36.538,352.653,0,0,0,1,0,0,1,-0.2545,-0.2534,0.164,-0.2177,0.9,0.1
45,1,0,345.7705,550.0,6646.328,-1371.351,-1358.6618,100.0,96.97,93.52,305.334,8.085,329.287,0,0,0,1,0,0,0,-0.5737,-0.1297,0.0839,-0.1568,0.3346,0.1
45,2,0,65.3674,550.0,3077.6687,3630.9755,5024.362,84.25,97.0,87.94,302.576,3.93,356.414,0,0,0,1,0,0,0,-0.7936,-0.1065,-0.0115,-0.0296,0.9,0.1
45,3,0,136.5525,550.0,-4868.904,3121.793,3801.1082,100.0,97.06,93.65,292.073,22.198,324.638,0,0,0,1,0,0,0,-0.9316,-0.1398,0.0152,-0.0044,0.6525,0.1
45,4,0,203.6011,550.0,-6420.2386,-1335.49,-2212.9717,100.0,97.06,93.96,250.377,46.484,344.544,0,0,0,1,0,0,0,-0.4431,-0.1064,0.0541,-0.1775,0.9,0.1
45,5,1,312.5199,550.0,3309.0226,4511.536,-4073.899,100.0,97.06,93.73,288.291,16.342,346.698,0,0,0,1,0,0,0,-0.7563,-0.1125,0.0369,-0.0715,0.6878,0.1
45,6,1,25.0107,550.0,-1432.3937,6355.108,2336.8979,100.0,95.77,90.47,323.977,359.592,338.243,0,0,0,1,0,0,1,-0.667,-0.0674,-0.0044,-0.131,-0.019,0.1
45,7,1,121.5507,550.0,-3733.0007,-3431.9282,4710.2883,100.0,99.22,93.89,268.528,346.513,70.699,0,1,0,1,0,0,0,-0.7835,-0.1924,0.0569,-0.0254,0.1517,0.1
45,8,1,174.183,550.0,-779.673,-6854.0882,560.2019,100.0,96.88,93.5,301.177,2.696,357.813,0,0,0,1,0,0,0,-0.6343,-0.0759,0.0045,-0.0869,0.9,0.1
45,9,1,243.4642,550.0,3560.527,-3281.6306,-4945.0773,100.0,96.97,92.92,0.0,22.68,348.056,1,0,0,1,0,0,0,-0.7973,-0.1318,0.0398,-0.0679,0.6528,0.1
46,0,0,272.179,550.0,41.4933,-4170.2537,-5523.3598,100.0,96.97,94.56,263.12,38.664,351.231,0,0,0,1,0,0,1,-0.256,-0.2525,0.1627,-0.2186,0.9,0.1
46,1,0,343.9676,550.0,6581.2491,-1502.3471,-1526.5501,100.0,96.97,93.96,302.972,8.767,327.282,0,0,0,1,0,0,0,-0.5739,-0.1273,0.0816,-0.1572,0.33,0.1
46,2,0,63.6954,550.0,3261.1664,3565.528,4955.0019,86.43,97.0,88.35,300.112,4.41,355.327,0,0,0,1,0,0,0,-0.7963,-0.1077,-0.0129,-0.027,0.9,0.1
46,3,0,135.0245,550.0,-4732.5394,3200.0817,3906.7619,100.0,97.06,94.06,289.195,23.161,322.939,0,0,0,1,0,0,0,-0.9354,-0.1409,0.0142,-0.0041,0.6288,0.1
46,4,0,201.6001,550.0,-6507.3963,-1189.0258,-2034.761,100.0,97.06,94.39,246.495,48.185,343.017,0,0,0,1,0,0,0,-0.4358,-0.105,0.0531,-0.1798,0.9,0.1
46,5,1,310.5188,550.0,3400.9022,4321.8641,-4201.8563,100.0,97.06,94.15,285.264,17.339,345.548,0,0,0,1,0,0,0,-0.7558,-0.112,0.0359,-0.0719,0.6754,0.1
46,6,1,23.2805,550.0,-1305.8904,6436.0277,2184.5911,100.0,95.77,90.92,322.414,359.743,336.55,0,0,0,1,0,0,1,-0.3052,-0.2183,0.1307,-0.1656,-0.0254,0.1
46,7,1,120.1808,550.0,-3780.433,-3283.0549,4778.0872,100.0,99.22,94.32,264.551,346.397,72.892,0,1,0,1,0,0,0,-0.7784,-0.1954,0.0579,-0.0256,0.14,0.1
46,8,1,172.2434,550.0,-925.9392,-6818.0904,746.0035,100.0,96.88,93.92,298.773,3.056,356.926,0,0,0,1,0,0,0,-0.6252,-0.0739,0.0032,-0.0892,0.9,0.1
46,9,1,241.4631,550.0,3478.1822,-3496.1914,-4855.8352,100.0,96.97,93.33,0.0,23.7,347.136,1,0,0,1,0,0,0,-0.7966,-0.1314,0.0389,-0.0681,0.6528,0.1
47,0,0,270.1779,550.0,-204.7887,-4160.1597,-5527.3297,100.0,96.97,95.02,258.651,40.871,349.7,0,0,0,1,0,0,1,-0.2572,-0.2516,0.1616,-0.2195,0.9,0.1
47,1,0,342.1631,550.0,6509.2944,-1631.8112,-1693.0801,100.0,96.97,94.39,300.547,9.488,325.198,0,0,0,1,0,0,0,-0.5739,-0.1249,0.0793,-0.1578,0.3234,0.1
47,2,0,62.0627,550.0,3437.6139,3498.1963,4883.2033,88.6,97.0,88.77,297.594,4.883,354.229,0,0,0,1,0,0,0,-0.7986,-0.1088,-0.0143,-0.0244,0.9,0.1
47,3,0,133.5292,550.0,-4595.5901,3274.2991,4007.4628,100.0,97.06,94.48,286.246,24.13,321.238,0,0,0,1,0,0,0,-0.9391,-0.142,0.0132,-0.0038,0.6035,0.1
47,4,0,199.599,550.0,-6586.2853,-1040.921,-1854.0687,100.0,97.06,94.83,242.561,49.911,341.398,0,0,0,1,0,0,0,-0.4284,-0.1036,0.052,-0.1822,0.9,0.1
47,5,1,308.5177,550.0,3488.1935,4126.7195,-4324.6888,100.0,97.06,94.58,282.181,18.354,344.362,0,0,0,1,0,0,0,-0.7553,-0.1114,0.035,-0.0725,0.6619,0.1
47,6,1,21.5721,550.0,-1179.5446,6509.9056,2032.2512,100.0,95.77,91.37,320.742,359.959,334.775,0,0,0,1,0,0,1,-0.3088,-0.2169,0.1286,-0.1654,-0.0322,0.1
47,7,1,118.8491,550.0,-3824.2436,-3136.3176,4841.3752,100.0,99.22,94.75,260.475,346.31,75.071,0,1,0,1,0,0,0,-0.7727,-0.1985,0.0589,-0.0258,0.1279,0.1
47,8,1,170.3164,550.0,-1070.1566,-6774.2593,929.7402,100.0,96.88,94.34,296.334,3.418,355.993,0,0,0,1,0,0,0,-0.6161,-0.0719,0.0019,-0.0915,0.9,0.1
47,9,1,239.462,550.0,3391.1088,-3706.2969,-4760.6707,100.0,96.97,93.74,0.0,24.739,346.183,1,0,0,1,0,0,1,-0.7959,-0.131,0.0381,-0.0683,0.6528,0.1
48,0,0,268.1768,550.0,-450.7913,-4144.4281,-5524.5582,100.0,96.97,95.48,254.058,43.158,348.058,0,0,0,1,0,0,1,-0.2583,-0.2508,0.1604,-0.2205,0.9,0.1
48,1,0,340.3558,550.0,6430.474,-1759.6646,-1858.1779,100.0,96.97,94.83,298.061,10.249,323.035,0,0,0,1,0,0,0,-0.5738,-0.1223,0.077,-0.1584,0.3147,0.1
48,2,0,60.469,550.0,3607.1092,3429.2445,4809.2917,90.77,97.0,89.18,295.021,5.349,353.12,0,0,0,1,0,0,0,-0.8003,-0.1101,-0.0156,-0.022,0.9,0.1
48,3,0,132.0673,550.0,-4458.4278,3344.5139,4103.2779,100.0,97.06,94.89,283.225,25.106,319.536,0,0,0,1,0,0,0,-0.9427,-0.1431,0.0121,-0.0037,0.5766,0.1
48,4,0,197.5979,550.0,-6656.806,-891.3752,-1671.1151,100.0,97.06,95.26,238.575,51.663,339.687,0,0,0,1,0,0,0,-0.4207,-0.1021,0.051,-0.1845,0.9,0.1
48,5,1,306.5167,550.0,3570.7777,3926.3509,-4442.2467,100.0,97.06,95.0,279.043,19.385,343.14,0,0,0,1,0,0,0,-0.7548,-0.1108,0.0342,-0.073,0.6472,0.1
48,6,1,19.8846,550.0,-1053.4599,6576.9348,1879.9978,100.0,95.77,91.82,318.963,0.237,332.917,0,0,0,1,0,0,1,-0.3126,-0.2153,0.1264,-0.1652,-0.0393,0.1
48,7,1,117.5561,550.0,-3864.5847,-2991.998,4900.3239,100.0,99.22,95.18,256.298,346.254,77.238,0,1,0,1,0,0,0,-0.7663,-0.2018,0.0599,-0.026,0.1152,0.1
48,8,1,168.4033,550.0,-1212.0858,-6722.8355,1111.1131,100.0,96.88,94.75,293.86,3.779,355.014,0,0,0,1,0,0,0,-0.6072,-0.0699,0.0007,-0.0937,0.9,0.1
48,9,1,237.4609,550.0,3299.4236,-3911.6803,-4659.6998,100.0,96.97,94.17,0.0,25.841,345.155,1,0,0,1,0,0,1,-0.5269,-0.2391,0.1257,-0.1497,0.6528,0.1
49,0,0,266.1757,550.0,-696.2018,-4123.0791,-5515.0487,100.0,96.97,95.94,249.339,45.525,346.306,0,0,0,1,0,0,1,-0.2588,-0.25,0.1599,-0.2217,0.691,0.1
49,1,0,338.5448,550.0,6344.7909,-1885.8247,-2021.7653,100.0,96.97,95.27,295.516,11.046,320.793,0,0,0,1,0,0,0,-0.5734,-0.1197,0.0749,-0.1592,0.3038,0.1
49,2,0,58.9137,550.0,3769.7668,3358.9226,4733.5756,92.94,97.0,89.6,292.392,5.806,352.0,0,0,0,1,0,0,0,-0.8016,-0.1113,-0.0169,-0.0196,0.9,0.1
49,3,0,130.6394,550.0,-4321.4115,3410.8058,4194.2875,100.0,97.06,95.31,280.132,26.087,317.831,0,0,0,1,0,0,0,-0.9462,-0.1443,0.011,-0.0037,0.5479,0.1
49,4,0,195.5969,550.0,-6718.8693,-740.5902,-1486.1233,100.0,97.06,95.69,234.54,53.44,337.882,0,0,0,1,0,0,0,-0.4128,-0.1006,0.05,-0.187,0.9,0.1
49,5,1,304.5156,550.0,3648.5425,3721.0134,-4554.3866,100.0,97.06,95.42,275.85,20.434,341.88,0,0,0,1,0,0,0,-0.7544,-0.1102,0.0334,-0.0736,0.6316,0.1
49,6,1,18.2169,550.0,-927.7297,6637.3029,1727.9378,100.0,95.77,92.27,317.071,0.583,330.98,0,0,0,1,0,0,1,-0.2987,-0.2263,0.135,-0.1597,-0.0468,0.1
49,7,1,116.3021,550.0,-3901.6122,-2850.3596,4955.1098,100.0,99.22,95.61,252.018,346.228,79.391,0,1,0,1,0,0,0,-0.7593,-0.2053,0.061,-0.026,0.102,0.1
49,8,1,166.5053,550.0,-1351.5005,-6664.0835,1289.8369,100.0,96.88,95.17,291.351,4.14,353.986,0,0,0,1,0,0,0,-0.5984,-0.0679,-0.0005,-0.0959,0.9,0.1
49,9,1,235.4599,550.0,3203.2494,-4112.0808,-4553.0458,100.0,96.97,94.6,0.0,27.005,344.052,1,0,0,1,0,0,1,-0.528,-0.2381,0.1246,-0.1501,0.6528,0.1
50,0,0,264.1747,550.0,-940.7084,-4096.1405,-5498.8128,100.0,96.97,96.41,244.496,47.971,344.442,0,0,0,1,0,0,0,-0.2592,-0.2492,0.1595,-0.223,0.6815,0.1
50,1,0,336.7289,550.0,6252.241,-2010.2045,-2183.7585,100.0,96.97,95.7,292.912,11.88,318.47,0,0,0,1,0,0,0,-0.5728,-0.1171,0.0727,-0.1601,0.2963,0.1
50,2,0,57.3964,550.0,3925.715,3287.4666,4656.3469,95.11,97.0,90.01,289.707,6.254,350.873,0,0,0,1,0,0,0,-0.8024,-0.1127,-0.0181,-0.0174,0.9,0.1
50,3,0,129.2461,550.0,-4184.8867,3473.2646,4280.5838,100.0,97.06,95.73,276.966,27.073,316.125,0,0,0,1,0,0,0,-0.9495,-0.1455,0.0098,-0.0038,0.5175,0.1
50,4,0,193.5958,550.0,-6772.3971,-588.7692,-1299.3189,100.0,97.06,96.13,230.455,55.242,335.983,0,0,0,1,0,0,0,-0.4047,-0.099,0.049,-0.1894,0.9,0.1
50,5,1,302.5145,550.0,3721.3819,3510.9684,-4660.9718,100.0,97.06,95.84,272.602,21.498,340.584,0,0,0,1,0,0,0,-0.754,-0.1096,0.0326,-0.0743,0.6149,0.1
50,6,1,16.5682,550.0,-802.4374,6691.191,1576.1656,100.0,95.77,92.72,315.066,0.996,328.962,0,0,0,1,0,0,1,-0.3027,-0.2245,0.1326,-0.1599,-0.0547,0.1
50,7,1,115.0875,550.0,-3935.4852,-2711.6479,5005.9129,100.0,99.22,96.04,247.633,346.233,81.532,0,1,0,1,0,0,0,-0.7516,-0.209,0.062,-0.026,0.0884,0.1
50,8,1,164.6235,550.0,-1488.1879,-6598.2901,1465.6416,100.0,96.88,95.59,288.81,4.501,352.91,0,0,0,1,0,0,0,-0.5898,-0.0659,-0.0017,-0.0981,0.9,0.1
50,9,1,233.4588,550.0,3102.7154,-4307.244,-4440.8386,100.0,96.97,95.04,0.0,28.255,342.829,1,0,0,1,1,0,1,-0.1472,-0.2522,0.1717,-0.2387,0.9528,0.1
51,0,0,262.1736,550.0,-1184.0001,-4063.6474,-5475.8702,100.0,96.97,96.84,239.595,50.448,342.497,0,0,0,1,0,0,0,-0.5418,-0.1162,0.0601,-0.1616,0.6722,0.1
51,1,0,334.9073,550.0,6152.8146,-2132.712,-2344.0676,100.0,96.97,96.14,290.25,12.749,316.067,0,0,0,1,0,0,0,-0.572,-0.1144,0.0706,-0.1611,0.2902,0.1
51,2,0,55.9166,550.0,4075.0945,3215.0985,4577.8803,97.28,97.0,90.43,286.965,6.693,349.737,0,0,0,1,0,0,0,-0.8027,-0.1141,-0.0193,-0.0152,0.9,0.1
51,3,0,127.8878,550.0,-4049.185,3531.9888,4362.2697,100.0,97.06,96.14,273.727,28.063,314.417,0,0,0,1,0,0,0,-0.9527,-0.1467,0.0085,-0.004,0.4854,0.1
51,4,0,191.5947,550.0,-6817.3219,-436.1171,-1110.9298,100.0,97.06,96.56,226.321,57.068,333.988,0,0,0,1,0,0,0,-0.3964,-0.0974,0.048,-0.192,0.9,0.1
51,5,1,300.5135,550.0,3789.1967,3296.4833,-4761.8723,100.0,97.06,96.26,269.299,22.579,339.25,0,0,0,1,0,0,0,-0.7537,-0.1091,0.0319,-0.075,0.5973,0.1
51,6,1,14.9375,550.0,-677.6577,6738.7734,1424.7645,100.0,95.77,93.18,312.951,1.473,326.864,0,0,0,1,0,0,1,-0.3067,-0.2225,0.1302,-0.1603,-0.063,0.1
51,7,1,113.9126,550.0,-3966.3641,-2576.0909,5052.9152,100.0,99.22,96.47,243.143,346.269,83.66,0,1,0,1,0,0,0,-0.7432,-0.2129,0.0631,-0.0258,0.0742,0.1
51,8,1,162.7589,550.0,-1621.9501,-6525.7628,1638.2733,100.0,96.88,96.0,286.237,4.86,351.783,0,0,0,1,0,0,0,-0.5813,-0.0639,-0.0029,-0.1003,0.9,0.1
51,9,1,231.4577,550.0,2997.9562,-4496.9223,-4323.2151,100.0,96.97,95.48,0.0,29.595,341.48,1,0,0,1,1,0,1,-0.0795,-0.248,0.1806,-0.2527,0.9528,0.1
52,0,0,260.1725,550.0,-1425.7678,-4025.6427,-5446.249,100.0,96.97,97.28,234.635,52.955,340.471,0,0,0,1,0,0,0,-0.5399,-0.116,0.0599,-0.1631,0.6633,0.1
52,1,0,333.0787,550.0,6046.4966,-2253.2494,-2502.5961,100.0,96.97,96.57,287.533,13.653,313.582,0,0,0,1,0,0,0,-0.5711,-0.1116,0.0686,-0.1622,0.2832,0.1
52,2,0,54.4737,550.0,4218.0561,3142.0267,4498.4344,99.45,97.0,90.84,284.164,7.121,348.595,0,0,0,1,0,0,0,-0.8025,-0.1156,-0.0204,-0.0131,0.9,0.1
52,3,0,126.5652,550.0,-3914.6234,3587.0848,4439.458,100.0,97.06,96.56,270.414,29.057,312.706,0,0,0,1,0,0,0,-0.9557,-0.148,0.0071,-0.0043,0.4515,0.1
52,4,0,189.5946,550.0,-6853.5721,-282.91,-921.2776,100.0,97.06,97.0,222.14,58.917,331.896,0,0,0,1,0,0,0,-0.3879,-0.0957,0.047,-0.1945,0.9,0.1
52,5,1,298.5124,550.0,3851.8942,3077.8311,-4856.9649,100.0,97.06,96.68,265.943,23.675,337.878,0,0,0,1,0,0,0,-0.7534,-0.1085,0.0313,-0.0757,0.5787,0.1
52,6,1,13.3239,550.0,-553.4571,6780.2169,1273.8074,100.0,95.77,93.63,310.724,2.014,324.686,0,0,0,1,0,0,1,-0.3108,-0.2204,0.1277,-0.1608,-0.0718,0.1
52,7,1,112.7777,550.0,-3994.4108,-2443.8998,5096.3004,100.0,99.22,96.9,238.544,346.338,85.774,0,1,0,1,0,0,0,-0.7341,-0.2169,0.064,-0.0256,0.0596,0.1
52,8,1,160.9127,550.0,-1752.6046,-6446.8271,1807.4951,100.0,96.88,96.42,283.633,5.217,350.605,0,0,0,1,0,0,0,-0.573,-0.0619,-0.004,-0.1024,0.9,0.1
52,9,1,229.4567,550.0,2889.1126,-4680.875,-4200.3189,100.0,96.97,95.92,0.0,31.025,340.004,1,0,0,1,1,0,1,-0.0783,-0.2466,0.1795,-0.2538,0.9528,0.1
53,0,0,258.1715,550.0,-1665.7043,-3982.1764,-5409.9853,100.0,96.97,97.71,229.618,55.491,338.362,0,0,0,1,0,0,0,-0.5377,-0.1158,0.0598,-0.1646,0.6546,0.1
53,1,0,331.2424,550.0,5933.2675,-2371.7131,-2659.2396,100.0,96.97,97.0,284.761,14.59,311.016,0,0,0,1,0,0,0,-0.5699,-0.1088,0.0666,-0.1634,0.2754,0.1
53,2,0,53.0674,550.0,4354.7592,3068.4465,4418.2518,100.0,97.0,91.26,281.306,7.539,347.447,0,0,0,1,0,0,0,-0.802,-0.1171,-0.0213,-0.0114,0.9,0.1
53,3,0,125.2787,550.0,-3781.5043,3638.6659,4512.2696,100.0,97.06,96.97,267.026,30.053,310.993,0,0,0,1,0,0,0,-0.9583,-0.1492,0.0055,-0.0048,0.4158,0.1
53,4,0,187.5967,550.0,-6881.1008,-129.4428,-730.7101,100.0,97.06,97.43,217.911,60.789,329.705,0,0,0,1,0,0,0,-0.3794,-0.0942,0.046,-0.197,0.9,0.1
53,5,1,296.5113,550.0,3909.3887,2855.2902,-4946.1337,100.0,97.06,97.1,262.532,24.787,336.468,0,0,0,1,0,0,0,-0.7531,-0.1079,0.0307,-0.0765,0.5594,0.1
53,6,1,11.7263,550.0,-429.8945,6815.6804,1123.3574,100.0,95.77,94.08,308.389,2.618,322.427,0,0,0,1,0,0,1,-0.3149,-0.2182,0.1251,-0.1614,-0.081,0.1
53,7,1,111.683,550.0,-4019.7869,-2315.269,5136.2519,100.0,99.22,97.33,233.834,346.439,87.877,0,1,0,1,0,0,0,-0.7245,-0.2211,0.0649,-0.0253,0.0446,0.1
53,8,1,159.0859,550.0,-1879.9847,-6361.8253,1973.0882,100.0,96.88,96.84,280.999,5.571,349.375,0,0,0,1,0,0,0,-0.5647,-0.0599,-0.0051,-0.1045,0.9,0.1
53,9,1,227.4556,550.0,2776.3306,-4858.8686,-4072.2997,100.0,96.97,96.37,0.0,32.544,338.401,1,0,0,1,1,0,0,-0.0768,-0.2452,0.1782,-0.255,0.9528,0.1
54,0,0,256.1704,550.0,-1903.5046,-3933.3063,-5367.1233,100.0,96.97,98.14,224.543,58.058,336.17,0,0,0,1,0,0,0,-0.5352,-0.1156,0.0597,-0.1663,0.6464,0.1
54,1,0,329.3972,550.0,5813.1042,-2487.9927,-2813.8856,100.0,96.97,97.44,281.937,15.559,308.368,0,0,0,1,0,0,0,-0.5684,-0.1058,0.0647,-0.1648,0.2666,0.1
54,2,0,51.697,550.0,4485.3703,2994.5402,4337.5596,100.0,97.0,91.67,278.388,7.945,346.294,0,0,0,1,0,0,0,-0.7978,-0.1184,-0.0216,-0.0117,0.9,0.1
54,3,0,124.0288,550.0,-3650.1146,3686.8517,4580.8328,100.0,97.06,97.39,263.564,31.052,309.278,0,0,0,1,0,0,0,-0.9608,-0.1503,0.0038,-0.0054,0.3784,0.1
54,4,0,185.6021,550.0,-6899.8928,23.9892,-539.5779,100.0,97.06,97.86,213.636,62.683,327.414,0,0,0,1,0,0,0,-0.371,-0.0927,0.0451,-0.1995,0.9,0.1
54,5,1,294.5103,550.0,3961.6016,2629.1438,-5029.27,100.0,97.06,97.53,259.067,25.913,335.019,0,0,0,1,0,0,0,-0.7529,-0.1073,0.0301,-0.0774,0.5392,0.1
54,6,1,10.1438,550.0,-307.0221,6845.3149,973.4694,100.0,95.77,94.53,305.946,3.283,320.087,0,0,0,1,0,0,1,-0.319,-0.2158,0.1225,-0.1622,-0.0908,0.1
54,7,1,110.6289,550.0,-4042.6538,-2190.3771,5172.9527,100.0,99.22,97.76,229.011,346.573,89.966,0,1,0,1,0,0,0,-0.7141,-0.2253,0.0657,-0.0249,0.0291,0.1
54,8,1,157.2796,550.0,-2003.9403,-6271.1139,2134.8523,100.0,96.88,97.25,278.336,5.923,348.092,0,0,0,1,0,0,0,-0.5566,-0.058,-0.0061,-0.1066,0.9,0.1
54,9,1,225.4545,550.0,2659.7617,-5030.6774,-3939.3138,100.0,96.97,96.8,0.0,34.098,336.688,1,0,0,1,0,0,0,-0.345,-0.1052,0.0703,-0.2187,0.6528,0.1
55,0,0,254.1693,550.0,-2138.8668,-3879.097,-5317.7153,100.0,96.97,98.58,219.411,60.654,333.895,0,0,0,1,0,0,0,-0.5325,-0.1154,0.0596,-0.168,0.6386,0.1
55,1,0,327.5422,550.0,5685.9813,-2601.971,-2966.4127,100.0,96.97,97.87,279.061,16.56,305.637,0,0,0,1,0,0,0,-0.5667,-0.1028,0.0627,-0.1663,0.2569,0.1
55,2,0,50.3621,550.0,4610.0614,2920.4778,4256.5696,100.0,97.0,92.09,275.41,8.341,345.134,0,0,0,1,0,0,0,-0.7921,-0.1198,-0.0217,-0.0128,0.9,0.1
55,3,0,122.8159,550.0,-3520.7262,3731.7663,4645.2823,100.0,97.06,97.81,260.025,32.051,307.559,0,0,0,1,0,0,0,-0.9628,-0.1514,0.0018,-0.0061,0.3393,0.1
55,4,0,183.6121,550.0,-6909.9648,177.0915,-348.2332,100.0,97.06,98.3,209.315,64.6,325.022,0,0,0,1,0,0,0,-0.3627,-0.0914,0.0441,-0.202,0.9,0.1
55,5,1,292.5092,550.0,4008.4612,2399.6797,-5106.2723,100.0,97.06,97.95,255.55,27.055,333.531,0,0,0,1,0,0,0,-0.7527,-0.1067,0.0296,-0.0782,0.5183,0.1
55,6,1,8.5754,550.0,-184.8861,6869.2626,824.19,100.0,95.77,94.98,303.397,4.008,317.666,0,0,0,1,0,0,1,-0.3232,-0.2132,0.1198,-0.1632,-0.1,0.1
55,7,1,109.6155,550.0,-4063.1711,-2069.3875,5206.584,99.2,99.22,96.99,224.074,346.74,92.044,0,1,0,1,0,1,0,-0.7031,-0.2296,0.0663,-0.0245,0.0133,0.1
55,8,1,155.4949,550.0,-2124.3381,-6175.0616,2292.6061,100.0,96.88,97.67,275.645,6.271,346.754,0,0,0,1,0,0,0,-0.5487,-0.0561,-0.0071,-0.1088,0.698,0.1
55,9,1,223.4535,550.0,2539.5625,-5196.0835,-3801.5233,100.0,96.97,97.22,0.0,35.683,334.877,1,0,0,1,0,0,0,-0.4084,-0.1114,0.0619,-0.1983,0.6528,0.1
56,0,0,252.1683,550.0,-2371.4916,-3819.6207,-5261.8216,100.0,96.97,99.01,214.22,63.28,331.534,0,0,0,1,0,0,0,-0.5294,-0.1153,0.0595,-0.1698,0.6313,0.1
56,1,0,325.6764,550.0,5551.8716,-2713.523,-3116.6899,100.0,96.97,98.3,276.135,17.591,302.821,0,0,0,1,0,0,0,-0.5647,-0.0996,0.0609,-0.1679,0.2463,0.1
56,2,0,49.0621,550.0,4729.0087,2846.417,4175.4794,100.0,97.0,92.5,272.372,8.727,343.967,0,0,0,1,0,0,0,-0.7857,-0.1213,-0.0217,-0.014,0.9,0.1
56,3,0,121.6403,550.0,-3393.5959,3773.5384,4705.7577,100.0,97.06,98.22,256.41,33.05,305.837,0,0,0,1,0,0,0,-0.9645,-0.1524,-0.0003,-0.007,0.2994,0.1
56,4,0,181.6279,550.0,-6911.365,329.5722,-157.0273,100.0,97.06,98.73,204.949,66.538,322.528,0,0,0,1,0,0,0,-0.3546,-0.0902,0.0432,-0.2043,0.9,0.1
56,5,1,290.5081,550.0,4049.903,2167.19,-5177.0468,100.0,97.06,98.37,251.979,28.211,332.003,0,0,0,1,0,0,0,-0.7525,-0.1061,0.0291,-0.0792,0.4966,0.1
56,6,1,7.0203,550.0,-63.5271,6887.6575,675.5587,100.0,95.77,95.43,300.742,4.792,315.162,0,0,0,1,0,0,1,-0.3274,-0.2105,0.117,-0.1643,-0.1,0.1
56,7,1,108.6431,550.0,-4081.4967,-1952.449,5237.3246,98.35,99.22,96.24,219.028,346.982,94.048,0,1,0,1,1,1,0,-0.2852,-0.2174,0.1503,-0.1457,0.197,0.1
56,8,1,153.7327,550.0,-2241.0614,-6074.0472,2446.1878,100.0,96.88,98.09,272.927,6.614,345.361,0,0,0,1,0,0,0,-0.5407,-0.0541,-0.008,-0.1109,0.686,0.1
56,9,1,221.4524,550.0,2415.8945,-5354.8772,-3659.0963,100.0,96.97,97.65,0.0,37.299,332.965,1,0,0,1,0,0,0,-0.4037,-0.11,0.0609,-0.1995,0.6528,0.1
57,0,0,250.1672,550.0,-2601.0837,-3754.9564,-5199.5102,100.0,96.97,99.45,208.972,65.935,329.088,0,0,0,1,0,0,0,-0.5261,-0.1151,0.0594,-0.1717,0.6245,0.1
57,1,0,323.7989,550.0,5410.7475,-2822.516,-3264.576,100.0,96.97,98.74,273.161,18.651,299.921,0,0,0,1,0,0,0,-0.5625,-0.0964,0.0591,-0.1696,0.2347,0.1
57,2,0,47.7966,550.0,4842.3914,2772.5045,4094.4725,100.0,97.0,92.92,269.272,9.101,342.792,0,0,0,1,0,0,0,-0.7788,-0.1229,-0.0217,-0.0152,0.9,0.1
57,3,0,120.5026,550.0,-3268.9652,3812.2998,4762.4025,100.0,97.06,98.64,252.719,34.048,304.111,0,0,0,1,0,0,0,-0.9658,-0.1534,-0.0027,-0.0079,0.2825,0.1
57,4,0,179.6508,550.0,-6904.1731,481.1436,33.6911,100.0,97.06,99.16,200.539,68.498,319.931,0,0,0,1,0,0,0,-0.3466,-0.0891,0.0424,-0.2067,0.9,0.1
57,5,1,288.507,550.0,4085.8701,1931.9704,-5241.5071,100.0,97.06,98.79,248.355,29.381,330.436,0,0,0,1,0,0,0,-0.7524,-0.1055,0.0286,-0.0801,0.4743,0.1
57,6,1,5.4775,550.0,57.0191,6900.6245,527.6089,100.0,95.77,95.87,297.983,5.632,312.576,0,0,0,1,0,0,1,-0.3317,-0.2075,0.1141,-0.1656,-0.1,0.1
57,7,1,107.7119,550.0,-4097.7856,-1839.6969,5265.3499,97.51,99.22,95.5,213.873,347.305,95.973,0,1,0,1,1,1,0,-0.2024,-0.2186,0.1617,-0.1602,0.1804,0.1
57,8,1,151.9939,550.0,-2354.011,-5968.4575,2595.4552,100.0,96.88,98.51,270.182,6.954,343.911,0,0,0,1,0,0,0,-0.5328,-0.0522,-0.0089,-0.1131,0.6729,0.1
57,9,1,219.4513,550.0,2288.9237,-5506.8571,-3512.2064,100.0,96.97,98.07,0.0,38.945,330.953,1,0,0,1,0,0,0,-0.3986,-0.1086,0.0598,-0.2007,0.6528,0.1
58,0,0,248.1661,550.0,-2827.3514,-3685.1903,-5130.8573,100.0,96.97,99.88,203.667,68.621,326.554,0,0,0,1,0,0,0,-0.5224,-0.115,0.0593,-0.1736,0.6184,0.1
58,1,0,321.9087,550.0,5262.5822,-2928.8089,-3409.919,100.0,96.97,99.17,270.141,19.741,296.935,0,0,0,1,0,0,0,-0.5601,-0.0932,0.0573,-0.1714,0.2222,0.1
58,2,0,46.565,550.0,4950.3909,2698.8757,4013.7191,100.0,97.0,93.33,266.11,9.464,341.609,0,0,0,1,0,0,0,-0.7713,-0.1246,-0.0216,-0.0164,0.9,0.1
58,3,0,119.4031,550.0,-3147.0607,3848.1845,4815.3636,100.0,97.06,99.05,248.95,35.043,302.381,0,0,0,1,0,0,0,-0.9667,-0.1544,-0.0053,-0.0089,0.265,0.1
58,4,0,177.6818,550.0,-6888.5,631.5236,223.5777,100.0,97.06,99.6,196.085,70.478,317.23,0,0,0,1,0,0,0,-0.3387,-0.0882,0.0416,-0.209,0.9,0.1
58,5,1,286.506,550.0,4116.3125,1694.3203,-5299.5746,100.0,97.06,99.21,244.679,30.565,328.827,0,0,0,1,0,0,0,-0.7523,-0.1049,0.0282,-0.0811,0.4514,0.1
58,6,1,3.946,550.0,176.721,6908.2799,380.368,100.0,95.77,96.32,295.122,6.529,309.906,0,0,0,1,0,0,1,-0.3362,-0.2045,0.1111,-0.167,-0.1,0.1
58,7,1,106.822,550.0,-4112.1898,-1731.2532,5290.8315,96.66,99.22,94.75,208.608,347.708,97.817,0,1,0,1,1,1,0,-0.201,-0.2202,0.1605,-0.1606,0.1634,0.1
58,8,1,150.2796,550.0,-2463.1044,-5858.6852,2740.2857,100.0,96.88,98.92,267.413,7.288,342.404,0,0,0,1,0,0,0,-0.525,-0.0503,-0.0097,-0.1153,0.6586,0.1
58,9,1,217.4503,550.0,2158.821,-5651.8307,-3361.0329,100.0,96.97,98.5,0.0,40.619,328.84,1,0,0,1,0,0,0,-0.3931,-0.107,0.0587,-0.2021,0.6528,0.1
59,0,0,246.1651,550.0,-3050.0074,-3610.4155,-5055.9466,100.0,96.97,100.32,198.304,71.335,323.933,0,0,0,1,0,0,0,-0.5185,-0.1148,0.0592,-0.1756,0.6128,0.1
59,1,0,320.0049,550.0,5107.351,-3032.2523,-3552.5558,100.0,96.97,99.6,267.075,20.858,293.862,0,0,0,1,0,0,0,-0.5575,-0.0899,0.0555,-0.1733,0.2088,0.1
59,2,0,45.3669,550.0,5053.1892,2625.6555,3933.3767,100.0,97.0,93.75,262.885,9.817,340.418,0,0,0,1,0,0,0,-0.7632,-0.1263,-0.0215,-0.0177,0.6982,0.1
59,3,0,118.342,550.0,-3028.0942,3881.3283,4864.7895,100.0,97.06,99.47,245.104,36.034,300.645,0,0,0,1,0,0,0,-0.967,-0.1553,-0.008,-0.01,0.2468,0.1
59,4,0,175.7222,550.0,-6864.4863,780.4375,412.2945,100.0,97.06,100.03,191.586,72.479,314.422,0,0,0,1,0,0,0,-0.3309,-0.0874,0.0408,-0.2113,0.9,0.1
59,5,1,284.5049,550.0,4141.1879,1454.5421,-5351.1785,100.0,97.06,99.63,240.951,31.764,327.178,0,0,0,1,0,0,0,-0.7522,-0.1044,0.0278,-0.0822,0.4279,0.1
59,6,1,2.4249,550.0,295.5507,6910.7309,233.8585,100.0,95.77,96.77,292.161,7.479,307.151,0,0,0,1,0,0,1,-0.3407,-0.2012,0.1081,-0.1686,-0.1,0.1
59,7,1,105.9736,550.0,-4124.8576,-1627.2278,5313.9365,95.81,99.22,94.01,203.232,348.191,99.581,0,1,0,1,1,1,0,-0.1996,-0.2218,0.1591,-0.161,0.1461,0.1
59,8,1,148.5906,550.0,-2568.2757,-5745.1269,2880.576,100.0,96.88,99.34,264.619,7.618,340.838,0,0,0,1,0,0,0,-0.5173,-0.0485,-0.0105,-0.1175,0.643,0.1
59,9,1,215.4492,550.0,2025.7613,-5789.6144,-3205.7601,100.0,96.97,98.93,0.0,42.323,326.625,1,0,0,1,0,0,0,-0.3873,-0.1053,0.0575,-0.2034,0.6528,0.1
60,0,0,244.164,550.0,-3268.7689,-3530.7315,-4974.8694,100.0,96.97,100.75,192.884,74.08,321.224,0,0,0,1,0,0,0,-0.5142,-0.1147,0.0591,-0.1777,0.608,0.1
60,1,0,318.0866,550.0,4945.0322,-3132.6878,-3692.3115,100.0,96.97,100.03,263.967,22.001,290.702,0,0,0,1,0,0,0,-0.5547,-0.0866,0.0538,-0.1754,0.1944,0.1
60,2,0,44.2016,550.0,5150.9688,2552.959,3853.5907,100.0,97.0,94.17,259.595,10.159,339.217,0,0,0,1,0,0,0,-0.7544,-0.1283,-0.0212,-0.0191,0.693,0.1
60,3,0,117.3197,550.0,-2912.2635,3911.8679,4910.8301,100.0,97.06,99.89,241.179,37.02,298.904,0,0,0,1,0,0,0,-0.9669,-0.1562,-0.011,-0.0111,0.228,0.1
60,4,0,173.7733,550.0,-6832.3019,927.6191,599.5114,100.0,97.06,100.45,187.054,74.468,311.557,0,0,0,1,0,0,0,-0.6123,-0.0685,-0.0237,-0.1164,0.9,0.1
60,5,1,282.5038,550.0,4160.4614,1212.9407,-5396.2558,100.0,97.06,100.06,237.171,32.976,325.487,0,0,0,1,0,0,0,-0.7521,-0.1038,0.0275,-0.0833,0.4039,0.1
60,6,1,0.9133,550.0,413.4836,6908.0758,88.0988,100.0,95.77,97.22,289.101,8.481,304.312,0,0,0,1,0,0,1,-0.3452,-0.1979,0.1049,-0.1704,-0.1,0.1
60,7,1,105.1669,550.0,-4135.9329,-1527.7191,5334.8265,94.96,99.22,93.26,197.744,348.752,101.264,0,0,0,1,0,1,0,-0.1981,-0.2233,0.1574,-0.1614,-0.0715,0.1
60,8,1,146.9279,550.0,-2669.4758,-5628.1809,3016.2426,100.0,96.88,99.76,261.802,7.941,339.212,0,0,0,1,0,0,0,-0.5098,-0.0467,-0.0112,-0.1197,0.6261,0.1
60,9,1,213.4481,550.0,1889.9233,-5920.0335,-3046.5774,100.0,96.97,99.35,0.0,44.055,324.308,1,0,0,1,0,0,0,-0.3812,-0.1036,0.0564,-0.2049,0.6528,0.1
61,0,0,242.1629,550.0,-3483.3583,-3446.245,-4887.7246,100.0,96.97,101.19,187.407,76.854,318.424,0,0,0,1,0,0,0,-0.5096,-0.1146,0.059,-0.1798,0.6038,0.1
61,1,0,316.1529,550.0,4775.6094,-3229.948,-3828.9988,100.0,96.97,100.46,260.816,23.171,287.453,0,0,0,1,0,0,0,-0.5516,-0.0832,0.0522,-0.1776,0.179,0.1
61,2,0,43.0687,550.0,5243.9112,2480.8917,3774.495,100.0,97.0,94.59,256.241,10.491,338.005,0,0,0,1,0,0,0,-0.7451,-0.1303,-0.0209,-0.0204,0.6874,0.1
61,3,0,116.3366,550.0,-2799.7521,3939.9399,4953.6353,100.0,97.06,100.31,237.176,37.998,297.157,0,0,0,1,0,0,0,-0.9663,-0.1571,-0.0142,-0.0123,0.2087,0.1
61,4,0,171.8362,550.0,-6792.145,1072.8124,784.9084,100.0,97.06,100.87,182.488,76.444,308.632,0,0,0,1,0,0,0,-0.6077,-0.0673,-0.0257,-0.1174,0.9,0.1
61,5,1,280.5028,550.0,4174.1057,969.8235,-5434.7516,100.0,97.06,100.48,233.339,34.201,323.754,0,0,0,1,0,0,0,-0.7521,-0.1032,0.0271,-0.0844,0.3795,0.1
61,6,1,359.4102,550.0,530.4974,6900.4041,-56.8967,100.0,95.77,97.66,285.943,9.535,301.386,0,0,0,1,0,0,1,-0.3499,-0.1943,0.1017,-0.1723,-0.1,0.1
61,7,1,104.4019,550.0,-4145.5554,-1432.815,5353.6579,94.11,99.22,92.52,192.159,349.392,102.836,0,0,0,1,0,1,0,-0.0615,-0.1934,0.1564,-0.2215,-0.0895,0.1
61,8,1,145.2923,550.0,-2766.6715,-5508.2459,3147.2204,100.0,96.88,100.18,258.963,8.259,337.525,0,0,0,1,0,0,0,-0.5023,-0.0449,-0.0119,-0.1219,0.6078,0.1
61,9,1,211.447,550.0,1751.49,-6042.9231,-2883.679,100.0,96.97,99.78,0.0,45.814,321.888,1,0,0,1,0,0,0,-0.3746,-0.1017,0.0552,-0.2063,0.6528,0.1
62,0,0,240.1618,550.0,-3693.503,-3357.0688,-4794.6184,100.0,96.97,101.62,181.872,79.657,315.533,0,0,0,1,0,0,0,-0.5048,-0.1145,0.0589,-0.182,0.6004,0.1
62,1,0,314.203,550.0,4599.0718,-3323.8563,-3962.4183,100.0,96.97,100.89,257.626,24.367,284.114,0,0,0,1,0,0,0,-0.5484,-0.0797,0.0505,-0.1799,0.1627,0.1
62,2,0,41.9678,550.0,5332.1968,2409.5503,3696.2124,100.0,97.0,95.0,252.82,10.812,336.783,0,0,0,1,0,0,0,-0.7351,-0.1324,-0.0205,-0.0218,0.6816,0.1
62,3,0,115.3928,550.0,-2690.7303,3965.6804,4993.3546,100.0,97.06,100.73,233.095,38.968,295.403,0,0,0,1,0,0,0,-0.9651,-0.1579,-0.0176,-0.0135,0.1889,0.1
62,4,0,169.912,550.0,-6744.24,1215.7725,968.1764,100.0,97.06,101.3,177.888,78.406,305.649,0,0,0,1,0,0,0,-0.6034,-0.0661,-0.0277,-0.1184,0.9,0.1
62,5,1,278.5017,550.0,4182.101,725.4997,-5466.6189,100.0,97.06,100.9,229.456,35.44,321.978,0,0,0,1,0,0,0,-0.7521,-0.1026,0.0268,-0.0856,0.3546,0.1
62,6,1,357.9148,550.0,646.5721,6887.7963,-201.1166,100.0,95.77,98.13,282.675,10.673,298.348,0,0,0,1,0,0,1,-0.3363,-0.2212,0.1695,-0.2258,-0.1,0.1
62,7,1,103.6789,550.0,-4153.8595,-1342.5933,5370.5805,93.25,99.22,91.77,186.477,350.109,104.297,0,0,0,1,0,1,0,-0.0617,-0.1945,0.1539,-0.222,-0.1,0.1
62,8,1,143.6846,550.0,-2859.8454,-5385.7186,3273.4631,100.0,96.88,100.6,256.102,8.57,335.776,0,0,0,1,0,0,0,-0.495,-0.0432,-0.0125,-0.1242,0.5881,0.1
62,9,1,209.446,550.0,1610.6475,-6158.1275,-2717.2634,100.0,96.97,100.2,0.0,47.6,319.364,1,0,0,1,0,0,0,-0.3677,-0.0997,0.054,-0.2079,0.6528,0.1
63,0,0,238.1608,550.0,-3898.9363,-3263.3221,-4695.6646,100.0,96.97,102.06,176.28,82.49,312.55,0,0,0,1,0,0,0,-0.4996,-0.1145,0.0588,-0.1843,0.5979,0.1
63,1,0,312.236,550.0,4415.417,-3414.2269,-4092.3573,100.0,96.97,101.32,254.398,25.586,280.684,0,0,0,1,0,0,0,-0.5449,-0.0762,0.0489,-0.1823,0.1454,0.1
63,2,0,40.8982,550.0,5416.0037,2339.0229,3618.8556,100.0,97.0,95.42,249.332,11.124,335.549,0,0,0,1,0,0,0,-0.7244,-0.1347,-0.02,-0.0231,0.6753,0.1
63,3,0,114.4886,550.0,-2585.3551,3989.2245,5030.136,100.0,97.06,101.15,228.933,39.927,293.642,0,0,0,1,0,0,0,-0.9633,-0.1587,-0.0212,-0.0147,0.1685,0.1
63,4,0,168.0019,550.0,-6688.8367,1356.2669,1149.0191,100.0,97.06,101.72,173.257,80.353,302.606,0,0,0,1,0,0,0,-0.5994,-0.0651,-0.0296,-0.1194,0.9,0.1
63,5,1,276.5006,550.0,4184.4352,480.2801,-5491.8189,100.0,97.06,101.32,225.522,36.693,320.159,0,0,0,1,0,0,0,-0.7522,-0.102,0.0265,-0.0868,0.3293,0.1
63,6,1,356.4261,550.0,761.6894,6870.3242,-344.5518,100.0,95.77,98.59,279.298,11.894,295.195,0,0,0,1,0,0,1,-0.343,-0.2169,0.1661,-0.2284,-0.1,0.1
63,7,1,102.9978,550.0,-4160.9748,-1257.1228,5385.7379,92.4,99.22,91.03,180.698,350.901,105.647,0,0,0,1,0,1,0,-0.062,-0.1955,0.1515,-0.2223,-0.1,0.1
63,8,1,142.1057,550.0,-2948.9949,-5260.9922,3394.942,100.0,96.88,101.01,253.22,8.875,333.964,0,0,0,1,0,0,0,-0.4877,-0.0415,-0.013,-0.1265,0.567,0.1
63,9,1,207.4449,550.0,1467.5854,-6265.5012,-2547.5338,100.0,96.97,100.63,0.0,49.413,316.735,1,0,0,1,0,0,0,-0.3605,-0.0975,0.0527,-0.2094,0.6528,0.1
64,0,0,236.1597,550.0,-4099.3976,-3165.1303,-4590.9836,100.0,96.97,102.49,170.631,85.352,309.474,0,0,0,1,0,0,0,-0.4941,-0.1144,0.0587,-0.1866,0.5962,0.1
64,1,0,310.2511,550.0,4224.6518,-3500.8646,-4218.5904,100.0,96.97,101.76,251.133,26.83,277.161,0,0,0,1,0,0,0,-0.5412,-0.0727,0.0473,-0.1848,0.1271,0.1
64,2,0,39.8596,550.0,5495.5079,2269.3899,3542.5277,100.0,97.0,95.84,245.775,11.425,334.303,0,0,0,1,0,0,0,-0.7132,-0.1371,-0.0194,-0.0245,0.6685,0.1
64,3,0,113.6243,550.0,-2483.7712,4010.7052,5064.1253,100.0,97.06,101.57,224.692,40.874,291.873,0,0,0,1,0,0,0,-0.9609,-0.1594,-0.0249,-0.0158,0.1476,0.1
64,4,0,166.1072,550.0,-6626.2083,1494.0768,1327.1545,100.0,97.06,102.14,168.593,82.285,299.503,0,0,0,1,0,0,0,-0.5957,-0.064,-0.0315,-0.1203,0.9,0.1
64,5,1,274.4996,550.0,4181.1036,234.4765,-5510.3207,100.0,97.06,101.74,221.537,37.958,318.296,0,0,0,1,0,0,0,-0.7522,-0.1014,0.0263,-0.0881,0.3037,0.1
64,6,1,354.9432,550.0,875.8318,6848.0508,-487.1953,100.0,95.77,99.05,275.815,13.197,291.927,0,0,0,1,0,0,1,-0.3497,-0.2125,0.1626,-0.2312,-0.1,0.1
64,7,1,102.3589,550.0,-4167.0249,-1176.4639,5399.2663,91.54,99.22,90.29,174.82,351.768,106.886,0,0,0,1,0,1,0,-0.0622,-0.1966,0.149,-0.2227,-0.1,0.1
64,8,1,140.5562,550.0,-3034.132,-5134.455,3511.6457,100.0,96.88,101.43,250.318,9.174,332.087,0,0,0,1,0,0,0,-0.4805,-0.0398,-0.0135,-0.1288,0.5444,0.1
64,9,1,205.4438,550.0,1322.4962,-6364.9084,-2374.6971,100.0,96.97,101.06,0.0,51.252,314.0,1,0,0,1,0,0,0,-0.3529,-0.0953,0.0514,-0.2111,0.6528,0.1
65,0,0,234.1586,550.0,-4294.6325,-3062.6248,-4480.7033,100.0,96.97,102.93,164.925,88.243,306.303,0,0,0,1,0,0,0,-0.4883,-0.1144,0.0586,-0.1889,0.5954,0.1
65,1,0,308.25,550.0,4027.0453,-3583.4686,-4340.7258,100.0,96.97,102.19,247.834,28.096,273.545,0,0,0,1,0,0,0,-0.5374,-0.0691,0.0457,-0.1875,0.1078,0.1
65,2,0,38.8514,550.0,5570.8822,2200.7241,3467.3225,100.0,97.0,96.26,242.149,11.718,333.044,0,0,0,1,0,0,0,-0.7012,-0.1396,-0.0187,-0.0259,0.6614,0.1
65,3,0,112.8,550.0,-2386.1116,4030.2535,5095.4656,100.0,97.06,101.99,220.371,41.806,290.095,0,0,0,1,0,0,0,-0.9579,-0.1601,-0.0288,-0.017,0.1261,0.1
65,4,0,164.2288,550.0,-6556.6497,1628.9974,1502.3158,100.0,97.06,102.56,163.898,84.2,296.339,0,0,0,1,0,0,0,-0.5924,-0.0631,-0.0333,-0.1212,0.6965,0.1
65,5,1,272.4985,550.0,4172.1094,-11.5985,-5522.1019,100.0,97.06,102.16,217.502,39.236,316.388,0,0,0,1,0,0,0,-0.7523,-0.1009,0.026,-0.0894,0.2911,0.1
65,6,1,353.4653,550.0,988.9828,6821.0308,-629.0415,100.0,95.77,99.51,272.228,14.579,288.541,0,0,0,1,0,0,0,-0.3565,-0.208,0.159,-0.2342,-0.1,0.1
65,7,1,101.7621,550.0,-4172.128,-1100.6694,5411.2952,90.69,99.22,89.54,168.843,352.708,108.013,0,0,0,1,0,1,0,-0.0625,-0.1975,0.1466,-0.2229,-0.1,0.1
65,8,1,139.037,550.0,-3115.2822,-5006.4889,3623.5793,100.0,96.88,101.85,247.398,9.465,330.144,0,0,0,1,0,0,0,-0.4734,-0.0383,-0.014,-0.1312,0.5203,0.1
65,9,1,203.4428,550.0,1175.5753,-6456.2234,-2198.9641,100.0,96.97,101.48,0.0,53.115,311.159,1,0,0,1,0,0,0,-0.3449,-0.093,0.0502,-0.2127,0.6528,0.1
66,0,0,232.1576,550.0,-4484.3933,-2955.943,-4364.9581,100.0,96.97,103.37,159.161,91.164,303.037,0,0,0,1,0,0,0,-0.4824,-0.1143,0.0584,-0.1913,0.5954,0.1
66,1,0,306.2489,550.0,3824.3472,-3661.2439,-4457.567,100.0,96.97,102.62,244.502,29.384,269.834,0,0,0,1,0,0,0,-0.5341,-0.0657,0.0441,-0.1901,0.088,0.1
66,2,0,37.8731,550.0,5642.2962,2133.0912,3393.3254,100.0,97.0,96.68,238.451,12.001,331.771,0,0,0,1,0,0,0,-0.6889,-0.1421,-0.018,-0.0272,0.6537,0.1
66,3,0,112.016,550.0,-2292.4975,4047.9973,5124.2965,100.0,97.06,102.41,215.97,42.722,288.308,0,0,0,1,0,0,0,-0.9542,-0.1608,-0.0327,-0.0181,0.1043,0.1
66,4,0,162.368,550.0,-6480.4756,1760.8393,1674.2526,100.0,97.06,102.98,159.171,86.097,293.114,0,0,0,1,0,0,0,-0.5893,-0.0621,-0.0352,-0.1221,0.6895,0.1
66,5,1,270.4974,550.0,4157.4633,-257.632,-5527.1481,100.0,97.06,102.58,213.417,40.528,314.434,0,0,0,1,0,0,0,-0.7523,-0.1003,0.0258,-0.0908,0.2806,0.1
66,6,1,351.9914,550.0,1101.126,6789.3101,-770.0853,100.0,95.77,99.94,268.607,15.965,285.059,0,0,0,1,0,0,0,-0.7019,-0.0682,0.0097,-0.1927,-0.1,0.1
66,7,1,101.2076,550.0,-4176.3962,-1029.7852,5421.946,89.9,99.22,88.77,162.791,353.647,109.089,0,0,0,1,0,1,0,-0.7248,-0.152,-0.0033,-0.1027,-0.1,0.1
66,8,1,137.5487,550.0,-3192.484,-4877.4679,3730.7632,100.0,96.88,102.27,244.458,9.749,328.135,0,0,0,1,0,0,0,-0.4663,-0.0367,-0.0144,-0.1336,0.4947,0.1
66,9,1,201.4417,550.0,1027.0205,-6539.3311,-2020.5491,100.0,96.97,101.91,0.0,55.003,308.211,1,0,0,1,0,0,0,-0.3366,-0.0905,0.0488,-0.2144,0.6528,0.1
67,0,0,230.1565,550.0,-4668.4393,-2845.2277,-4243.8892,100.0,96.97,103.8,153.341,94.113,299.674,0,0,0,1,0,0,0,-0.4775,-0.1136,0.0576,-0.1932,0.5954,0.1
67,1,0,304.2479,550.0,3616.8156,-3734.0843,-4568.9715,100.0,96.97,103.05,241.138,30.693,266.026,0,0,0,1,0,0,0,-0.5361,-0.0637,0.0426,-0.1919,0.0675,0.1
67,2,0,36.9243,550.0,5709.9155,2066.5507,3320.6135,100.0,97.0,97.09,234.682,12.275,330.484,0,0,0,1,0,0,0,-0.6782,-0.1439,-0.0179,-0.0283,0.6454,0.1
67,3,0,111.2725,550.0,-2203.0398,4064.0614,5150.7535,100.0,97.06,102.83,211.488,43.619,286.512,0,0,0,1,0,0,0,-0.9498,-0.1615,-0.0367,-0.0191,0.0819,0.1
67,4,0,160.5257,550.0,-6398.0183,1889.429,1842.7318,100.0,97.06,103.4,154.414,87.976,289.827,0,0,0,1,0,0,0,-0.5866,-0.0613,-0.0369,-0.1229,0.6815,0.1
67,5,1,268.4964,550.0,4137.1835,-503.3113,-5525.4531,100.0,97.06,103.01,209.282,41.832,312.435,0,0,0,1,0,0,0,-0.7517,-0.0997,0.0258,-0.0925,0.2701,0.1
67,6,1,350.5205,550.0,1212.2446,6752.9266,-910.3224,100.0,95.77,100.36,264.954,17.355,281.48,0,0,0,1,0,0,0,-0.7023,-0.0653,0.0058,-0.1946,-0.1,0.1
67,7,1,100.6955,550.0,-4179.9354,-963.8508,5431.3325,89.11,99.22,88.0,156.662,354.582,110.115,0,0,0,1,0,1,0,-0.7249,-0.1516,-0.0069,-0.1016,-0.1,0.1
67,8,1,136.092,550.0,-3265.788,-4747.757,3833.2327,100.0,96.88,102.69,241.502,10.025,326.058,0,0,0,1,0,0,0,-0.4593,-0.0353,-0.0147,-0.136,0.4675,0.1
67,9,1,199.4406,550.0,877.0318,-6614.1267,-1839.6697,100.0,96.97,102.34,0.0,56.915,305.155,1,0,0,1,0,0,0,-0.3279,-0.0879,0.0475,-0.2162,0.6528,0.1
68,0,0,228.1554,550.0,-4846.5372,-2730.6272,-4117.6442,100.0,96.97,104.24,147.464,97.091,296.213,0,0,0,1,0,0,0,-0.4724,-0.1129,0.0568,-0.1952,0.5954,0.1
68,1,0,302.2468,550.0,3404.715,-3801.8902,-4674.8035,100.0,96.97,103.47,237.744,32.023,262.122,0,0,0,1,0,0,1,-0.5382,-0.0619,0.041,-0.1939,0.0464,0.1
68,2,0,36.0046,550.0,5773.9022,2001.1558,3249.2569,100.0,97.0,97.51,230.839,12.541,329.183,0,0,0,1,0,0,0,-0.6671,-0.1457,-0.0179,-0.0294,0.6366,0.1
68,3,0,110.5695,550.0,-2117.839,4078.5668,5174.9678,100.0,97.06,103.25,206.925,44.496,284.706,0,0,0,1,0,0,0,-0.9447,-0.1622,-0.0406,-0.02,0.0591,0.1
68,4,0,158.7031,550.0,-6309.626,2014.6092,2007.5383,100.0,97.06,103.83,149.627,89.835,286.479,0,0,0,1,0,0,0,-0.5843,-0.0605,-0.0387,-0.1238,0.6726,0.1
68,5,1,266.4953,550.0,4111.296,-748.324,-5517.0189,100.0,97.06,103.43,205.097,43.149,310.388,0,0,0,1,0,0,0,-0.751,-0.0991,0.0257,-0.0943,0.2595,0.1
68,6,1,349.052,550.0,1322.3214,6711.9101,-1049.7478,100.0,95.77,100.79,261.269,18.746,277.803,0,0,0,1,0,0,0,-0.7024,-0.0623,0.0018,-0.1966,-0.1,0.1
68,7,1,100.2257,550.0,-4182.8451,-902.9,5439.5606,88.31,99.22,87.22,150.458,355.512,111.09,0,0,0,1,0,1,0,-0.7245,-0.1513,-0.0101,-0.1005,-0.1,0.1
68,8,1,134.6676,550.0,-3335.2561,-4617.7114,3931.0366,100.0,96.88,103.11,238.528,10.294,323.912,0,0,0,1,0,0,0,-0.4523,-0.0339,-0.015,-0.1385,0.4386,0.1
68,9,1,197.4396,550.0,725.8114,-6680.5159,-1656.5466,100.0,96.97,102.76,0.0,58.849,301.99,1,0,0,1,0,0,0,-0.319,-0.0852,0.0461,-0.2179,0.6528,0.1
69,0,0,226.1544,550.0,-5018.4611,-2612.2953,-3986.3771,100.0,96.97,104.68,141.531,100.097,292.654,0,0,0,1,0,0,0,-0.4671,-0.1122,0.056,-0.1972,0.5954,0.1
69,1,0,300.2457,550.0,3188.3155,-3864.5687,-4774.9339,100.0,96.97,103.93,234.258,33.425,258.085,0,0,0,1,0,0,1,-0.2902,-0.1817,0.1432,-0.266,0.0248,0.1
69,2,0,35.1134,550.0,5834.4138,1936.9542,3179.3183,100.0,97.0,97.93,226.923,12.797,327.866,0,0,0,1,0,0,0,-0.6556,-0.1474,-0.0178,-0.0306,0.6272,0.1
69,3,0,109.9074,550.0,-2036.9862,4091.6304,5197.0654,99.21,97.06,102.47,202.28,45.351,282.889,0,0,0,1,0,1,0,-0.9389,-0.1629,-0.0445,-0.0208,0.0359,0.1
69,4,0,156.9013,550.0,-6215.6604,2136.2395,2168.4758,100.0,97.06,104.25,144.81,91.675,283.069,0,0,0,1,0,0,0,-0.5823,-0.0598,-0.0404,-0.1246,0.6627,0.1
69,5,1,264.4942,550.0,4079.8341,-992.3586,-5501.856,100.0,97.06,103.85,200.863,44.479,308.293,0,0,0,1,0,0,0,-0.7504,-0.0986,0.0257,-0.0962,0.2488,0.1
69,6,1,347.5847,550.0,1431.3381,6666.2825,-1188.3562,100.0,95.77,101.21,257.554,20.135,274.026,0,0,0,1,0,0,0,-0.7024,-0.0593,-0.0022,-0.1986,-0.1,0.1
69,7,1,99.7984,550.0,-4185.2186,-846.9617,5446.7276,87.52,99.22,86.45,144.179,356.436,112.015,0,0,0,1,0,1,0,-0.7237,-0.151,-0.013,-0.0995,-0.1,0.1
69,8,1,133.2762,550.0,-3400.9604,-4487.6752,4024.2366,100.0,96.88,103.52,235.538,10.556,321.695,0,0,0,1,0,0,0,-0.4452,-0.0325,-0.0153,-0.141,0.4082,0.1
69,9,1,195.4385,550.0,573.563,-6738.4152,-1471.4031,100.0,96.97,103.19,0.0,60.806,298.715,1,0,0,1,0,0,0,-0.3097,-0.0824,0.0447,-0.2197,0.6528,0.1
70,0,0,224.1533,550.0,-5183.9932,-2490.3906,-3850.2481,100.0,96.97,105.11,135.542,103.13,288.996,0,0,0,1,0,0,0,-0.4616,-0.1115,0.0552,-0.1993,0.5954,0.1
70,1,0,298.2447,550.0,2967.8927,-3922.034,-4869.2405,100.0,96.97,104.39,230.683,34.898,253.914,0,0,0,1,0,0,1,-0.2954,-0.1785,0.142,-0.268,0.0026,0.1
70,2,0,34.2504,550.0,5891.6038,1873.9881,3110.8543,100.0,97.0,98.35,222.933,13.045,326.533,0,0,0,1,0,0,0,-0.6437,-0.1492,-0.0176,-0.0318,0.6172,0.1
70,3,0,109.2861,550.0,-1960.5636,4103.3649,5217.1667,98.41,97.06,101.71,197.551,46.224,281.005,0,0,0,1,0,1,0,-0.556,-0.1689,0.0355,-0.1358,0.0123,0.1
70,4,0,155.1211,550.0,-6116.4948,2254.1962,2325.3671,100.0,97.06,104.67,139.963,93.493,279.595,0,0,0,1,0,0,0,-0.5805,-0.0591,-0.042,-0.1254,0.6516,0.1
70,5,1,262.4931,550.0,4042.8388,-1235.1052,-5479.9827,100.0,97.06,104.27,196.58,45.821,306.149,0,0,0,1,0,0,0,-0.7497,-0.098,0.0258,-0.0981,0.2382,0.1
70,6,1,346.118,550.0,1539.275,6616.058,-1326.1408,100.0,95.77,101.64,253.812,21.522,270.149,0,0,0,1,0,0,0,-0.7022,-0.0561,-0.0061,-0.2008,-0.1,0.1
70,7,1,99.4135,550.0,-4187.1425,-796.0602,5452.9228,86.73,99.22,85.68,137.824,357.351,112.891,0,0,0,1,0,1,0,-0.7222,-0.1507,-0.0156,-0.0983,-0.1,0.1
70,8,1,131.9181,550.0,-3462.9826,-4357.9808,4112.906,100.0,96.88,103.97,232.475,10.851,319.375,0,0,0,1,0,0,0,-0.1512,-0.1457,0.0667,-0.2074,0.476,0.1
70,9,1,193.4374,550.0,420.4919,-6787.752,-1284.465,100.0,96.97,103.61,0.0,62.785,295.329,1,0,0,1,0,0,0,-0.3,-0.0795,0.0433,-0.2215,0.6528,0.1
71,0,0,222.1522,550.0,-5342.9237,-2365.0766,-3709.4231,100.0,96.97,105.55,129.499,106.191,285.236,0,0,0,1,0,0,0,-0.4559,-0.1107,0.0544,-0.2014,0.5954,0.1
71,1,0,296.2436,550.0,2743.7274,-3974.2068,-4957.6084,100.0,96.97,104.85,227.02,36.441,249.608,0,0,0,1,0,0,1,-0.3007,-0.1753,0.1408,-0.27,-0.0201,0.1
71,2,0,33.415,550.0,5945.6209,1812.2952,3043.9152,100.0,97.0,98.77,218.867,13.284,325.184,0,0,0,1,0,0,0,-0.6315,-0.1509,-0.0174,-0.033,0.6064,0.1
71,3,0,108.7059,550.0,-1888.6449,4113.8779,5235.3863,97.6,97.06,100.94,192.737,47.113,279.052,0,0,0,1,0,1,0,-0.5573,-0.1684,0.0312,-0.136,-0.0117,0.1
71,4,0,153.3637,550.0,-6012.5116,2368.3731,2478.0546,100.0,97.06,105.09,135.087,95.29,276.059,0,0,0,1,0,0,0,-0.579,-0.0585,-0.0436,-0.1263,0.6394,0.1
71,5,1,260.4921,550.0,4000.3586,-1476.2551,-5451.4258,100.0,97.06,104.69,192.248,47.177,303.955,0,0,0,1,0,0,0,-0.749,-0.0974,0.0258,-0.1,0.2275,0.1
71,6,1,344.6508,550.0,1646.1105,6561.2437,-1463.0934,100.0,95.77,102.07,250.043,22.903,266.171,0,0,0,1,0,0,0,-0.7017,-0.0529,-0.0101,-0.203,-0.1,0.1
71,7,1,99.0712,550.0,-4188.6967,-750.2158,5458.2266,85.94,99.22,84.9,131.394,358.258,113.718,0,0,0,0,0,1,0,-0.7204,-0.1505,-0.0179,-0.0972,0.0,1.0
71,8,1,130.5942,550.0,-3521.413,-4228.9481,4197.1288,100.0,96.88,104.41,229.338,11.179,316.95,0,0,0,1,0,0,0,-0.1389,-0.1484,0.0678,-0.2076,0.4422,0.1
71,9,1,191.4364,550.0,266.8043,-6828.4645,-1095.9603,100.0,96.97,104.04,0.0,64.785,291.832,1,0,0,1,0,0,0,-0.2901,-0.0765,0.0418,-0.2234,0.6528,0.1
72,0,0,220.1511,550.0,-5495.0514,-2236.5215,-3564.0739,100.0,96.97,105.99,123.4,109.278,281.375,0,0,0,1,0,0,0,-0.45,-0.1099,0.0536,-0.2035,0.5954,0.1
72,1,0,294.2425,550.0,2516.1048,-4021.0155,-5039.9297,100.0,96.97,105.31,223.272,38.053,245.165,0,0,0,1,0,0,1,-0.3059,-0.1722,0.1396,-0.2721,-0.0435,0.1
72,2,0,32.607,550.0,5996.6092,1751.9085,2978.5459,100.0,97.0,99.19,214.724,13.515,323.818,0,0,0,1,0,0,0,-0.6189,-0.1526,-0.0171,-0.0342,0.5951,0.1
72,3,0,108.1668,550.0,-1821.2961,4123.2724,5251.8326,96.79,97.06,100.18,187.84,48.014,277.031,0,0,0,1,0,1,0,-0.5582,-0.1679,0.0271,-0.1362,-0.0361,0.1
72,4,0,151.63,550.0,-5904.1006,2478.681,2626.4001,100.0,97.06,105.52,130.182,97.064,272.459,0,0,0,1,0,0,0,-0.5779,-0.0579,-0.0452,-0.1271,0.6261,0.1
72,5,1,258.491,550.0,3952.4493,-1715.5019,-5416.22,100.0,97.06,105.12,187.868,48.546,301.71,0,0,0,1,0,0,0,-0.7483,-0.0969,0.0258,-0.102,0.2168,0.1
72,6,1,343.1824,550.0,1751.821,6501.8392,-1599.2035,100.0,95.77,102.49,246.249,24.278,262.089,0,0,0,1,0,0,0,-0.701,-0.0496,-0.014,-0.2054,-0.1,0.1
72,7,1,98.0338,550.0,-4190.4333,-620.9489,5473.11,84.04,99.1,86.13,124.888,359.155,114.497,0,0,0,1,0,1,0,-0.7181,-0.1503,-0.0198,-0.0961,-10.0,0.1
72,8,1,129.3048,550.0,-3576.3494,-4100.8843,4276.9983,100.0,96.88,104.85,226.125,11.543,314.422,0,0,0,1,0,0,0,-0.1263,-0.1511,0.0691,-0.2078,0.4066,0.1
72,9,1,189.4363,550.0,112.7851,-6860.4873,-906.2198,100.0,96.97,104.47,0.0,66.805,288.222,1,0,0,1,0,0,0,-0.2799,-0.0733,0.0404,-0.2252,0.6527,0.1
73,0,0,218.1501,550.0,-5640.1835,-2104.898,-3414.3778,100.0,96.97,106.42,117.246,112.392,277.411,0,0,0,1,0,0,0,-0.4439,-0.109,0.0527,-0.2058,0.5954,0.1
73,1,0,292.2415,550.0,2285.3149,-4062.3953,-5116.1041,100.0,96.97,105.77,219.439,39.735,240.586,0,0,0,1,0,0,1,-0.3112,-0.169,0.1384,-0.2742,-0.0673,0.1
73,2,0,31.8258,550.0,6044.7083,1692.857,2914.7862,100.0,97.0,99.62,210.484,13.743,322.436,0,0,0,1,0,0,0,-0.5144,-0.195,-0.0041,-0.0308,0.5829,0.1
73,3,0,107.669,550.0,-1758.5761,4131.6458,5266.6075,95.99,97.06,99.41,182.86,48.923,274.95,0,0,0,1,0,1,0,-0.5672,-0.1654,0.0139,-0.1207,-0.0608,0.1
73,4,0,149.9209,550.0,-5791.657,2585.0477,2770.285,100.0,97.06,105.94,125.245,98.827,268.784,0,0,0,1,0,0,0,-0.5624,-0.0652,-0.0204,-0.1505,0.6115,0.1
73,5,1,256.4899,550.0,3899.1739,-1952.5417,-5374.4083,100.0,97.06,105.54,183.44,49.927,299.413,0,0,0,1,0,0,0,-0.7474,-0.0963,0.0259,-0.1041,0.2061,0.1
73,6,1,341.7119,550.0,1856.3801,6437.8373,-1734.458,100.0,95.77,102.92,242.426,25.657,257.895,0,0,0,1,0,0,0,-0.6535,-0.0596,0.0087,-0.2268,-0.1,0.1
73,7,1,97.039,550.0,-4190.5561,-496.6049,5485.6963,83.25,99.1,85.36,118.335,0.055,115.196,0,0,0,1,0,1,0,-0.6976,-0.0968,0.0053,-0.1622,-0.1,0.1
73,8,1,128.0505,550.0,-3627.8964,-3974.0831,4352.6167,100.0,96.88,105.3,222.824,11.945,311.8,0,0,0,1,0,0,0,-0.2386,-0.1775,0.078,-0.1871,0.2877,0.1
73,9,1,187.4386,550.0,-41.2699,-6883.7829,-715.5916,100.0,96.97,104.89,0.0,68.844,284.498,1,0,0,1,0,0,0,-0.2696,-0.0702,0.0389,-0.227,0.6526,0.1
74,0,0,216.149,550.0,-5778.1363,-1970.3827,-3260.5173,100.0,96.97,106.86,111.039,115.532,273.343,0,0,0,1,0,0,0,-0.4375,-0.1081,0.0519,-0.208,0.5954,0.1
74,1,0,290.2404,550.0,2051.6514,-4098.2887,-5186.0387,100.0,96.97,106.23,215.523,41.486,235.868,0,0,0,1,0,0,1,-0.3164,-0.1659,0.1372,-0.2763,-0.0917,0.1
74,2,0,31.071,550.0,6090.0527,1635.1656,2852.671,100.0,97.0,100.04,206.147,13.969,321.039,0,0,0,1,0,0,0,-0.5063,-0.1946,-0.0055,-0.0317,0.5701,0.1
74,3,0,107.2126,550.0,-1700.5368,4139.0901,5279.8057,95.19,97.06,98.64,177.797,49.837,272.809,0,0,0,1,0,1,0,-0.5668,-0.1649,0.0106,-0.1204,-0.0858,0.1
74,4,0,148.2373,550.0,-5675.5787,2687.4177,2909.6105,100.0,97.06,106.37,120.275,100.58,265.033,0,0,0,1,0,0,0,-0.561,-0.0645,-0.0219,-0.1516,0.5956,0.1
74,5,1,254.4889,550.0,3840.6028,-2187.0734,-5326.0418,100.0,97.06,105.96,178.963,51.322,297.063,0,0,0,1,0,0,0,-0.7463,-0.0957,0.0259,-0.1062,0.1955,0.1
74,6,1,340.2384,550.0,1959.7586,6369.2245,-1868.8408,100.0,95.77,103.35,238.574,27.038,253.586,0,0,0,1,0,0,0,-0.6531,-0.0565,0.0058,-0.2282,-0.1,0.1
74,7,1,96.087,550.0,-4189.2453,-377.256,5496.1934,82.45,99.1,84.58,111.725,0.962,115.814,0,0,0,0,0,1,0,-0.6695,-0.112,0.0152,-0.1593,0.0,1.0
74,8,1,126.8317,550.0,-3676.1646,-3848.8247,4424.0935,100.0,96.88,105.74,219.433,12.386,309.085,0,0,0,1,0,0,0,-0.2264,-0.1803,0.0788,-0.1876,0.2721,0.1
74,9,1,185.4443,550.0,-195.0651,-6898.3453,-524.4266,100.0,96.97,105.32,0.0,70.902,280.661,1,0,0,1,0,0,0,-0.2594,-0.0672,0.0375,-0.2287,0.6522,0.1
75,0,0,214.1479,550.0,-5908.7354,-1833.1564,-3102.6802,100.0,96.97,107.3,104.778,118.697,269.17,0,0,0,1,0,0,0,-0.4309,-0.1072,0.051,-0.2104,0.5954,0.1
75,1,0,288.2393,550.0,1815.4118,-4128.6458,-5249.6481,100.0,96.97,106.68,211.525,43.305,231.011,0,0,0,1,0,0,1,-0.3217,-0.1628,0.1359,-0.2785,-0.1,0.1
75,2,0,30.3424,550.0,6132.7726,1578.8562,2792.2311,100.0,97.0,100.46,201.713,14.191,319.625,0,0,0,1,0,0,0,-0.4982,-0.1941,-0.0069,-0.0325,0.5565,0.1
75,3,0,106.7975,550.0,-1647.2241,4145.6919,5291.5152,94.4,97.06,97.86,172.653,50.755,270.608,0,0,0,1,0,1,0,-0.566,-0.1645,0.0075,-0.1199,-0.1,0.1
75,4,0,146.5802,550.0,-5556.2653,2785.7521,3044.2967,100.0,97.06,106.79,115.273,102.321,261.205,0,0,0,1,0,0,0,-0.5596,-0.0639,-0.0234,-0.1528,0.5784,0.1
75,5,1,252.4878,550.0,3776.8135,-2418.7991,-5271.1793,100.0,97.06,106.39,174.44,52.729,294.659,0,0,0,1,0,0,0,-0.7449,-0.0951,0.0259,-0.1085,0.185,0.1
75,6,1,338.761,550.0,2061.9241,6295.9809,-2002.3324,100.0,95.77,103.78,234.695,28.421,249.162,0,0,0,1,0,0,0,-0.6524,-0.0535,0.0028,-0.2296,-0.1,0.1
75,7,1,94.4401,550.0,-4183.463,-174.1138,5510.7679,80.56,98.98,85.81,105.059,1.875,116.354,0,0,0,1,0,1,0,-0.6718,-0.1125,0.0118,-0.1586,-10.0,0.1
75,8,1,125.649,550.0,-3721.2695,-3725.3753,4491.5446,100.0,96.88,106.19,215.95,12.868,306.275,0,0,0,1,0,0,0,-0.2141,-0.1829,0.0795,-0.1881,0.2559,0.1
75,9,1,183.4547,550.0,-348.3067,-6904.2004,-333.077,100.0,96.97,105.75,0.0,72.978,276.707,1,0,0,1,0,0,0,-0.2492,-0.0642,0.036,-0.2304,0.6517,0.1
76,0,0,212.1469,550.0,-6031.8155,-1693.4033,-2941.0589,100.0,96.97,107.73,98.463,121.887,264.89,0,0,0,1,0,0,0,-0.4241,-0.1062,0.0502,-0.2128,0.5954,0.1
76,1,0,286.2383,550.0,1576.8967,-4153.424,-5306.8547,100.0,96.97,107.14,207.448,45.19,226.014,0,0,0,1,0,0,1,-0.3271,-0.1597,0.1346,-0.2808,-0.1,0.1
76,2,0,29.6394,550.0,6172.9929,1523.9471,2733.4931,100.0,97.0,100.89,197.165,14.415,318.207,0,0,0,1,0,0,0,-0.5611,-0.2271,0.0032,-0.0083,0.5421,0.1
76,3,0,106.424,550.0,-1598.6782,4151.5315,5301.8162,93.6,97.06,97.09,167.427,51.672,268.355,0,0,0,1,0,1,0,-0.5713,-0.1615,-0.0029,-0.1024,-0.1,0.1
76,4,0,144.9504,550.0,-5434.1154,2880.0279,3174.2826,100.0,97.06,107.21,110.234,104.063,257.29,0,0,0,1,0,0,0,-0.5337,-0.0743,0.001,-0.1768,0.5598,0.1
76,5,1,250.4867,550.0,3707.8906,-2647.4244,-5209.8879,100.0,97.06,106.81,169.869,54.15,292.199,0,0,0,1,0,0,0,-0.7434,-0.0944,0.0259,-0.1108,0.1745,0.1
76,6,1,337.279,550.0,2162.8405,6218.0805,-2134.9091,100.0,95.77,104.22,230.78,29.818,244.616,0,0,0,1,0,0,0,-0.5837,-0.073,0.0279,-0.2456,-0.1,0.1
76,7,1,92.8361,550.0,-4174.0617,23.9855,5520.5864,79.76,98.98,85.04,98.369,2.805,116.798,0,0,0,1,0,1,0,-0.5411,-0.0486,0.0349,-0.1895,-0.1,0.1
76,8,1,124.5027,550.0,-3763.3306,-3603.9874,4555.0915,100.0,96.88,106.63,212.365,13.391,303.382,0,0,0,1,0,0,0,-0.3192,-0.2036,0.0839,-0.1671,0.239,0.1
76,9,1,181.471,550.0,-500.7043,-6901.4058,-141.8938,100.0,96.97,106.17,0.0,75.071,272.638,1,0,0,1,0,0,0,-0.2392,-0.0613,0.0346,-0.232,0.6508,0.1
77,0,0,210.1458,550.0,-6147.2211,-1551.3115,-2775.8505,100.0,96.97,108.17,92.097,125.102,260.503,0,0,0,1,0,0,0,-0.4171,-0.1052,0.0493,-0.2152,0.5954,0.1
77,1,0,284.2372,550.0,1336.4096,-4172.5881,-5357.5889,100.0,96.97,107.6,203.292,47.143,220.875,0,0,0,1,0,0,1,-0.3324,-0.1566,0.1333,-0.2831,-0.1,0.1
77,2,0,28.9617,550.0,6210.8341,1470.454,2676.4801,100.0,97.0,101.31,192.504,14.64,316.784,0,0,0,1,0,0,0,-0.553,-0.2269,0.0018,-0.0094,0.5269,0.1
77,3,0,106.092,550.0,-1554.9341,4156.6837,5310.7817,92.76,97.06,96.34,162.078,52.655,266.042,0,0,0,1,0,1,0,-0.1322,-0.2475,0.1335,-0.1229,-0.1,0.1
77,4,0,143.3486,550.0,-5309.5254,2970.2376,3299.5257,100.0,97.06,107.64,105.159,105.804,253.285,0,0,0,1,0,0,0,-0.5317,-0.0737,-0.0005,-0.1782,0.5399,0.1
77,5,1,248.4857,550.0,3633.9256,-2872.6592,-5142.2422,100.0,97.06,107.23,165.251,55.583,289.683,0,0,0,1,0,0,0,-0.7417,-0.0937,0.0259,-0.1132,0.1641,0.1
77,6,1,335.7914,550.0,2262.4677,6135.4921,-2266.5431,100.0,95.77,104.65,226.83,31.228,239.946,0,0,0,1,0,0,0,-0.5842,-0.0697,0.0256,-0.2466,-0.1,0.1
77,7,1,91.275,550.0,-4161.3301,216.8667,5525.9878,78.97,98.98,84.27,91.654,3.752,117.149,0,0,0,0,0,1,0,-0.5456,-0.0499,0.0329,-0.1879,0.0,1.0
77,8,1,123.3933,550.0,-3802.4709,-3484.8994,4614.8599,100.0,96.88,107.08,208.677,13.957,300.405,0,0,0,1,0,0,0,-0.3076,-0.2061,0.0838,-0.1679,0.2216,0.1
77,9,1,179.4944,550.0,-651.9724,-6890.0504,48.7744,100.0,96.97,106.6,0.0,77.181,268.452,1,0,0,1,0,0,0,-0.2292,-0.0585,0.0332,-0.2336,0.6496,0.1
78,0,0,208.1447,550.0,-6254.8064,-1407.0717,-2607.2566,100.0,96.97,108.61,85.678,128.341,256.006,0,0,0,1,0,0,0,-0.4098,-0.1042,0.0485,-0.2177,0.5954,0.1
78,1,0,282.2361,550.0,1094.2565,-4186.1107,-5401.7887,100.0,96.97,108.06,199.06,49.161,215.594,0,0,0,1,0,0,1,-0.3378,-0.1535,0.1318,-0.2855,-0.1,0.1
78,2,0,28.3089,550.0,6246.4117,1418.3899,2621.2119,100.0,97.0,101.73,187.729,14.865,315.356,0,0,0,1,0,0,0,-0.5447,-0.2265,0.0003,-0.0106,0.5108,0.1
78,3,0,105.8017,550.0,-1516.0216,4161.2168,5318.4767,91.92,97.06,95.59,156.605,53.705,263.667,0,0,0,1,0,1,0,-0.1293,-0.2477,0.1332,-0.1219,-0.1,0.1
78,4,0,141.7758,550.0,-5182.8876,3056.3884,3420.001,100.0,97.06,108.07,100.046,107.544,249.19,0,0,0,1,0,0,0,-0.5298,-0.073,-0.002,-0.1797,0.5184,0.1
78,5,1,246.4846,550.0,3555.0166,-3094.2174,-5068.3248,100.0,97.06,107.66,160.587,57.029,287.109,0,0,0,1,0,0,0,-0.7397,-0.093,0.0259,-0.1157,0.1539,0.1
78,6,1,334.2975,550.0,2360.7613,6048.1792,-2397.2016,100.0,95.77,105.08,222.847,32.649,235.153,0,0,0,1,0,0,0,-0.5844,-0.0664,0.0232,-0.2476,-0.1,0.1
78,7,1,89.5725,550.0,-4143.4669,426.5618,5527.2025,77.07,98.95,85.49,84.913,4.715,117.406,0,0,0,1,0,1,0,-0.55,-0.0512,0.0309,-0.1863,-10.0,0.1
78,8,1,122.321,550.0,-3838.8158,-3368.3361,4670.9792,100.0,96.88,107.52,204.885,14.564,297.343,0,0,0,1,0,0,0,-0.2959,-0.2086,0.0836,-0.1688,0.2035,0.1
78,9,1,177.5261,550.0,-801.8323,-6870.2535,238.5837,100.0,96.97,107.03,0.0,79.307,264.149,1,0,0,1,0,0,0,-0.2193,-0.0558,0.0318,-0.2351,0.6479,0.1
79,0,0,206.1437,550.0,-6354.4356,-1260.8782,-2435.4827,100.0,96.97,109.05,79.207,131.604,251.4,0,0,0,1,0,0,0,-0.4023,-0.1031,0.0476,-0.2203,0.5954,0.1
79,1,0,280.235,550.0,850.7456,-4193.9717,-5439.4002,100.0,96.97,108.52,194.738,51.258,210.176,0,0,0,1,0,0,1,-0.3905,-0.1777,0.1577,-0.273,-0.1,0.1
79,2,0,27.6808,550.0,6279.8368,1367.7653,2567.705,100.0,97.0,102.16,182.838,15.09,313.925,0,0,0,1,0,0,0,-0.553,-0.2339,0.0012,-0.0058,0.494,0.1
79,3,0,105.5531,550.0,-1481.9662,4165.1932,5324.9585,91.08,97.06,94.84,151.008,54.82,261.234,0,0,0,1,0,1,0,-0.1269,-0.2477,0.1313,-0.1155,-0.1,0.1
79,4,0,140.2326,550.0,-5054.5888,3138.5019,3535.7006,100.0,97.06,108.49,94.896,109.286,245.002,0,0,0,1,0,0,0,-0.5191,-0.076,0.0029,-0.1869,0.4956,0.1
79,5,1,244.4835,550.0,3471.2688,-3311.8178,-4988.2259,100.0,97.06,108.08,155.876,58.488,284.475,0,0,0,1,0,0,0,-0.7375,-0.0923,0.0259,-0.1183,0.1437,0.1
79,6,1,332.7965,550.0,2457.6725,5956.1005,-2526.8465,100.0,95.77,105.52,218.829,34.085,230.233,0,0,0,1,0,0,0,-0.5641,-0.07,0.028,-0.2516,-0.1,0.1
79,7,1,87.913,550.0,-4122.0548,630.6765,5523.6901,76.28,98.95,84.72,78.155,5.693,117.567,0,0,0,0,0,1,0,-0.4904,-0.0332,0.0307,-0.1941,0.0,1.0
79,8,1,121.2864,550.0,-3872.4923,-3254.5085,4723.5811,100.0,96.88,107.97,200.986,15.212,294.199,0,0,0,1,0,0,0,-0.3123,-0.2146,0.0831,-0.1643,0.1848,0.1
79,9,1,175.5673,550.0,-950.0133,-6842.1648,427.1967,100.0,96.97,107.45,0.0,81.448,259.727,1,0,0,1,0,0,0,-0.2095,-0.0532,0.0304,-0.2366,0.6458,0.1
80,0,0,204.1426,550.0,-6445.9829,-1112.9274,-2260.7384,100.0,96.97,109.48,72.686,134.891,246.682,0,0,0,1,0,0,0,-0.3946,-0.102,0.0467,-0.2229,0.5954,0.1
80,1,0,278.234,550.0,606.1866,-4196.1588,-5470.3775,100.0,96.97,108.98,190.329,53.434,204.619,0,0,0,1,0,0,1,-0.3922,-0.1754,0.1564,-0.2762,-0.1,0.1
80,2,0,27.0769,550.0,6311.2156,1318.5887,2515.9735,100.0,97.0,102.58,177.83,15.316,312.491,0,0,0,1,0,0,0,-0.5448,-0.2335,-0.0003,-0.0071,0.4762,0.1
80,3,0,105.3461,550.0,-1452.7893,4168.6686,5330.2763,90.28,97.06,94.07,145.306,55.946,258.768,0,0,0,1,0,1,0,-0.5692,-0.2092,0.0207,-0.0675,-0.1,0.1
80,4,0,138.7197,550.0,-4925.0087,3216.613,3646.6329,100.0,97.06,108.91,89.702,111.015,240.79,0,0,0,1,0,0,0,-0.8272,-0.0877,-0.0256,-0.047,0.4711,0.1
80,5,1,242.4825,550.0,3382.7935,-3525.1842,-4902.043,100.0,97.06,108.5,151.12,59.961,281.781,0,0,0,1,0,0,1,-0.7351,-0.0916,0.0259,-0.1209,0.1337,0.1
80,6,1,331.2874,550.0,2553.1473,5859.2107,-2655.4341,100.0,95.77,105.95,214.778,35.533,225.188,0,0,0,1,0,0,0,-0.5642,-0.0664,0.0257,-0.2527,-0.1,0.1
80,7,1,86.1121,550.0,-4094.4628,851.1203,5514.6359,74.39,98.92,85.94,71.381,6.685,117.631,0,0,0,1,0,1,0,-0.4945,-0.0347,0.0289,-0.1922,-10.0,0.1
80,8,1,120.2896,550.0,-3903.6288,-3143.6143,4772.7992,100.0,96.88,108.42,196.978,15.902,290.973,0,0,0,1,0,0,0,-0.3008,-0.2169,0.0825,-0.1653,0.1656,0.1
80,9,1,173.6192,550.0,-1096.2539,-6805.9623,614.2842,100.0,96.97,107.88,0.0,83.604,255.186,1,0,0,1,1,0,0,-0.1998,-0.0506,0.0291,-0.238,0.9432,0.1
81,0,0,202.1415,550.0,-6529.3331,-963.4186,-2083.2368,100.0,96.97,109.92,66.114,138.2,241.852,0,0,0,1,0,0,0,-0.3867,-0.1009,0.0459,-0.2255,0.5954,0.1
81,1,0,276.2329,550.0,360.8905,-4192.6672,-5494.6829,100.0,96.97,109.44,185.834,55.687,198.924,0,0,0,1,0,0,1,-0.3942,-0.173,0.1549,-0.2794,-0.1,0.1
81,2,0,26.4969,550.0,6340.6498,1270.8666,2466.0289,100.0,97.0,103.01,172.701,15.541,311.055,0,0,0,1,0,0,0,-0.5527,-0.2406,0.0003,-0.0025,0.4575,0.1
81,3,0,105.181,550.0,-1428.5083,4171.6928,5334.4713,89.48,97.06,93.3,139.497,57.083,256.272,0,0,0,1,0,1,0,-0.5671,-0.215,0.0221,-0.06,-0.1,0.1
81,4,0,137.238,550.0,-4794.5188,3290.769,3752.8216,100.0,97.06,109.32,84.463,112.733,236.552,0,0,0,1,0,0,0,-0.8219,-0.0892,-0.0208,-0.0532,0.4452,0.1
81,5,1,240.4814,550.0,3289.7087,-3734.0459,-4809.8814,100.0,97.06,108.95,146.277,61.494,278.984,0,0,0,1,0,0,1,-0.5286,-0.1728,0.1218,-0.2082,0.1239,0.1
81,6,1,329.7695,550.0,2647.1266,5757.4603,-2782.9144,100.0,95.77,106.39,210.691,36.996,220.014,0,0,0,1,0,0,0,-0.5431,-0.0701,0.0306,-0.2565,-0.1,0.1
81,7,1,84.3541,550.0,-4063.1119,1065.5478,5500.5427,73.6,98.92,85.17,64.598,7.69,117.596,0,0,0,1,0,1,0,-0.4286,-0.0156,0.0267,-0.1998,-0.1,0.1
81,8,1,119.3311,550.0,-3932.3538,-3035.838,4818.7677,100.0,96.88,108.86,192.859,16.632,287.666,0,0,0,1,0,0,0,-0.3168,-0.2223,0.081,-0.1608,0.1458,0.1
81,9,1,171.683,550.0,-1240.3035,-6761.8522,799.5266,100.0,96.97,108.3,0.0,85.734,250.572,1,0,0,1,0,0,0,-0.4498,-0.0128,-0.0509,-0.1476,0.6399,0.1
82,0,0,200.1405,550.0,-6604.3811,-812.5528,-1903.1943,100.0,96.97,110.36,59.492,141.532,236.907,0,0,0,1,0,0,0,-0.3785,-0.0997,0.045,-0.2282,0.5954,0.1
82,1,0,274.2318,550.0,115.1694,-4183.5,-5512.2867,100.0,96.97,109.9,181.253,58.016,193.086,0,0,0,1,0,0,1,-0.3964,-0.1706,0.1531,-0.2828,-0.1,0.1
82,2,0,25.9406,550.0,6368.2368,1224.6039,2417.8805,100.0,97.0,103.43,167.453,15.766,309.617,0,0,0,1,0,0,0,-0.5444,-0.24,-0.0013,-0.004,0.438,0.1
82,3,0,105.0576,550.0,-1409.137,4174.3087,5337.5763,88.68,97.06,92.53,133.58,58.231,253.746,0,0,0,1,0,1,0,-0.5566,-0.2166,0.024,-0.0588,-0.1,0.1
82,4,0,135.7881,550.0,-4663.4813,3361.0292,3854.3049,100.0,97.06,109.74,79.18,114.441,232.286,0,0,0,1,0,0,0,-0.8223,-0.0888,-0.0221,-0.0543,0.4176,0.1
82,5,1,238.4803,550.0,3192.1386,-3938.1379,-4711.8534,100.0,97.06,109.4,141.348,63.088,276.08,0,0,0,1,0,0,1,-0.526,-0.1722,0.1218,-0.2104,0.1142,0.1
82,6,1,328.242,550.0,2739.5456,5650.797,-2909.2309,100.0,95.77,106.82,206.572,38.474,214.711,0,0,0,1,0,0,0,-0.5431,-0.0663,0.0284,-0.2576,-0.1,0.1
82,7,1,82.6389,550.0,-4028.331,1273.8263,5481.8024,72.81,98.92,84.39,57.807,8.708,117.461,0,0,0,0,0,1,0,-0.4325,-0.0171,0.0249,-0.1977,0.0,1.0
82,8,1,118.4111,550.0,-3958.7953,-2931.3515,4861.621,100.0,96.88,109.31,188.628,17.403,284.278,0,0,0,1,0,0,0,-0.3055,-0.2243,0.08,-0.1618,0.1254,0.1
82,9,1,169.7599,550.0,-1381.9236,-6710.0666,982.6161,100.0,96.97,108.72,0.0,87.834,245.894,1,0,0,1,0,0,0,-0.4997,-0.0238,-0.0602,-0.1256,0.636,0.1
83,0,0,198.1394,550.0,-6671.0328,-660.5332,-1720.8307,100.0,96.97,110.79,52.908,144.868,231.83,0,0,0,1,0,0,0,-0.3343,0.0758,0.0093,-0.265,0.5954,0.1
83,1,0,272.2308,550.0,-130.6642,-4168.6675,-5523.1675,100.0,96.97,110.35,176.677,60.412,187.066,0,0,0,1,0,0,1,-0.5294,0.0091,0.133,-0.3654,-0.1,0.1
83,2,0,25.4076,550.0,6394.0693,1179.8039,2371.5356,100.0,97.0,103.85,162.195,15.939,308.16,0,0,0,1,0,0,0,-0.9038,-0.0182,-0.1041,-0.0397,0.4175,0.1
83,3,0,104.976,550.0,-1394.6857,4176.5529,5339.616,87.91,97.06,91.75,127.654,59.368,251.16,0,0,0,1,0,1,0,-0.7554,-0.0158,-0.0241,-0.1214,-0.1,0.1
83,4,0,134.3705,550.0,-4532.2478,3427.4638,3951.1344,100.0,97.06,110.16,73.911,116.117,227.969,0,0,0,1,0,0,0,-0.7738,0.0286,-0.0627,-0.1046,0.3884,0.1
83,5,1,236.4792,550.0,3090.2132,-4137.2014,-4608.0786,100.0,97.06,109.84,136.413,64.728,273.044,0,0,0,1,0,0,1,-0.5545,-0.0134,0.093,-0.2663,0.1047,0.1
83,6,1,326.704,550.0,2830.3338,5539.1654,-3034.3201,100.0,95.77,107.26,202.498,39.948,209.253,0,0,0,1,0,0,0,-0.5491,0.0905,-0.0073,-0.3115,-0.1,0.1
83,7,1,80.782,550.0,-3986.216,1497.545,5455.9767,70.91,98.89,85.63,51.071,9.72,117.215,0,0,0,1,0,1,0,-0.3731,0.1094,-0.013,-0.2229,-10.0,0.1
83,8,1,117.5299,550.0,-3983.0807,-2830.3144,4901.4926,100.0,96.88,109.74,184.399,18.184,280.752,0,0,0,1,0,0,0,-0.5345,0.0044,0.0215,-0.2774,0.1046,0.1
83,9,1,167.851,550.0,-1520.8885,-6650.8625,1163.2574,100.0,96.97,109.15,0.0,89.881,241.139,1,0,0,1,0,0,0,-0.3813,0.1195,-0.1057,-0.1567,0.6314,0.1
84,0,0,196.1383,550.0,-6729.2044,-507.5646,-1536.3682,100.0,96.97,111.23,46.363,148.209,226.619,0,0,0,1,0,0,0,-0.3253,0.0777,0.0088,-0.2677,0.5954,0.1
84,1,0,270.2297,550.0,-376.2978,-4148.188,-5527.3119,100.0,96.97,110.8,172.106,62.874,180.861,0,0,0,1,0,0,1,-0.5332,0.0102,0.1313,-0.3697,-0.1,0.1
84,2,0,24.8975,550.0,6418.2359,1136.4685,2326.9998,100.0,97.0,104.26,156.928,16.058,306.683,0,0,0,1,0,0,0,-0.9075,-0.0185,-0.1077,-0.0386,0.3961,0.1
84,3,0,104.9362,550.0,-1385.1615,4178.4555,5340.6066,87.14,97.06,90.96,121.72,60.493,248.515,0,0,0,1,0,1,0,-0.7572,-0.019,-0.0233,-0.1166,-0.1,0.1
84,4,0,132.986,550.0,-4401.1588,3490.1528,4043.3743,100.0,97.06,110.58,68.657,117.764,223.595,0,0,0,1,0,0,0,-0.7736,0.0277,-0.0576,-0.1114,0.3576,0.1
84,5,1,234.4782,550.0,2984.0688,-4330.9838,-4498.6835,100.0,97.06,110.28,131.471,66.415,269.873,0,0,0,1,0,0,1,-0.552,-0.0127,0.0932,-0.2689,0.0955,0.1
84,6,1,325.1549,550.0,2919.4145,5422.508,-3158.1112,100.0,95.77,107.71,198.469,41.421,203.636,0,0,0,1,0,0,0,-0.5373,0.0919,-0.0025,-0.3174,-0.1,0.1
84,7,1,78.9677,550.0,-3940.4838,1714.6272,5425.208,70.09,98.89,84.86,44.399,10.723,116.855,0,0,0,0,0,1,0,-0.2957,0.1301,-0.0171,-0.2283,0.0,1.0
84,8,1,116.6877,550.0,-4005.3357,-2732.8742,4938.5145,100.0,96.88,110.17,180.17,18.974,277.089,0,0,0,1,0,0,0,-0.5559,0.0004,0.0175,-0.2734,0.0833,0.1
84,9,1,165.9575,550.0,-1656.9868,-6584.5197,1341.1696,100.0,96.97,109.57,0.0,91.874,236.305,1,0,0,1,0,0,0,-0.3754,0.122,-0.1081,-0.1562,0.626,0.1
85,0,0,194.1372,550.0,-6778.8231,-353.8529,-1350.0319,100.0,96.97,111.66,39.858,151.554,221.273,0,0,0,1,0,0,0,-0.3162,0.0796,0.0083,-0.2703,0.5954,0.1
85,1,0,268.2286,550.0,-621.4191,-4122.0873,-5524.715,100.0,96.97,111.25,167.54,65.4,174.47,0,0,0,1,0,0,1,-0.5373,0.0114,0.1292,-0.3741,-0.1,0.1
85,2,0,24.4103,550.0,6440.8209,1094.5986,2284.2769,100.0,97.0,104.68,151.652,16.122,305.186,0,0,0,1,0,0,0,-0.9063,-0.0188,-0.1089,-0.0407,0.3737,0.1
85,3,0,104.9382,550.0,-1380.5684,4180.0397,5340.5561,86.37,97.06,90.18,115.775,61.607,245.812,0,0,0,1,0,1,0,-0.7486,-0.019,-0.0221,-0.1171,-0.1,0.1
85,4,0,131.6351,550.0,-4270.5427,3549.1855,4131.1002,100.0,97.06,111.0,63.415,119.382,219.165,0,0,0,1,0,0,0,-0.7748,0.0277,-0.0587,-0.1133,0.3251,0.1
85,5,1,232.4771,550.0,2873.8471,-4519.2396,-4383.8017,100.0,97.06,110.72,126.523,68.149,266.567,0,0,0,1,0,0,1,-0.5493,-0.012,0.0934,-0.2716,0.0864,0.1
85,6,1,323.5937,550.0,3006.7047,5300.7661,-3280.5253,100.0,95.77,108.15,194.488,42.892,197.86,0,0,0,1,0,0,0,-0.5296,0.0941,-0.0043,-0.3176,-0.1,0.1
85,7,1,77.0113,550.0,-3886.3671,1946.3009,5385.9358,68.18,98.86,86.1,37.793,11.716,116.382,0,0,0,1,0,1,0,-0.2988,0.1291,-0.019,-0.2262,-10.0,0.1
85,8,1,115.8848,550.0,-4025.6841,-2639.1672,4972.8166,100.0,96.88,110.6,175.942,19.771,273.287,0,0,0,1,0,0,0,-0.5482,0.0008,0.0146,-0.2762,0.0615,0.1
85,9,1,164.0804,550.0,-1790.0219,-6511.3395,1516.0871,100.0,96.97,110.0,0.0,93.812,231.393,1,0,0,1,0,0,0,-0.3698,0.1244,-0.1106,-0.1558,0.6198,0.1
86,0,0,192.1362,550.0,-6819.827,-199.6054,-1162.049,100.0,96.97,112.1,33.393,154.903,215.791,0,0,0,1,0,0,0,-0.3069,0.0815,0.0077,-0.2731,0.5954,0.1
86,1,0,266.2276,550.0,-865.7165,-4090.3986,-5515.3799,100.0,96.97,111.7,162.981,67.989,167.888,0,0,0,1,0,0,0,-0.5415,0.0127,0.1268,-0.3785,-0.1,0.1
86,2,0,23.9454,550.0,6461.9044,1054.1939,2243.3696,100.0,97.0,105.1,146.366,16.13,303.669,0,0,0,1,0,0,0,-0.9098,-0.019,-0.1128,-0.0395,0.3504,0.1
86,3,0,104.982,550.0,-1380.9074,4181.3225,5339.4642,85.57,97.06,89.41,109.821,62.749,243.002,0,0,0,1,0,1,0,-0.4089,-0.0209,0.0549,-0.2124,-0.1,0.1
86,4,0,130.3183,550.0,-4140.7151,3604.6592,4214.3982,100.0,97.06,111.42,58.188,120.974,214.675,0,0,0,1,0,0,0,-0.7745,0.0268,-0.0536,-0.1205,0.2964,0.1
86,5,1,230.476,550.0,2759.6954,-4701.7301,-4263.5731,100.0,97.06,111.15,121.57,69.93,263.123,0,0,0,1,0,0,1,-0.5464,-0.0112,0.0936,-0.2744,0.0776,0.1
86,6,1,322.0198,550.0,3092.1147,5173.8799,-3401.4753,100.0,95.77,108.59,190.554,44.363,191.922,0,0,0,1,0,0,0,-0.517,0.0954,0.0006,-0.3235,-0.1,0.1
86,7,1,75.097,550.0,-3828.4641,2170.7652,5341.4307,67.31,98.86,85.36,31.29,12.733,115.733,0,0,0,1,0,1,0,0.2196,0.2084,0.0473,-0.3524,-0.1,0.1
86,8,1,115.1214,550.0,-4044.247,-2549.3185,5004.5262,100.0,96.88,111.03,171.712,20.574,269.351,0,0,0,1,0,0,0,-0.5666,-0.0023,0.0102,-0.2711,0.0392,0.1
86,9,1,162.221,550.0,-1919.813,-6431.6423,1687.7609,100.0,96.97,110.43,0.0,95.694,226.404,1,0,0,1,0,0,0,-0.3646,0.1268,-0.113,-0.1553,0.6128,0.1
87,0,0,190.1358,550.0,-6852.1562,-45.0769,-972.7098,100.0,96.97,112.54,26.97,158.256,210.17,0,0,0,1,0,0,0,-0.2975,0.0835,0.0072,-0.2758,0.5954,0.1
87,1,0,264.2265,550.0,-1108.8795,-4053.163,-5499.3179,100.0,96.97,112.14,158.457,70.569,161.158,0,0,0,1,0,0,0,-0.6664,0.0705,-0.0199,-0.2994,-0.1,0.1
87,2,0,23.5028,550.0,6481.5626,1015.2534,2204.2793,100.0,97.0,105.52,141.071,16.081,302.131,0,0,0,1,0,0,0,-0.9086,-0.0192,-0.1141,-0.0416,0.326,0.1
87,3,0,105.0677,550.0,-1386.1763,4182.3139,5337.3221,84.77,97.06,88.64,103.855,63.919,240.087,0,0,0,1,0,1,0,-0.4019,-0.022,0.0561,-0.2115,-0.1,0.1
87,4,0,129.0362,550.0,-4011.9786,3656.6784,4293.3637,100.0,97.06,111.84,52.973,122.537,210.123,0,0,0,1,0,0,0,-0.7758,0.0268,-0.0548,-0.1227,0.282,0.1
87,5,1,228.475,550.0,2641.7665,-4878.2241,-4138.1445,100.0,97.06,111.59,116.611,71.757,259.541,0,0,0,1,0,0,1,-0.5433,-0.0104,0.0938,-0.2772,0.0691,0.1
87,6,1,320.4323,550.0,3175.5477,5041.7897,-3520.8656,100.0,95.77,109.03,186.67,45.833,185.823,0,0,0,1,0,0,0,-0.5085,0.0977,-0.001,-0.3235,-0.1,0.1
87,7,1,73.2245,550.0,-3767.1367,2387.9463,5292.1295,69.39,98.86,85.82,24.891,13.773,114.908,0,0,0,1,0,0,0,0.2174,0.2079,0.045,-0.3504,-0.1,0.1
87,8,1,114.3976,550.0,-4061.1426,-2463.4432,5033.7669,100.0,96.88,111.45,167.482,21.38,265.277,0,0,0,1,0,0,0,-0.5576,-0.0019,0.0075,-0.2733,0.0165,0.1
87,9,1,160.3802,550.0,-2046.1954,-6345.7656,1855.9592,100.0,96.97,110.85,0.0,97.517,221.337,1,0,0,1,0,0,0,-0.3596,0.129,-0.1154,-0.1548,0.6047,0.1
88,0,0,188.1372,550.0,-6875.7673,109.4361,-782.3608,100.0,96.97,112.97,20.59,161.612,204.41,0,0,0,1,0,0,0,-0.2882,0.0854,0.0068,-0.2785,0.5955,0.1
88,1,0,262.2254,550.0,-1350.5991,-4010.4286,-5476.5487,100.0,96.97,112.58,153.97,73.137,154.275,0,0,0,1,0,0,0,-0.6686,0.0732,-0.0236,-0.3026,-0.1,0.1
88,2,0,23.0822,550.0,6499.8677,977.7754,2167.0063,100.0,97.0,105.93,135.766,15.975,300.571,0,0,0,1,0,0,0,-0.9074,-0.0196,-0.1154,-0.0437,0.3007,0.1
88,3,0,105.1952,550.0,-1396.37,4183.0175,5334.1125,83.97,97.06,87.87,97.878,65.117,237.066,0,0,0,1,0,1,0,-0.3954,-0.0233,0.0572,-0.2103,-0.1,0.1
88,4,0,127.7893,550.0,-3884.6224,3705.3541,4368.1004,100.0,97.06,112.26,47.772,124.073,205.509,0,0,0,1,0,0,0,-0.7773,0.0267,-0.056,-0.1249,0.167,0.1
88,5,1,226.4739,550.0,2520.2182,-5048.498,-4007.6688,100.0,97.06,112.03,111.648,73.632,255.818,0,0,0,1,0,0,0,-0.5399,-0.0096,0.0939,-0.2801,0.0608,0.1
88,6,1,318.8306,550.0,3256.9001,4904.4362,-3638.5915,100.0,95.77,109.47,182.835,47.302,179.562,0,0,0,1,0,0,0,-0.5001,0.0998,-0.0025,-0.3236,-0.1,0.1
88,7,1,71.3936,550.0,-3702.7336,2597.8042,5238.4557,71.49,98.86,86.27,18.583,14.812,113.925,0,0,0,1,0,0,0,0.0131,0.1805,-0.0003,-0.3185,-0.0799,0.1
88,8,1,113.7138,550.0,-4076.4858,-2381.6461,5060.6587,100.0,96.88,111.88,163.25,22.188,261.066,0,0,0,1,0,0,0,-0.5487,-0.0018,0.0049,-0.2751,-0.0067,0.1
88,9,1,158.5592,550.0,-2169.0213,-6254.0622,2020.4686,100.0,96.97,111.28,0.0,99.282,216.193,1,0,0,1,0,0,0,-0.355,0.1313,-0.1177,-0.1543,0.5957,0.1
89,0,0,186.1416,550.0,-6890.6487,263.6377,-591.352,100.0,96.97,113.42,14.254,164.989,198.496,0,0,0,1,0,0,0,-0.3028,0.0862,0.043,-0.3099,0.5958,0.1
89,1,0,260.2244,550.0,-1590.5681,-3962.2514,-5447.1,100.0,96.97,113.02,149.526,75.706,147.227,0,0,0,1,0,0,0,-0.6844,0.086,0.0039,-0.3332,-0.1,0.1
89,2,0,22.6833,550.0,6516.888,941.7573,2131.55,100.0,97.0,106.35,130.455,15.828,298.973,0,0,0,1,0,0,0,-0.9225,-0.0116,-0.0799,-0.0772,0.2898,0.1
89,3,0,105.3644,550.0,-1411.4803,4183.4301,5329.8102,83.16,97.06,87.1,91.883,66.361,233.931,0,0,0,1,0,1,0,-0.3836,-0.0351,0.0916,-0.2295,-0.1,0.1
89,4,0,126.5781,550.0,-3758.9216,3750.8027,4438.7192,100.0,97.06,112.68,42.588,125.6,200.816,0,0,0,1,0,0,0,-0.7941,0.0331,-0.0176,-0.1574,0.1513,0.1
89,5,1,224.4728,550.0,2395.2131,-5212.3361,-3872.3052,100.0,97.06,112.46,106.705,75.516,251.982,0,0,0,1,0,0,0,-0.6623,0.0411,0.0202,-0.2271,0.0528,0.1
89,6,1,317.2138,550.0,3336.0609,4761.7619,-3754.5389,100.0,95.77,109.92,179.055,48.785,173.124,0,0,0,1,0,0,0,-0.5107,0.1099,0.0275,-0.3536,-0.1,0.1
89,7,1,69.6038,550.0,-3635.5898,2800.3303,5180.8183,73.58,98.86,86.73,12.365,15.866,112.769,0,0,0,1,0,0,0,-0.0143,0.1807,0.0288,-0.3443,-0.0578,0.1
89,8,1,113.07,550.0,-4090.3876,-2304.0229,5085.317,100.0,96.88,112.32,159.018,23.013,256.702,0,0,0,1,0,0,0,-0.5337,-0.0025,0.0335,-0.3058,-0.0302,0.1
89,9,1,156.759,550.0,-2288.16,-6156.898,2181.0941,100.0,96.97,111.71,0.0,101.006,210.958,1,0,0,1,0,0,0,-0.3761,0.13,-0.083,-0.1836,0.5857,0.1
90,0,0,184.1503,550.0,-6896.8202,417.2334,-400.0355,100.0,96.97,113.85,7.951,168.35,192.474,0,0,0,1,0,0,0,-0.5218,0.0698,-0.034,-0.2138,0.5963,0.1
90,1,0,258.2233,550.0,-1828.4817,-3908.6943,-5411.0077,100.0,96.97,113.47,145.126,78.276,140.01,0,0,0,1,0,0,0,-0.6861,0.0883,0.0,-0.3354,-0.1,0.1
90,2,0,22.3058,550.0,6532.688,907.1964,2097.9093,100.0,97.0,106.77,125.138,15.64,297.336,0,0,0,1,0,0,0,-0.9213,-0.0118,-0.0821,-0.0789,0.2788,0.1
90,3,0,105.5754,550.0,-1431.4958,4183.542,5324.3814,82.35,97.06,86.34,85.869,67.651,230.682,0,0,0,1,0,1,0,-0.3771,-0.0367,0.0926,-0.2275,-0.1,0.1
90,4,0,125.4029,550.0,-3635.1377,3793.145,4505.3375,100.0,97.06,113.1,37.42,127.117,196.044,0,0,0,1,0,0,0,-0.7957,0.0331,-0.0197,-0.1596,0.2349,0.1
90,5,1,222.4718,550.0,2266.9187,-5369.5311,-3732.2187,100.0,97.06,112.89,101.783,77.411,248.031,0,0,0,1,0,0,0,-0.6572,0.0422,0.0193,-0.2301,0.0452,0.1
90,6,1,315.5812,550.0,3412.9115,4613.7116,-3868.5838,100.0,95.77,110.37,175.331,50.281,166.509,0,0,0,1,0,0,0,-0.502,0.1122,0.0253,-0.3536,-0.1,0.1
90,7,1,67.8548,550.0,-3566.0258,2995.5439,5119.6111,75.67,98.86,87.18,6.237,16.932,111.442,0,0,0,1,0,0,0,-0.0177,0.1798,0.0252,-0.3406,-0.0357,0.1
90,8,1,112.4664,550.0,-4102.955,-2230.6602,5107.8524,100.0,96.88,112.75,154.784,23.854,252.185,0,0,0,1,0,0,0,-0.5239,-0.0033,0.031,-0.3063,-0.0541,0.1
90,9,1,154.9806,550.0,-2403.498,-6054.6498,2337.6601,100.0,96.97,112.13,0.0,102.686,205.631,1,0,0,1,0,0,0,-0.372,0.1321,-0.086,-0.1827,0.5746,0.1
91,0,0,182.1645,550.0,-6894.3336,569.9325,-208.7629,100.0,96.97,114.27,1.618,171.695,186.377,0,0,0,1,0,0,0,-0.5912,-0.0632,-0.0297,-0.1505,0.5971,0.1
91,1,0,256.2222,550.0,-2064.0376,-3849.8277,-5368.316,100.0,96.97,113.9,140.708,80.843,132.661,0,0,0,1,0,0,0,-0.7096,-0.0354,-0.0052,-0.2649,-0.1,0.1
91,2,0,21.9497,550.0,6547.3287,874.0894,2066.0821,100.0,97.0,107.19,119.739,15.414,295.712,0,0,0,1,0,0,0,-0.8577,-0.1652,-0.0761,0.0281,0.2675,0.1
91,3,0,105.8281,550.0,-1456.4019,4183.3367,5317.7842,81.52,97.06,85.58,79.736,69.009,227.384,0,0,0,1,0,1,0,-0.1649,-0.24,0.1355,-0.0988,-0.1,0.1
91,4,0,124.2643,550.0,-3513.518,3832.5057,4568.0775,100.0,97.06,113.52,32.207,128.622,191.231,0,0,0,1,0,0,0,-0.8105,-0.0906,-0.0236,-0.0806,0.218,0.1
91,5,1,220.4707,550.0,2135.5068,-5519.8841,-3587.5802,100.0,97.06,113.31,96.821,79.316,244.003,0,0,0,1,0,0,0,-0.6995,-0.0803,0.0219,-0.154,0.0378,0.1
91,6,1,313.9321,550.0,3487.3259,4460.2335,-3980.5924,100.0,95.77,110.81,171.585,51.788,159.757,0,0,0,1,0,0,0,-0.4865,-0.0448,0.0229,-0.2734,-0.1,0.1
91,7,1,66.1462,550.0,-3494.3474,3183.4904,5055.2118,77.81,98.86,87.62,0.129,18.005,109.975,0,0,0,1,0,0,0,-0.0573,0.0411,0.0133,-0.2817,-0.0136,0.1
91,8,1,111.9031,550.0,-4114.2904,-2161.6366,5128.3704,100.0,96.88,113.18,150.45,24.681,247.638,0,0,0,1,0,0,0,-0.7743,-0.1979,-0.0283,-0.0598,-0.0785,0.1
91,9,1,153.225,550.0,-2514.939,-5947.703,2490.0104,100.0,96.97,112.55,0.0,104.324,200.242,1,0,0,1,0,0,0,-0.4522,-0.0017,-0.0843,-0.1235,0.5623,0.1
92,0,0,180.1854,550.0,-6883.2719,721.4491,-17.8837,100.0,96.97,114.7,355.253,175.025,180.204,0,0,0,1,0,0,0,-0.5854,-0.062,-0.0316,-0.1519,0.5982,0.1
92,1,0,254.2211,550.0,-2296.9366,-3785.7292,-5319.0767,100.0,96.97,114.33,136.273,83.407,125.179,0,0,0,1,0,0,0,-0.7112,-0.0335,-0.0079,-0.2679,-0.1,0.1
92,2,0,21.6146,550.0,6560.8675,842.4328,2036.0661,100.0,97.0,107.62,114.256,15.15,294.102,0,0,0,1,0,0,0,-0.8538,-0.1665,-0.0771,0.0265,0.2557,0.1
92,3,0,106.1224,550.0,-1486.1804,4182.7913,5309.9685,80.68,97.06,84.83,73.483,70.436,224.037,0,0,0,0,0,1,0,-0.16,-0.2409,0.137,-0.0969,0.0,1.0
92,4,0,123.1627,550.0,-3394.296,3869.0122,4627.066,100.0,97.06,113.95,26.929,130.133,186.339,0,0,0,1,0,0,0,-0.499,-0.1306,0.0116,-0.1579,0.2005,0.1
92,5,1,218.4696,550.0,2001.1537,-5663.2048,-3438.5661,100.0,97.06,113.74,91.819,81.232,239.896,0,0,0,1,0,0,0,-0.6936,-0.0791,0.0217,-0.1574,0.0307,0.1
92,6,1,312.2659,550.0,3559.1703,4301.28,-4090.4203,100.0,95.77,111.24,167.819,53.305,152.869,0,0,0,1,0,0,0,-0.4835,-0.0405,0.0211,-0.2744,-0.1,0.1
92,7,1,64.4776,550.0,-3420.8455,3364.2376,4987.9818,79.96,98.86,88.04,354.006,19.073,108.417,0,0,0,1,0,0,0,-0.3904,-0.0323,-0.0116,-0.1815,0.0085,0.1
92,8,1,111.3803,550.0,-4124.4916,-2097.0226,5146.9706,100.0,96.88,113.61,146.018,25.492,243.061,0,0,0,1,0,0,0,-0.766,-0.199,-0.0306,-0.0596,-0.1,0.1
92,9,1,151.4931,550.0,-2622.4043,-5836.4499,2638.0084,100.0,96.97,112.98,0.0,105.919,194.792,1,0,0,1,0,0,0,-0.448,0.0005,-0.0867,-0.1233,0.5488,0.1
93,0,0,178.2141,550.0,-6863.749,871.5038,172.2563,100.0,96.97,115.12,348.872,178.327,173.984,0,0,0,1,0,0,0,-0.6654,-0.0337,-0.0556,-0.095,0.5996,0.1
93,1,0,252.2201,550.0,-2526.8831,-3716.4833,-5263.3501,100.0,96.97,114.76,131.836,85.962,117.555,0,0,0,1,0,0,0,-0.716,-0.006,-0.0146,-0.2818,-0.1,0.1
93,2,0,21.3004,550.0,6573.3583,812.2228,2007.8584,100.0,97.0,108.04,108.709,14.841,292.494,0,0,0,1,0,0,0,-0.8914,-0.1286,-0.0904,0.0049,0.2436,0.1
93,3,0,106.4584,550.0,-1520.8093,4181.8762,5300.8765,79.85,97.06,84.08,67.126,71.925,220.633,0,0,0,0,0,1,0,-0.1869,-0.2065,0.1246,-0.116,0.0,1.0
93,4,0,122.0983,550.0,-3277.6913,3902.7943,4682.4328,100.0,97.06,114.38,21.606,131.647,181.359,0,0,0,1,0,0,0,-0.5272,-0.0895,0.0044,-0.1757,0.1823,0.1
93,5,1,216.4686,550.0,1864.0394,-5799.312,-3285.3581,100.0,97.06,114.16,86.791,83.155,235.704,0,0,0,1,0,0,0,-0.6808,-0.0541,0.0151,-0.1724,0.0241,0.1
93,6,1,310.5817,550.0,3628.3031,4136.8089,-4197.9125,100.0,95.77,111.67,164.052,54.831,145.835,0,0,0,1,0,0,0,-0.4954,-0.0005,0.0158,-0.2901,-0.1,0.1
93,7,1,62.8487,550.0,-3345.7957,3537.8743,4918.2657,82.13,98.86,88.46,347.878,20.123,106.799,0,0,0,1,0,0,0,-0.4856,-0.0087,-0.0337,-0.1216,0.0306,0.1
93,8,1,110.8981,550.0,-4133.6515,-2036.8814,5163.7468,100.0,96.88,114.04,141.508,26.282,238.445,0,0,0,1,0,0,0,-0.8177,-0.154,-0.0439,-0.0787,-0.1,0.1
93,9,1,149.786,550.0,-2725.8322,-5721.2874,2781.5373,100.0,96.97,113.4,0.0,107.496,189.23,1,0,0,1,0,0,0,-0.3035,0.0093,-0.0361,-0.2231,0.5341,0.1
94,0,0,176.252,550.0,-6835.9086,1019.8256,361.3174,100.0,96.97,115.53,342.474,181.6,167.715,0,0,0,1,0,0,0,-0.659,-0.0319,-0.0576,-0.0968,0.6016,0.1
94,1,0,250.219,550.0,-2753.5851,-3642.1816,-5201.204,100.0,96.97,115.19,127.397,88.51,109.789,0,0,0,1,0,0,0,-0.7172,-0.0031,-0.0172,-0.2848,-0.1,0.1
94,2,0,21.007,550.0,6584.8516,783.4557,1981.456,100.0,97.0,108.47,103.098,14.485,290.887,0,0,0,1,0,0,0,-0.8893,-0.1284,-0.092,0.0023,0.231,0.1
94,3,0,106.3755,550.0,-1506.2361,4184.2833,5303.1375,77.97,96.94,85.3,60.688,73.415,217.208,0,0,0,1,0,1,0,-0.6264,-0.162,0.0033,-0.0399,-10.0,0.1
94,4,0,121.0716,550.0,-3163.9099,3933.9829,4734.3102,100.0,97.06,114.81,16.238,133.162,176.29,0,0,0,1,0,0,0,-0.5233,-0.0895,0.0035,-0.1793,0.1636,0.1
94,5,1,214.4675,550.0,1724.348,-5928.0338,-3128.1432,100.0,97.06,114.59,81.736,85.086,231.422,0,0,0,1,0,0,0,-0.6738,-0.0519,0.0147,-0.1763,0.0177,0.1
94,6,1,308.8789,550.0,3694.5748,3966.7847,-4302.9033,100.0,95.77,112.1,160.288,56.363,138.655,0,0,0,1,0,0,0,-0.4895,0.0042,0.0139,-0.2914,-0.1,0.1
94,7,1,61.2588,550.0,-3269.4588,3704.5071,4846.3912,84.27,98.86,88.88,341.774,21.166,105.078,0,0,0,1,0,0,0,-0.1661,0.0494,-0.0151,-0.204,0.0528,0.1
94,8,1,110.4566,550.0,-4141.8576,-1981.2695,5178.7863,100.0,96.88,114.46,136.922,27.048,233.79,0,0,0,1,0,0,0,-0.8102,-0.1536,-0.0463,-0.079,-0.1,0.1
94,9,1,148.1045,550.0,-2825.1777,-5602.615,2920.4996,100.0,96.97,113.83,0.0,109.054,183.556,1,0,0,1,0,0,0,-0.304,0.0111,-0.0381,-0.2232,0.5181,0.1
95,0,0,174.3001,550.0,-6799.9238,1166.1526,548.9671,100.0,96.97,115.95,336.048,184.848,161.402,0,0,0,1,0,0,0,-0.6701,-0.0577,-0.0502,-0.0891,0.6041,0.1
95,1,0,248.2179,550.0,-2976.7548,-3562.9223,-5132.7143,100.0,96.97,115.62,122.944,91.05,101.884,0,0,0,1,0,0,0,-0.7152,-0.0279,-0.0146,-0.2762,-0.1,0.1
95,2,0,20.7341,550.0,6595.3945,756.1277,1956.8555,100.0,97.0,108.9,97.4,14.088,289.299,0,0,0,1,0,0,0,-0.891,-0.174,-0.0831,0.0368,0.2272,0.1
95,3,0,106.3341,550.0,-1496.5406,4186.3381,5304.2606,77.18,96.94,84.52,54.169,74.905,213.737,0,0,0,0,0,1,0,-0.6336,-0.1624,-0.0011,-0.0929,0.0,1.0
95,4,0,120.0828,550.0,-3053.1445,3962.7096,4782.832,100.0,97.06,115.24,10.792,134.684,171.144,0,0,0,1,0,0,0,-0.5321,-0.156,0.0155,-0.1522,0.1443,0.1
95,5,1,212.4664,550.0,1582.2668,-6049.2076,-2967.1131,100.0,97.06,115.01,76.642,87.008,227.092,0,0,0,1,0,0,0,-0.8302,-0.0782,-0.0188,-0.0995,0.0117,0.1
95,6,1,307.1569,550.0,3757.8283,3791.1794,-4405.2157,100.0,95.77,112.53,156.509,57.903,131.337,0,0,0,1,0,0,0,-0.4717,-0.0275,0.0157,-0.2779,-0.1,0.1
95,7,1,59.7077,550.0,-3192.0804,3864.2583,4772.6692,86.43,98.86,89.3,335.662,22.205,103.266,0,0,0,1,0,0,0,-0.2498,-0.0177,-0.0075,-0.1824,0.075,0.1
95,8,1,110.0559,550.0,-4149.1923,-1930.2368,5192.1701,99.2,96.88,113.69,132.235,27.793,229.111,0,0,0,1,0,1,0,-0.7444,-0.2006,-0.0419,-0.0464,-0.1,0.1
95,9,1,146.4495,550.0,-2920.4123,-5480.8327,3054.8169,100.0,96.97,114.25,0.0,110.602,177.768,1,0,0,1,0,0,0,-0.2933,-0.0339,-0.0188,-0.2294,0.5008,0.1
96,0,0,172.3597,550.0,-6755.9955,1310.2338,734.8826,100.0,96.97,116.37,329.593,188.07,155.043,0,0,0,1,0,0,0,-0.6651,-0.0569,-0.0519,-0.0905,0.6071,0.1
96,1,0,246.2169,550.0,-3196.109,-3478.8106,-5057.9645,100.0,96.97,116.05,118.478,93.582,93.841,0,0,0,1,0,0,0,-0.7163,-0.026,-0.0164,-0.2787,-0.1,0.1
96,2,0,20.4815,550.0,6605.031,730.2349,1934.0535,100.0,97.0,109.33,91.614,13.649,287.729,0,0,0,1,0,0,0,-0.887,-0.1756,-0.0838,0.0361,0.2229,0.1
96,3,0,105.8739,550.0,-1437.587,4191.3723,5316.5763,75.29,96.82,85.75,47.568,76.395,210.22,0,0,0,1,0,1,0,-0.6289,-0.1638,-0.0003,-0.091,-10.0,0.1
96,4,0,119.1323,550.0,-2945.5748,3989.1061,4828.1324,100.0,97.06,115.67,5.267,136.214,165.921,0,0,0,1,0,0,0,-0.5247,-0.1579,0.0147,-0.1547,0.1245,0.1
96,5,1,210.4653,550.0,1437.9866,-6162.6805,-2802.4641,100.0,97.06,115.43,71.51,88.919,222.71,0,0,0,1,0,0,0,-0.8249,-0.0768,-0.0208,-0.1012,0.0062,0.1
96,6,1,305.415,550.0,3817.8987,3609.974,-4504.6618,100.0,95.77,112.97,152.719,59.45,123.879,0,0,0,1,0,0,0,-0.4669,-0.0231,0.0138,-0.2792,-0.1,0.1
96,7,1,58.1948,550.0,-3113.8916,4017.2642,4697.3938,88.59,98.86,89.72,329.541,23.239,101.365,0,0,0,1,0,0,0,-0.249,-0.0185,-0.0113,-0.1788,0.0972,0.1
96,8,1,109.696,550.0,-4155.732,-1883.8274,5203.9722,98.38,96.88,112.93,127.454,28.565,224.348,0,0,0,1,0,1,0,-0.394,-0.1894,0.0532,-0.1677,-0.1,0.1
96,9,1,144.8218,550.0,-3011.5235,-5356.3396,3184.4297,100.0,96.97,114.68,0.0,112.14,171.865,1,0,0,1,0,0,0,-0.2935,-0.0331,-0.0205,-0.2295,0.4822,0.1
97,0,0,170.4319,550.0,-6704.3512,1451.8305,918.7516,100.0,96.97,116.79,323.111,191.265,148.639,0,0,0,1,0,0,0,-0.6604,-0.0561,-0.0537,-0.0918,0.6108,0.1
97,1,0,244.2158,550.0,-3411.3693,-3389.9581,-4977.0457,100.0,96.97,116.49,113.999,96.105,85.657,0,0,0,1,0,0,0,-0.7173,-0.0242,-0.0179,-0.2811,-0.1,0.1
97,2,0,20.2493,550.0,6613.802,705.7739,1913.0466,100.0,97.0,109.76,85.739,13.166,286.183,0,0,0,1,0,0,0,-0.9261,-0.1787,-0.0889,0.0502,0.2275,0.1
97,3,0,105.4553,550.0,-1383.4425,4195.7471,5327.4791,74.49,96.82,84.98,40.906,77.878,206.626,0,0,0,0,0,1,0,-0.6616,-0.1214,-0.0138,-0.1566,0.0,1.0
97,4,0,118.2204,550.0,-2841.3676,4013.3032,4870.3458,100.0,97.06,116.11,359.652,137.753,160.627,0,0,0,1,0,0,0,-0.564,-0.1789,0.0174,-0.1437,0.1042,0.1
97,5,1,208.4643,550.0,1291.7011,-6268.3093,-2634.3971,100.0,97.06,115.85,66.341,90.818,218.278,0,0,0,1,0,0,0,-0.8191,-0.0755,-0.0228,-0.1028,0.001,0.1
97,6,1,303.6526,550.0,3874.6136,3423.1597,-4601.0421,100.0,95.77,113.4,148.92,61.004,116.281,0,0,0,1,0,0,0,-0.4616,-0.0186,0.012,-0.2805,-0.1,0.1
97,7,1,56.7196,550.0,-3035.109,4163.6727,4620.8423,90.75,98.86,90.15,323.395,24.268,99.381,0,0,0,1,0,0,0,-0.3265,-0.0475,-0.0083,-0.1658,0.1195,0.1
97,8,1,109.3771,550.0,-4161.5478,-1842.0797,5214.2596,97.56,96.88,112.17,122.577,29.361,219.508,0,0,0,1,0,1,0,-0.3948,-0.1897,0.0478,-0.1556,-0.1,0.1
97,9,1,143.2223,550.0,-3098.5142,-5229.532,3309.297,100.0,96.97,115.1,0.0,113.674,165.84,1,0,0,1,0,0,0,-0.266,-0.046,-0.0076,-0.2434,0.4621,0.1
98,0,0,168.518,550.0,-6645.2432,1590.7166,1100.2744,100.0,96.97,117.22,316.6,194.433,142.188,0,0,0,1,0,0,0,-0.6559,-0.0554,-0.0554,-0.0931,0.6151,0.1
98,1,0,242.2147,550.0,-3622.2627,-3296.4828,-4890.0567,100.0,96.97,116.92,109.51,98.618,77.331,0,0,0,1,0,0,0,-0.7182,-0.0224,-0.0193,-0.2833,-0.1,0.1
98,2,0,20.0371,550.0,6621.7451,682.7412,1893.8312,100.0,97.0,110.19,79.773,12.638,284.663,0,0,0,1,0,0,0,-0.9223,-0.1809,-0.0889,0.0504,0.2316,0.1
98,3,0,104.618,550.0,-1279.7512,4201.9895,5348.4355,72.59,96.7,86.21,34.183,79.354,202.953,0,0,0,1,0,1,0,-0.6599,-0.1223,-0.0143,-0.1549,-10.0,0.1
98,4,0,117.3474,550.0,-2740.6779,4035.4307,4909.6054,100.0,97.06,116.53,353.957,139.296,155.296,0,0,0,1,0,0,0,-0.6863,-0.1617,0.0082,-0.0727,0.0834,0.1
98,5,1,206.4632,550.0,1143.6069,-6365.961,-2463.117,100.0,97.06,116.27,61.134,92.706,213.793,0,0,0,1,0,0,0,-0.8131,-0.0741,-0.0248,-0.1045,-0.0038,0.1
98,6,1,301.8691,550.0,3927.793,3230.7391,-4694.1462,100.0,95.77,113.83,145.114,62.562,108.542,0,0,0,1,0,0,0,-0.456,-0.014,0.0101,-0.2819,-0.1,0.1
98,7,1,55.2817,550.0,-2955.9352,4303.6416,4543.2761,92.9,98.86,90.57,317.226,25.291,97.316,0,0,0,1,0,0,0,-0.3251,-0.0483,-0.0121,-0.1621,0.1419,0.1
98,8,1,109.0993,550.0,-4166.7047,-1805.0269,5223.0921,96.74,96.88,111.41,117.606,30.18,214.59,0,0,0,1,0,1,0,-0.3932,-0.1899,0.0467,-0.1544,-0.1,0.1
98,9,1,141.6517,550.0,-3181.4017,-5100.8013,3429.3951,100.0,96.97,115.53,0.0,115.204,159.694,1,0,0,1,0,0,0,-0.2656,-0.0453,-0.0093,-0.2437,0.4406,0.1
99,0,0,166.6191,550.0,-6578.9476,1726.6808,1279.1649,100.0,96.97,117.64,310.062,197.572,135.69,0,0,0,1,0,0,0,-0.6517,-0.0547,-0.0572,-0.0942,0.6202,0.1
99,1,0,240.2137,550.0,-3828.5217,-3198.5091,-4797.1036,100.0,96.97,117.35,105.01,101.121,68.862,0,0,0,1,0,0,0,-0.719,-0.0206,-0.0205,-0.2855,-0.1,0.1
99,2,0,19.8449,550.0,6628.8951,661.1336,1876.4041,100.0,97.0,110.62,73.716,12.063,283.176,0,0,0,1,0,0,0,-0.9561,-0.1831,-0.0944,0.0647,0.2445,0.1
99,3,0,103.8225,550.0,-1180.7372,4206.9396,5367.2861,71.79,96.7,85.44,27.419,80.821,199.176,0,0,0,1,0,1,0,-0.6532,-0.0839,-0.0182,-0.2094,-0.1,0.1
99,4,0,116.5134,550.0,-2643.6486,4055.6163,4946.0428,100.0,97.06,116.96,348.172,140.843,149.934,0,0,0,1,0,0,0,-0.7139,-0.1809,0.0089,-0.0621,0.0621,0.1
99,5,1,204.4621,550.0,993.9029,-6455.5125,-2288.8328,100.0,97.06,116.69,55.891,94.58,209.254,0,0,0,1,0,0,0,-0.8067,-0.0726,-0.0269,-0.1062,-0.0081,0.1
99,6,1,300.0638,550.0,3977.25,3032.728,-4783.7521,100.0,95.77,114.26,141.303,64.124,100.661,0,0,0,1,0,0,0,-0.4499,-0.0094,0.0082,-0.2834,-0.1,0.1
99,7,1,53.8805,550.0,-2876.559,4437.3367,4464.9403,95.06,98.86,90.99,311.019,26.31,95.177,0,0,0,1,0,0,0,-0.3991,-0.0758,-0.009,-0.1479,0.1644,0.1
99,8,1,108.8625,550.0,-4171.2618,-1772.6972,5230.522,95.93,96.88,110.65,112.54,31.02,209.602,0,0,0,1,0,1,0,-0.3929,-0.1902,0.0423,-0.1415,-0.1,0.1
99,9,1,140.1109,550.0,-3260.2175,-4970.5333,3544.7175,100.0,96.97,115.95,0.0,116.736,153.419,1,0,0,1,0,0,0,-0.2308,-0.0608,0.0043,-0.2561,0.4176,0.1
100,0,0,164.7362,550.0,-6505.7617,1859.5262,1455.1521,100.0,96.97,118.06,303.497,200.681,129.144,0,0,0,1,0,0,0,-0.6478,-0.0542,-0.0589,-0.0953,0.6261,0.1
100,1,0,238.2126,550.0,-4029.8847,-3096.1672,-4698.2996,100.0,96.97,117.78,100.501,103.613,60.25,0,0,0,1,0,0,0,-0.7196,-0.0189,-0.0216,-0.2876,-0.1,0.1
100,2,0,19.6727,550.0,6635.2838,640.9482,1860.7621,100.0,97.0,111.06,67.566,11.441,281.721,0,0,0,1,0,0,0,-0.9526,-0.1861,-0.0935,0.0657,0.257,0.1
100,3,0,103.0691,550.0,-1086.4743,4210.7407,5384.1877,70.99,96.7,84.67,20.611,82.277,195.295,0,0,0,0,0,1,0,-0.6538,-0.0848,-0.0198,-0.2078,0.0,1.0
100,4,0,115.7188,550.0,-2550.4114,4073.9855,4979.7876,100.0,97.06,117.38,342.294,142.394,144.539,0,0,0,1,0,0,0,-0.7032,-0.1836,0.0072,-0.0644,0.0403,0.1
100,5,1,202.4611,550.0,842.7905,-6536.8515,-2111.7571,100.0,97.06,117.11,50.612,96.439,204.662,0,0,0,1,0,0,0,-0.8,-0.071,-0.029,-0.1078,-0.0121,0.1
100,6,1,298.2362,550.0,4022.7908,2829.1566,-4869.6271,100.0,95.77,114.69,137.49,65.69,92.637,0,0,0,1,0,0,0,-0.4434,-0.0047,0.0063,-0.285,-0.1,0.1
100,7,1,52.5156,550.0,-2797.1562,4564.9308,4386.0649,97.21,98.86,91.42,304.773,27.322,92.966,0,0,0,1,0,0,0,-0.3972,-0.0766,-0.0127,-0.1443,0.1869,0.1
100,8,1,108.6668,550.0,-4175.272,-1745.1146,5236.5943,95.11,96.88,109.89,107.378,31.881,204.543,0,0,0,1,0,1,0,-0.3906,-0.1905,0.0418,-0.14,-0.1,0.1
100,9,1,138.6005,550.0,-3335.0062,-4839.1062,3655.2737,100.0,96.97,116.38,0.0,118.269,147.016,1,0,0,1,0,0,0,-0.2297,-0.0602,0.0026,-0.2566,0.393,0.1
101,0,0,162.8705,550.0,-6426.0027,1989.0722,1627.9811,100.0,96.97,118.48,296.906,203.761,122.55,0,0,0,1,0,0,0,-0.6442,-0.0536,-0.0606,-0.0964,0.6329,0.1
101,1,0,236.2115,550.0,-4226.0965,-2989.5935,-4593.7654,100.0,96.97,118.22,95.983,106.094,51.493,0,0,0,1,0,0,0,-0.7202,-0.0172,-0.0224,-0.2896,-0.1,0.1
101,2,0,19.5202,550.0,6640.9399,622.1825,1846.9021,100.0,97.0,111.49,61.321,10.773,280.3,0,0,0,1,0,0,0,-0.949,-0.189,-0.0928,0.0665,0.269,0.1
101,3,0,101.8972,550.0,-942.1958,4214.1788,5408.6232,69.08,96.58,85.9,13.761,83.723,191.311,0,0,0,1,0,1,0,-0.6542,-0.0857,-0.0214,-0.2062,-10.0,0.1
101,4,0,114.9637,550.0,-2461.0874,4090.6611,5010.9661,100.0,97.06,117.81,336.324,143.948,139.112,0,0,0,1,0,0,0,-0.6923,-0.1862,0.0054,-0.0666,0.0181,0.1
101,5,1,200.46,550.0,690.4728,-6609.8756,-1932.1057,100.0,97.06,117.53,45.299,98.283,200.016,0,0,0,1,0,0,0,-0.793,-0.0694,-0.0311,-0.1095,-0.0155,0.1
101,6,1,296.3858,550.0,4064.2153,2620.0707,-4951.5275,100.0,95.77,115.12,133.677,67.257,84.47,0,0,0,1,0,0,0,-0.4366,0.0,0.0043,-0.2866,-0.1,0.1
101,7,1,51.1865,550.0,-2717.8898,4686.6016,4306.8645,99.36,98.86,91.84,298.489,28.327,90.684,0,0,0,1,0,0,0,-0.395,-0.0772,-0.0165,-0.1408,0.2096,0.1
101,8,1,108.5123,550.0,-4178.7822,-1722.2983,5241.3461,94.26,96.88,109.14,102.094,32.818,199.408,0,0,0,1,0,1,0,-0.0144,-0.2449,0.1507,-0.1538,-0.1,0.1
101,9,1,137.1212,550.0,-3405.8249,-4706.8895,3761.0887,100.0,96.97,116.81,0.0,119.802,140.485,1,0,0,1,0,0,0,-0.2285,-0.0595,0.0009,-0.2571,0.3669,0.1
102,0,0,161.0232,550.0,-6340.0053,2115.1543,1797.4139,100.0,96.97,118.9,290.287,206.809,115.908,0,0,0,1,0,0,0,-0.6408,-0.0532,-0.0623,-0.0973,0.6406,0.1
102,1,0,234.2104,550.0,-4416.9084,-2878.93,-4483.6284,100.0,96.97,118.65,91.458,108.564,42.59,0,0,0,1,0,0,0,-0.7207,-0.0155,-0.0232,-0.2916,-0.1,0.1
102,2,0,19.3873,550.0,6645.8895,604.8344,1834.8214,100.0,97.0,111.92,54.979,10.065,278.894,0,0,0,1,0,0,0,-0.7961,-0.1941,-0.0788,0.0316,0.2898,0.1
102,3,0,100.7676,550.0,-802.5653,4215.5468,5430.0364,68.28,96.58,85.13,6.888,85.161,187.204,0,0,0,1,0,1,0,-0.6075,-0.0472,-0.0173,-0.2461,-0.1,0.1
102,4,0,114.2483,550.0,-2375.7872,4105.7625,5039.7014,100.0,97.06,118.23,330.252,145.503,133.657,0,0,0,1,0,0,0,-0.7126,-0.2035,0.0034,-0.0547,-0.0045,0.1
102,5,1,198.4589,550.0,537.1547,-6674.4935,-1750.0979,100.0,97.06,117.95,39.952,100.11,195.313,0,0,0,1,0,0,0,-0.7856,-0.0677,-0.0333,-0.1111,-0.0185,0.1
102,6,1,294.512,550.0,4101.3177,2405.5339,-5029.1989,100.0,95.77,115.55,129.866,68.826,76.16,0,0,0,1,0,0,0,-0.4294,0.0049,0.0022,-0.2883,-0.1,0.1
102,7,1,49.8927,550.0,-2638.9106,4802.5308,4227.5395,100.0,98.86,92.26,292.154,29.324,88.34,0,0,0,1,0,0,0,-0.4626,-0.1025,-0.0132,-0.1253,0.2324,0.1
102,8,1,108.399,550.0,-4181.8328,-1704.2636,5244.8071,93.46,96.88,108.37,96.707,33.77,194.224,0,0,0,1,0,1,0,-0.4649,-0.2065,0.0306,-0.0981,-0.1,0.1
102,9,1,135.6738,550.0,-3472.742,-4574.2433,3862.2018,100.0,96.97,117.23,0.0,121.344,133.82,1,0,0,1,1,0,0,-0.1855,-0.0778,0.0162,-0.2663,0.6393,0.1
103,0,0,159.1953,550.0,-6248.1198,2237.6249,1963.2308,100.0,96.97,119.32,283.643,209.825,109.216,0,0,0,1,0,0,0,-0.6378,-0.0528,-0.064,-0.0982,0.6492,0.1
103,1,0,232.2094,550.0,-4602.0786,-2764.3244,-4368.0229,100.0,96.97,119.08,86.926,111.021,33.54,0,0,0,1,0,0,0,-0.7211,-0.0138,-0.0238,-0.2934,-0.1,0.1
103,2,0,19.2742,550.0,6650.1558,588.9021,1824.5174,100.0,97.0,112.35,48.539,9.318,277.505,0,0,0,1,0,0,0,-0.7966,-0.1958,-0.0787,0.0335,0.3253,0.1
103,3,0,99.6804,550.0,-667.6958,4215.0451,5448.6529,67.48,96.58,84.36,359.99,86.589,182.975,0,0,0,0,0,1,0,-0.6094,-0.0483,-0.0194,-0.2444,0.0,1.0
103,4,0,113.5728,550.0,-2294.6118,4119.4056,5066.1124,100.0,97.06,118.66,324.076,147.059,128.174,0,0,0,1,0,0,0,-0.7007,-0.2059,0.0012,-0.0565,-0.0276,0.1
103,5,1,196.4579,550.0,383.0426,-6730.6242,-1565.9555,100.0,97.06,118.37,34.571,101.92,190.555,0,0,0,1,0,0,0,-0.7778,-0.066,-0.0355,-0.1127,-0.0211,0.1
103,6,1,292.6144,550.0,4133.8866,2185.6284,-5102.377,100.0,95.77,115.98,126.06,70.395,67.704,0,0,0,1,0,0,0,-0.4217,0.01,0.0,-0.2902,-0.1,0.1
103,7,1,48.6336,550.0,-2560.3578,4912.9026,4148.2763,100.0,98.86,92.69,285.767,30.313,85.934,0,0,0,1,0,0,0,-0.4567,-0.1028,-0.0166,-0.1237,0.2553,0.1
103,8,1,108.3269,550.0,-4184.4581,-1691.022,5246.9987,92.65,96.88,107.61,91.216,34.738,188.991,0,0,0,1,0,1,0,-0.4563,-0.208,0.0327,-0.0966,-0.1,0.1
103,9,1,134.2588,550.0,-3535.8364,-4441.5164,3958.6656,100.0,96.97,117.66,0.0,122.897,127.015,1,0,0,1,1,0,0,-0.1083,-0.0702,0.0222,-0.2823,0.61,0.1
104,0,0,157.3877,550.0,-6150.7101,2356.3537,2125.2301,100.0,96.97,119.74,276.972,212.808,102.475,0,0,0,1,0,0,0,-0.635,-0.0525,-0.0657,-0.0989,0.6589,0.1
104,1,0,230.2083,550.0,-4781.3727,-2645.9295,-4247.09,100.0,96.97,119.52,82.387,113.466,24.343,0,0,0,1,0,0,0,-0.7214,-0.0122,-0.0243,-0.2952,-0.1,0.1
104,2,0,19.1805,550.0,6653.7592,574.3845,1815.988,100.0,97.0,112.79,42.001,8.532,276.134,0,0,0,1,0,0,0,-0.797,-0.1975,-0.0786,0.0353,0.375,0.1
104,3,0,98.1752,550.0,-482.4694,4211.1254,5471.187,65.59,96.46,85.59,353.074,87.999,178.657,0,0,0,1,0,1,0,-0.7363,-0.036,-0.0347,-0.1763,-10.0,0.1
104,4,0,112.9374,550.0,-2217.653,4131.7021,5090.3138,100.0,97.06,119.09,317.797,148.615,122.661,0,0,0,1,0,0,0,-0.6887,-0.208,-0.001,-0.0582,-0.051,0.1
104,5,1,194.4568,550.0,228.3439,-6778.1979,-1379.9032,100.0,97.06,118.79,29.159,103.71,185.739,0,0,0,1,0,0,0,-0.7697,-0.0642,-0.0377,-0.1142,-0.0232,0.1
104,6,1,290.6925,550.0,4161.7063,1960.4574,-5170.788,100.0,95.77,116.41,122.262,71.962,59.101,0,0,0,1,0,0,0,-0.4137,0.0152,-0.0023,-0.2921,-0.1,0.1
104,7,1,47.4088,550.0,-2482.3596,5017.9032,4069.248,100.0,98.86,93.11,279.329,31.293,83.466,0,0,0,1,0,0,0,-0.4491,-0.103,-0.0198,-0.1228,0.2784,0.1
104,8,1,108.296,550.0,-4186.6861,-1682.581,5247.935,91.84,96.88,106.84,85.62,35.723,183.711,0,0,0,1,0,1,0,-0.4477,-0.2095,0.0348,-0.095,-0.1,0.1
104,9,1,132.8769,550.0,-3595.1969,-4309.0466,4050.5453,100.0,96.97,118.09,0.0,124.46,120.068,1,0,0,1,1,0,0,-0.1057,-0.0698,0.0206,-0.2827,0.4916,0.1
105,0,0,155.6017,550.0,-6048.1515,2471.2279,2283.2295,100.0,96.97,120.16,270.275,215.757,95.684,0,0,0,1,0,0,0,-0.6325,-0.0523,-0.0674,-0.0996,0.6697,0.1
105,1,0,228.2072,550.0,-4954.5635,-2523.9035,-4120.9772,100.0,96.97,119.95,77.844,115.9,14.998,0,0,0,1,0,0,0,-0.7216,-0.0106,-0.0246,-0.2969,-0.1,0.1
105,2,0,19.1064,550.0,6656.7174,561.2807,1809.2313,100.0,97.0,113.22,35.357,7.707,274.788,0,0,0,1,0,0,0,-0.817,-0.2114,-0.0784,0.0518,0.4466,0.1
105,3,0,96.7126,550.0,-302.0458,4204.1375,5489.466,64.81,96.46,84.81,346.157,89.401,174.24,0,0,0,0,0,1,0,-0.6333,-0.0023,-0.0163,-0.2006,0.0,1.0
105,4,0,112.3423,550.0,-2144.9939,4142.7594,5112.4149,100.0,97.06,119.51,311.407,150.168,117.127,0,0,0,1,0,0,0,-0.7031,-0.2226,-0.0041,-0.0448,-0.0748,0.1
105,5,1,192.4557,550.0,73.267,-6817.1555,-1192.168,100.0,97.06,119.22,23.716,105.481,180.865,0,0,0,1,0,0,0,-0.7613,-0.0623,-0.04,-0.1157,-0.0247,0.1
105,6,1,288.7458,550.0,4184.5574,1730.1458,-5234.149,100.0,95.77,116.84,118.474,73.528,50.352,0,0,0,1,0,0,0,-0.4053,0.0205,-0.0046,-0.2942,-0.1,0.1
105,7,1,46.2178,550.0,-2405.0335,5117.719,3990.6149,100.0,98.86,93.54,272.827,32.264,80.944,0,0,0,1,0,0,0,-0.5053,-0.1257,-0.0159,-0.109,0.3039,0.1
105,8,1,108.3063,550.0,-4188.5382,-1678.9447,5247.6217,91.03,96.88,106.08,79.912,36.728,178.393,0,0,0,1,0,1,0,-0.4637,-0.2227,0.0377,-0.0759,-0.1,0.1
105,9,1,131.5286,550.0,-3650.9208,-4177.1591,4137.9174,100.0,96.97,118.53,0.0,126.043,112.978,1,0,0,1,1,0,0,-0.05,-0.0926,0.0401,-0.2845,0.4785,0.1
106,0,0,153.8381,550.0,-5940.8283,2582.1521,2437.066,100.0,96.97,120.59,263.551,218.672,88.843,0,0,0,1,0,0,0,-0.6303,-0.0521,-0.0691,-0.1003,0.6815,0.1
106,1,0,226.2062,550.0,-5121.432,-2398.4093,-3989.8381,100.0,96.97,120.38,73.295,118.32,5.503,0,0,0,1,0,0,0,-0.7217,-0.009,-0.0249,-0.2986,-0.1,0.1
106,2,0,19.0517,550.0,6659.0456,549.5907,1804.2459,100.0,97.0,113.65,28.571,6.88,273.47,0,0,0,1,0,0,0,-0.6495,-0.2832,-0.0034,0.0537,0.517,0.1
106,3,0,94.8323,550.0,-71.2333,4190.5018,5507.7093,62.92,96.34,86.03,339.238,90.795,169.723,0,0,0,1,0,1,0,-0.6355,-0.0037,-0.0178,-0.1984,-10.0,0.1
106,4,0,111.7875,550.0,-2076.7095,4152.6805,5132.5201,100.0,97.06,119.94,304.904,151.718,111.569,0,0,0,1,0,0,0,-0.6905,-0.2244,-0.0061,-0.0461,-0.099,0.1
106,5,1,190.4551,550.0,-81.9461,-6847.4429,-1003.0215,100.0,97.06,119.64,18.242,107.231,175.933,0,0,0,1,0,0,0,-0.7525,-0.0603,-0.0423,-0.1172,-0.0258,0.1
106,6,1,286.774,550.0,4202.2177,1494.8425,-5292.1691,100.0,95.77,117.27,114.699,75.089,41.455,0,0,0,1,0,0,0,-0.3966,0.0259,-0.007,-0.2963,-0.1,0.1
106,7,1,45.06,550.0,-2328.487,5212.5364,3912.5252,100.0,98.86,93.96,266.263,33.226,78.368,0,0,0,1,0,0,0,-0.4975,-0.1259,-0.019,-0.1083,0.3623,0.1
106,8,1,108.3579,550.0,-4190.0293,-1680.1134,5246.057,90.23,96.88,105.31,74.093,37.752,173.037,0,0,0,1,0,1,0,-0.4547,-0.2242,0.0402,-0.0744,-0.1,0.1
106,9,1,130.2145,550.0,-3703.1133,-4046.1662,4220.8687,100.0,96.97,118.94,0.0,127.624,105.803,1,0,0,1,0,0,0,-0.5087,-0.0936,-0.0037,-0.1712,0.2648,0.1
107,0,0,152.0979,550.0,-5829.1321,2689.0482,2586.5962,100.0,96.97,121.01,256.802,221.552,81.951,0,0,0,1,0,0,0,-0.6282,-0.052,-0.0708,-0.1008,0.6946,0.1
107,1,0,224.2051,550.0,-5281.7669,-2269.6149,-3853.8329,100.0,96.97,120.82,68.743,120.728,355.858,0,0,0,1,0,0,0,-0.7218,-0.0075,-0.0251,-0.3002,-0.1,0.1
107,2,0,19.0164,550.0,6660.7559,539.3148,1801.0305,100.0,97.0,114.09,21.635,6.054,272.185,0,0,0,1,0,0,0,-0.6581,-0.2999,0.0022,0.0671,0.6092,0.1
107,3,0,92.9949,550.0,154.4658,4172.3031,5519.8069,62.13,96.34,85.26,332.338,92.187,165.101,0,0,0,1,0,1,0,-0.4801,0.0364,-0.0017,-0.21,-0.1,0.1
107,4,0,111.2732,550.0,-2012.8672,4161.5632,5150.7279,100.0,97.06,120.37,298.283,153.264,105.996,0,0,0,1,0,0,0,-0.7006,-0.2366,-0.0087,-0.0319,-0.1,0.1
107,5,1,188.4561,550.0,-236.9981,-6869.0184,-812.8095,100.0,97.06,120.06,12.739,108.958,170.942,0,0,0,1,0,0,0,-0.7436,-0.0583,-0.0447,-0.1187,-0.0264,0.1
107,6,1,284.7767,550.0,4214.463,1254.7213,-5344.5503,100.0,95.77,117.71,110.94,76.646,32.409,0,0,0,1,0,0,0,-0.3876,0.0314,-0.0095,-0.2985,-0.1,0.1
107,7,1,43.9351,550.0,-2252.8183,5302.5409,3835.1155,100.0,98.86,94.39,259.626,34.181,75.744,0,0,0,1,0,0,0,-0.5471,-0.1468,-0.0149,-0.0939,0.4211,0.1
107,8,1,108.4507,550.0,-4191.1683,-1686.084,5243.2309,89.42,96.88,104.54,68.155,38.799,167.654,0,0,0,1,0,1,0,-0.4676,-0.2362,0.0437,-0.056,-0.1,0.1
107,9,1,128.9352,550.0,-3751.8864,-3916.3669,4299.4952,100.0,96.97,119.36,0.0,129.207,98.549,1,0,0,1,0,0,0,-0.5284,-0.1143,0.0041,-0.16,0.2504,0.1
108,0,0,150.3821,550.0,-5713.4594,2791.8556,2731.6963,100.0,96.97,121.43,250.027,224.395,75.009,0,0,0,1,0,0,0,-0.6263,-0.0519,-0.0726,-0.1013,0.9,0.1
108,1,0,222.204,550.0,-5435.3655,-2137.6923,-3713.1274,100.0,96.97,121.25,64.197,123.113,346.07,0,0,0,1,0,0,0,-0.74,0.0109,-0.0454,-0.285,-0.1,0.1
108,2,0,19.0006,550.0,6661.8582,530.4539,1799.5845,100.0,97.0,114.53,14.555,5.218,270.928,0,0,0,1,0,0,0,-0.5919,-0.2894,-0.0189,0.0576,0.9,0.1
108,3,0,91.2005,550.0,374.8037,4149.8801,5526.1432,61.34,96.34,84.48,325.455,93.578,160.375,0,0,0,0,0,1,0,-0.4821,0.0346,-0.0027,-0.2069,0.0,1.0
108,4,0,110.7995,550.0,-1953.5271,4169.5004,5167.1307,100.0,97.06,120.81,291.54,154.84,100.361,0,0,0,1,0,0,0,-0.3099,-0.2448,0.0586,-0.1215,-0.1,0.1
108,5,1,186.46,550.0,-391.5925,-6881.8718,-621.8818,100.0,97.06,120.48,7.209,110.661,165.89,0,0,0,1,0,0,0,-0.7346,-0.0563,-0.047,-0.12,-0.0263,0.1
108,6,1,282.7757,550.0,4221.0408,1012.6087,-5390.5176,100.0,95.77,118.14,107.199,78.197,23.212,0,0,0,1,0,0,0,-0.3781,0.037,-0.012,-0.3008,-0.1,0.1
108,7,1,42.8424,550.0,-2178.1166,5387.9161,3758.5116,100.0,98.86,94.81,252.915,35.126,73.075,0,0,0,1,0,0,0,-0.5391,-0.1472,-0.018,-0.0934,0.4804,0.1
108,8,1,108.5847,550.0,-4191.9572,-1696.8497,5239.1256,88.61,96.88,103.78,62.099,39.868,162.244,0,0,0,1,0,1,0,-0.4583,-0.2378,0.0465,-0.0545,-0.1,0.1
108,9,1,127.6911,550.0,-3797.3582,-3788.0467,4373.9015,100.0,96.97,119.78,0.0,130.792,91.213,1,0,0,1,0,0,0,-0.5273,-0.1139,0.0024,-0.1607,0.2354,0.1
109,0,0,148.6916,550.0,-5594.2098,2890.5308,2872.2621,100.0,96.97,121.85,243.226,227.201,68.016,0,0,0,1,0,0,0,-0.6248,-0.0517,-0.0739,-0.1023,0.9,0.1
109,1,0,220.203,550.0,-5582.0336,-2002.8181,-3567.8931,100.0,96.97,121.68,59.657,125.476,336.139,0,0,0,1,0,0,0,-0.7372,0.0128,-0.0454,-0.2875,-0.1,0.1
109,2,0,19.0041,550.0,6662.3595,523.0096,1799.9076,100.0,97.0,114.96,7.329,4.374,269.701,0,0,0,1,0,0,0,-0.5832,-0.2901,-0.0185,0.0577,0.9,0.1
109,3,0,89.3339,550.0,603.3532,4121.731,5526.9828,59.46,96.31,85.7,318.588,94.968,155.548,0,0,0,1,0,1,0,-0.4841,0.0328,-0.0036,-0.2039,-10.0,0.1
109,4,0,110.3666,550.0,-1898.7427,4176.5795,5181.8145,99.17,97.06,120.05,284.673,156.445,94.666,0,0,0,1,0,1,0,-0.2978,-0.246,0.0593,-0.1218,-0.1,0.1
109,5,1,184.468,550.0,-545.4349,-6886.0245,-430.59,100.0,97.06,120.91,1.651,112.34,160.778,0,0,0,1,0,0,0,-0.7258,-0.0542,-0.0495,-0.1213,-0.0262,0.1
109,6,1,280.7746,550.0,4221.9146,769.2538,-5429.9103,100.0,95.77,118.58,103.478,79.741,13.863,0,0,0,1,0,0,0,-0.3763,0.04,-0.0152,-0.3029,-0.1,0.1
109,7,1,41.7815,550.0,-2104.4628,5468.8435,3682.8289,100.0,98.86,95.24,246.13,36.061,70.358,0,0,0,1,0,0,0,-0.5309,-0.1475,-0.0212,-0.0929,0.5402,0.1
109,8,1,108.7598,550.0,-4192.3917,-1712.4,5233.7156,87.8,96.88,103.01,55.923,40.963,156.806,0,0,0,1,0,1,0,-0.4492,-0.2393,0.0492,-0.0531,-0.1,0.1
109,9,1,126.4826,550.0,-3839.6516,-3661.4768,4444.1989,100.0,96.97,120.19,0.0,132.376,83.797,1,0,0,1,0,0,0,-0.5262,-0.1136,0.0008,-0.1616,0.2197,0.1
110,0,0,147.0273,550.0,-5471.784,2985.0465,3008.2085,100.0,96.97,122.28,236.399,229.97,60.971,0,0,0,1,0,0,0,-0.6236,-0.0513,-0.0751,-0.1037,0.9,0.1
110,1,0,218.2019,550.0,-5721.586,-1865.173,-3418.3073,100.0,96.97,122.12,55.124,127.816,326.139,0,0,0,1,0,0,0,-0.734,0.0149,-0.0454,-0.2901,-0.1,0.1
110,2,0,19.0271,550.0,6662.2643,516.9841,1801.9998,100.0,97.0,115.4,359.957,3.519,268.502,0,0,0,1,0,0,0,-0.5811,-0.2928,-0.0191,0.0564,0.9,0.1
110,3,0,87.5103,550.0,826.0628,4089.4797,5522.1388,58.67,96.31,84.93,311.743,96.356,150.617,0,0,0,0,0,1,0,-0.4311,0.0438,-0.0018,-0.2075,0.0,1.0
110,4,0,109.9744,550.0,-1848.5614,4182.8823,5194.8588,98.32,97.06,119.31,277.707,158.126,88.854,0,0,0,1,0,1,0,0.0312,-0.1993,0.1528,-0.2331,-0.1,0.1
110,5,1,182.4812,550.0,-698.235,-6881.5297,-239.286,100.0,97.06,121.33,356.067,113.993,155.604,0,0,0,1,0,0,0,-0.7171,-0.0521,-0.0519,-0.1225,-0.0259,0.1
110,6,1,278.7735,550.0,4217.0811,524.9664,-5462.6805,100.0,95.77,119.01,99.742,81.275,4.384,0,0,0,1,0,0,0,-0.5516,-0.0295,-0.0175,-0.2614,-0.1,0.1
110,7,1,40.7519,550.0,-2031.93,5545.5017,3608.1729,100.0,98.86,95.67,239.269,36.985,67.597,0,0,0,1,0,0,0,-0.5362,-0.1527,-0.0225,-0.089,0.6004,0.1
110,8,1,108.9761,550.0,-4192.4611,-1732.721,5226.9674,86.96,96.88,102.26,49.625,42.133,151.311,0,0,0,1,0,1,0,-0.0973,-0.2424,0.1515,-0.1164,-0.1,0.1
110,9,1,125.3104,550.0,-3878.8939,-3536.9148,4510.5052,100.0,96.97,120.61,0.0,133.963,76.299,1,0,0,1,0,0,0,-0.5136,-0.1174,0.0034,-0.1647,0.2034,0.1
111,0,0,145.39,550.0,-5346.5818,3075.3918,3139.4696,100.0,96.97,122.7,229.547,232.7,53.873,0,0,0,1,0,0,0,-0.6224,-0.0509,-0.0762,-0.1051,0.9,0.1
111,1,0,216.2008,550.0,-5853.8463,-1724.9412,-3264.5523,100.0,96.97,122.55,50.6,130.133,316.139,0,0,0,1,0,0,0,-0.7296,0.0169,-0.045,-0.2933,-0.1,0.1
111,2,0,19.0694,550.0,6661.5742,512.3801,1805.8616,100.0,97.0,115.84,352.453,2.648,267.362,0,0,0,1,0,0,0,-0.6965,-0.2649,-0.0335,0.1192,0.622,0.1
111,3,0,85.6146,550.0,1056.4251,4051.0707,5511.1735,56.78,96.28,86.15,304.919,97.743,145.583,0,0,0,1,0,1,0,-0.4326,0.042,-0.0028,-0.2044,-10.0,0.1
111,4,0,109.6232,550.0,-1803.0247,4188.4851,5206.3361,97.46,97.06,118.57,270.641,159.883,82.925,0,0,0,1,0,1,0,0.0336,-0.1997,0.1524,-0.2334,-0.1,0.1
111,5,1,180.5009,550.0,-849.7078,-6868.4717,-48.3199,100.0,97.06,121.75,350.461,115.634,150.358,0,0,0,1,0,0,0,-0.6481,-0.0436,-0.024,-0.1452,-0.0255,0.1
111,6,1,276.7725,550.0,4206.5441,280.0571,-5488.7882,100.0,95.77,119.44,95.993,82.8,354.773,0,0,0,1,0,0,0,-0.5484,-0.0269,-0.0205,-0.2647,-0.1,0.1
111,7,1,39.7531,550.0,-1960.584,5618.0663,3534.6403,100.0,98.86,96.09,232.331,37.895,64.792,0,0,0,1,0,0,0,-0.5277,-0.1529,-0.0257,-0.0886,0.6611,0.1
111,8,1,109.2335,550.0,-4192.1483,-1757.7946,5218.8401,86.12,96.88,101.51,43.207,43.379,145.758,0,0,0,1,0,1,0,-0.0925,-0.2431,0.1531,-0.1147,-0.1,0.1
111,9,1,124.1747,550.0,-3915.2156,-3414.6039,4572.943,100.0,96.97,121.03,0.0,135.55,68.718,1,0,0,1,0,0,0,-0.512,-0.1171,0.0017,-0.1657,0.1865,0.1
112,0,0,143.7806,550.0,-5219.0006,3161.5712,3265.9978,100.0,96.97,123.12,222.67,235.392,46.722,0,0,0,1,0,0,0,-0.6214,-0.0505,-0.0773,-0.1065,0.9,0.1
112,1,0,214.1998,550.0,-5978.6478,-1582.3106,-3106.8158,100.0,96.97,122.99,46.085,132.429,306.139,0,0,0,1,0,0,0,-0.7242,0.0188,-0.0443,-0.2971,-0.1,0.1
112,2,0,19.1312,550.0,6660.2887,509.2012,1811.4939,100.0,97.0,116.28,344.815,1.76,266.281,0,0,0,1,0,0,0,-0.6923,-0.2675,-0.0345,0.1172,0.5242,0.1
112,3,0,83.7617,550.0,1280.474,4008.7038,5494.6266,55.98,96.28,85.38,298.121,99.129,140.446,0,0,0,1,0,1,0,-0.3791,0.053,-0.002,-0.2081,-0.1,0.1
112,4,0,109.3129,550.0,-1762.1686,4193.4581,5216.3121,96.6,97.06,117.83,263.474,161.717,76.882,0,0,0,1,0,1,0,0.0212,-0.202,0.1524,-0.2302,-0.1,0.1
112,5,1,178.5283,550.0,-999.5753,-6846.9655,141.9619,100.0,97.06,122.17,344.834,117.262,145.039,0,0,0,1,0,0,0,-0.6427,-0.0425,-0.0259,-0.1464,-0.0249,0.1
112,6,1,274.7714,550.0,4190.3156,34.8376,-5508.2014,100.0,95.77,119.87,92.241,84.3,345.035,0,0,0,1,0,0,0,-0.5582,-0.0061,-0.0482,-0.2524,-0.1,0.1
112,7,1,38.7848,550.0,-1890.4835,5686.7091,3462.3189,100.0,98.86,96.52,225.314,38.793,61.945,0,0,0,1,0,0,0,-0.5325,-0.158,-0.027,-0.0848,0.9,0.1
112,8,1,109.532,550.0,-4191.4297,-1787.5988,5209.2848,85.28,96.88,100.76,36.666,44.703,140.152,0,0,0,1,0,1,0,-0.0991,-0.2443,0.1539,-0.1082,-0.1,0.1
112,9,1,123.0759,550.0,-3948.7497,-3294.7736,4631.6394,100.0,96.97,121.44,0.0,137.14,61.052,1,0,0,1,0,0,0,-0.4983,-0.1212,0.0044,-0.1685,0.169,0.1
113,0,0,142.1999,550.0,-5089.4333,3243.6043,3387.7635,100.0,96.97,123.56,215.818,238.073,39.447,0,0,0,1,0,0,0,-0.03,0.0516,-0.022,-0.2485,1.0,0.1
113,1,0,212.1987,550.0,-6095.8331,-1437.4725,-2945.29,100.0,96.97,123.43,41.581,134.702,296.139,0,0,0,1,0,0,0,-0.7186,0.0207,-0.0435,-0.3008,-0.1,0.1
113,2,0,19.2125,550.0,6658.4041,507.4514,1818.8979,100.0,97.0,116.73,337.062,0.835,265.261,0,0,0,1,0,0,0,-0.8435,-0.2287,-0.0742,0.123,0.4275,0.1
113,3,0,81.9517,550.0,1498.0648,3962.7337,5472.9137,55.18,96.28,84.61,291.366,100.508,135.207,0,0,0,0,0,1,0,-0.2977,0.0847,-0.0152,-0.2036,0.0,1.0
113,4,0,109.0437,550.0,-1726.0242,4197.8657,5224.845,95.76,97.06,117.08,256.21,163.61,70.735,0,0,0,1,0,1,0,-0.1221,-0.1946,0.1187,-0.2072,-0.1,0.1
113,5,1,176.5646,550.0,-1147.5682,-6817.1565,331.2185,100.0,97.06,122.59,339.188,118.866,139.655,0,0,0,1,0,0,0,-0.6462,-0.0371,-0.049,-0.1292,-0.0241,0.1
113,6,1,272.7703,550.0,4168.4148,-210.3803,-5520.8966,100.0,95.77,120.3,88.487,85.775,335.169,0,0,0,1,0,0,0,-0.5541,-0.0033,-0.0512,-0.2559,-0.1,0.1
113,7,1,37.8464,550.0,-1821.6813,5751.598,3391.2886,100.0,98.86,96.94,218.225,39.667,59.073,0,0,0,1,0,0,0,-0.6714,-0.1459,-0.0463,-0.0481,0.9,0.1
113,8,1,109.8714,550.0,-4190.2755,-1822.1075,5198.2456,84.42,96.88,100.02,30.002,46.119,134.476,0,0,0,1,0,1,0,0.0137,-0.2442,0.1858,-0.1387,-0.1,0.1
113,9,1,122.0145,550.0,-3979.6311,-3177.6392,4686.7245,100.0,96.97,121.86,0.0,138.736,53.305,1,0,0,1,0,0,0,-0.5426,-0.1459,0.0141,-0.163,0.151,0.1
114,0,0,140.6486,550.0,-4958.2673,3321.5244,3504.7543,100.0,96.97,123.99,208.993,240.743,32.046,0,0,0,1,0,0,0,-0.0209,0.0529,-0.0224,-0.2513,1.0,0.1
114,1,0,210.1976,550.0,-6205.2544,-1290.6211,-2780.1719,100.0,96.97,123.86,37.088,136.954,286.139,0,0,0,1,0,0,0,-0.713,0.0227,-0.0428,-0.3046,-0.1,0.1
114,2,0,19.3132,550.0,6655.9143,507.1356,1828.0752,100.0,97.0,117.17,329.196,359.871,264.301,0,0,0,1,0,0,0,-0.8338,-0.2273,-0.077,0.1184,0.3319,0.1
114,3,0,80.0692,550.0,1722.4806,3910.2824,5444.5379,53.28,96.25,85.84,284.652,101.878,129.868,0,0,0,1,0,1,0,-0.2992,0.0828,-0.0165,-0.2005,-10.0,0.1
114,4,0,108.8155,550.0,-1694.6179,4201.7662,5231.9854,94.92,97.06,116.33,248.848,165.563,64.484,0,0,0,1,0,1,0,-0.1175,-0.1953,0.119,-0.2068,-0.1,0.1
114,5,1,174.611,550.0,-1293.4267,-6779.2187,519.1163,100.0,97.06,123.01,333.525,120.444,134.206,0,0,0,1,0,0,0,-0.6415,-0.0362,-0.0509,-0.1302,-0.0232,0.1
114,6,1,270.7693,550.0,4140.8689,-455.2847,-5526.8582,100.0,95.77,120.73,84.733,87.222,325.174,0,0,0,1,0,0,0,-0.5499,-0.0004,-0.0543,-0.2595,-0.1,0.1
114,7,1,36.9374,550.0,-1754.2239,5812.8968,3321.6217,100.0,98.86,97.37,211.062,40.516,56.177,0,0,0,1,0,0,0,-0.6637,-0.146,-0.0496,-0.0477,0.9,0.1
114,8,1,110.2518,550.0,-4188.6493,-1861.2898,5185.6589,83.57,96.88,99.28,23.217,47.629,128.731,0,0,0,1,0,1,0,0.0165,-0.2443,0.187,-0.1375,-0.1,0.1
114,9,1,120.9907,550.0,-4007.9954,-3063.4027,4738.3307,100.0,96.97,122.28,0.0,140.339,45.476,1,0,0,1,0,0,0,-0.5398,-0.146,0.0123,-0.1644,0.1324,0.1
115,0,0,139.1276,550.0,-4825.8828,3395.3784,3616.9741,100.0,96.97,124.42,202.195,243.401,24.518,0,0,0,1,0,0,0,-0.012,0.0541,-0.0228,-0.2541,1.0,0.1
115,1,0,208.1965,550.0,-6306.7741,-1141.9533,-2611.6631,100.0,96.97,124.3,32.607,139.185,276.139,0,0,0,1,0,0,0,-0.7073,0.0246,-0.042,-0.3083,-0.1,0.1
115,2,0,19.4336,550.0,6652.8107,508.2591,1839.0279,100.0,97.0,117.61,321.223,358.861,263.396,0,0,0,1,0,0,0,-0.8495,-0.2131,-0.092,0.1106,0.2727,0.1
115,3,0,78.2291,550.0,1940.0181,3854.3901,5411.1226,52.48,96.25,85.07,277.985,103.24,124.426,0,0,0,1,0,1,0,-0.2498,0.0928,-0.0167,-0.2048,-0.1,0.1
115,4,0,108.6285,550.0,-1667.9716,4205.2117,5237.7769,94.07,97.06,115.59,241.387,167.575,58.132,0,0,0,1,0,1,0,-0.1264,-0.1974,0.1193,-0.2019,-0.1,0.1
115,5,1,172.6687,550.0,-1436.9027,-6733.3543,705.3306,100.0,97.06,123.44,327.843,121.995,128.692,0,0,0,1,0,0,0,-0.6372,-0.0352,-0.0528,-0.1311,-0.022,0.1
115,6,1,268.7682,550.0,4107.7125,-699.5643,-5526.079,100.0,95.77,121.16,80.981,88.641,315.174,0,0,0,1,0,0,0,-0.5455,0.0025,-0.0573,-0.2631,-0.1,0.1
115,7,1,36.0575,550.0,-1688.1525,5870.7647,3253.3835,100.0,98.86,97.79,203.825,41.341,53.258,0,0,0,1,0,0,0,-0.6718,-0.149,-0.0483,-0.048,0.6903,0.1
115,8,1,110.673,550.0,-4186.5089,-1905.1103,5171.4542,85.66,96.88,99.73,16.309,49.232,122.92,0,0,0,1,0,0,0,0.008,-0.2452,0.1875,-0.1316,-0.1,0.1
115,9,1,120.005,550.0,-4033.9787,-2952.2526,4786.5918,100.0,96.97,122.7,0.0,141.95,37.563,1,0,0,1,0,0,0,-0.5239,-0.1505,0.0151,-0.1669,0.1133,0.1
116,0,0,137.6374,550.0,-4692.6515,3465.2257,3724.4427,100.0,96.97,124.86,195.425,246.048,16.862,0,0,0,1,0,0,0,-0.0035,0.0551,-0.0233,-0.2567,1.0,0.1
116,1,0,206.1955,550.0,-6400.2645,-991.6689,-2439.9689,100.0,96.97,124.74,28.139,141.396,266.139,0,0,0,1,0,0,0,-0.7015,0.0265,-0.0411,-0.3121,-0.1,0.1
116,2,0,19.5736,550.0,6649.0817,510.828,1851.7582,100.0,97.0,118.05,313.145,357.803,262.544,0,0,0,1,0,0,0,-0.8392,-0.2115,-0.0951,0.1061,0.2331,0.1
116,3,0,76.4313,550.0,2150.6019,3795.4064,5373.085,51.68,96.25,84.3,271.363,104.593,118.883,0,0,0,0,0,1,0,-0.2512,0.0907,-0.0182,-0.2016,0.0,1.0
116,4,0,108.4826,550.0,-1646.103,4208.2478,5242.2549,93.23,97.06,114.84,233.828,169.647,51.68,0,0,0,1,0,1,0,-0.1219,-0.1982,0.1199,-0.2013,-0.1,0.1
116,5,1,170.7388,550.0,-1577.7601,-6679.7919,889.5476,100.0,97.06,123.86,322.145,123.52,123.111,0,0,0,1,0,0,0,-0.6333,-0.0346,-0.0545,-0.1319,-0.0206,0.1
116,6,1,266.7671,550.0,4068.9878,-942.9084,-5518.5599,100.0,95.77,121.6,77.231,90.03,305.174,0,0,0,1,0,0,0,-0.5386,0.0055,-0.0595,-0.2674,-0.1,0.1
116,7,1,35.2062,550.0,-1623.5033,5925.3565,3186.6328,100.0,98.86,98.22,196.514,42.142,50.313,0,0,0,1,0,0,0,-0.6666,-0.1479,-0.0489,-0.0516,0.6267,0.1
116,8,1,111.1349,550.0,-4183.8056,-1953.5285,5155.5541,87.8,96.88,100.16,9.282,50.833,117.135,0,0,0,1,0,0,0,-0.6362,-0.2386,-0.0052,0.0512,-0.1,0.1
116,9,1,119.0575,550.0,-4057.7166,-2844.3645,4831.6423,100.0,96.97,123.12,0.0,143.566,29.567,1,0,0,1,0,0,0,-0.5206,-0.1509,0.0132,-0.1683,0.0936,0.1
117,0,0,136.1788,550.0,-4558.9356,3531.1372,3827.1944,100.0,96.97,125.29,188.682,248.682,9.076,0,0,0,1,0,0,0,0.0048,0.056,-0.0238,-0.2594,1.0,0.1
117,1,0,204.1944,550.0,-6485.6082,-839.9695,-2265.2989,100.0,96.97,125.18,23.686,143.586,256.139,0,0,0,1,0,0,0,-0.6956,0.0285,-0.0403,-0.3159,-0.1,0.1
117,2,0,19.7333,550.0,6644.7131,514.8492,1866.2688,100.0,97.0,118.49,304.962,356.697,261.743,0,0,0,1,0,0,0,-0.8286,-0.2097,-0.0981,0.1015,0.194,0.1
117,3,0,74.6756,550.0,2354.1888,3733.6684,5330.8308,50.84,96.25,83.55,264.818,105.953,113.189,0,0,0,0,0,1,0,0.1631,0.1532,0.0153,-0.3037,0.0,1.0
117,4,0,108.3779,550.0,-1629.0258,4210.9142,5245.4473,92.43,97.06,114.07,226.182,171.718,45.17,0,0,0,1,0,1,0,-0.5986,-0.1722,-0.0039,-0.1155,-0.1,0.1
117,5,1,168.8226,550.0,-1715.7765,-6618.7849,1071.4653,100.0,97.06,124.28,316.429,125.016,117.464,0,0,0,1,0,0,0,-0.6297,-0.0341,-0.0563,-0.1326,-0.0189,0.1
117,6,1,264.766,550.0,4024.7444,-1185.0078,-5504.3101,100.0,95.77,122.03,73.485,91.389,295.174,0,0,0,1,0,0,0,-0.5315,0.0087,-0.0617,-0.2717,-0.1,0.1
117,7,1,34.383,550.0,-1560.3079,5976.8221,3121.4224,100.0,98.86,98.64,189.13,42.918,47.34,0,0,0,1,0,0,0,-0.6612,-0.1469,-0.0495,-0.0553,0.5624,0.1
117,8,1,111.6375,550.0,-4180.4848,-2006.4982,5137.8743,89.94,96.88,100.59,2.135,52.433,111.377,0,0,0,1,0,0,0,-0.6273,-0.2405,-0.0029,0.0542,-0.1,0.1
117,9,1,118.1487,550.0,-4079.3439,-2739.9013,4873.6162,100.0,96.97,123.53,0.0,145.189,21.485,1,0,0,1,0,0,0,-0.5172,-0.1513,0.0111,-0.1698,0.0735,0.1
118,0,0,134.7525,550.0,-4425.0867,3593.1947,3925.2772,100.0,96.97,125.72,181.968,251.305,1.159,0,0,0,1,0,0,0,0.0131,0.0568,-0.0242,-0.262,0.7721,0.1
118,1,0,202.1933,550.0,-6562.6981,-687.0589,-2087.8659,100.0,96.97,125.62,19.248,145.757,246.139,0,0,0,1,0,0,0,-0.6896,0.0304,-0.0394,-0.3196,-0.1,0.1
118,2,0,19.9128,550.0,6639.6879,520.3301,1882.5625,100.0,97.0,118.93,296.674,355.54,260.99,0,0,0,1,0,0,0,-0.8177,-0.2079,-0.1011,0.0971,0.1553,0.1
118,3,0,72.9616,550.0,2550.765,3669.4996,5284.7528,52.95,96.25,84.0,258.348,107.321,107.344,0,0,0,0,0,0,0,0.1608,0.1508,0.0136,-0.3007,0.0,1.0
118,4,0,108.3145,550.0,-1616.7502,4213.2439,5247.3742,91.63,97.06,113.3,218.45,173.786,38.603,0,0,0,1,0,1,0,-0.5927,-0.1731,-0.0034,-0.1147,-0.1,0.1
118,5,1,166.9211,550.0,-1850.7442,-6550.6105,1250.7954,100.0,97.06,124.7,310.696,126.483,111.751,0,0,0,1,0,0,0,-0.6265,-0.0337,-0.058,-0.1333,-0.0169,0.1
118,6,1,262.765,550.0,3975.0396,-1425.5549,-5483.347,100.0,95.77,122.46,69.739,92.72,285.174,0,0,0,1,0,0,0,-0.6052,-0.0012,-0.0545,-0.2682,-0.1,0.1
118,7,1,33.5876,550.0,-1498.5934,6025.3067,3057.7995,100.0,98.86,99.07,181.672,43.669,44.337,0,0,0,1,0,0,0,-0.6558,-0.1457,-0.0502,-0.0592,0.4975,0.1
118,8,1,112.1806,550.0,-4176.4859,-2063.9678,5118.3243,92.08,96.88,101.02,354.866,54.032,105.648,0,0,0,1,0,0,0,-0.6183,-0.2424,-0.0005,0.057,-0.1,0.1
118,9,1,117.2787,550.0,-4098.9934,-2639.0139,4912.6469,100.0,96.97,123.95,0.0,146.816,13.318,1,0,0,1,0,0,0,-0.5136,-0.1517,0.009,-0.1713,0.0528,0.1
119,0,0,133.359,550.0,-4291.4447,3651.4894,4018.7521,100.0,96.97,126.16,175.283,253.915,353.11,0,0,0,1,0,0,0,0.0212,0.0576,-0.0247,-0.2646,0.7417,0.1
119,1,0,200.1923,550.0,-6631.4379,-533.1427,-1907.8865,100.0,96.97,126.06,14.826,147.908,236.139,0,0,0,1,0,0,0,-0.6835,0.0324,-0.0386,-0.3234,-0.1,0.1
119,2,0,20.1123,550.0,6633.9865,527.2788,1900.6424,100.0,97.0,119.37,288.284,354.331,260.284,0,0,0,1,0,0,0,-0.807,-0.2062,-0.1039,0.0927,0.117,0.1
119,3,0,71.2891,550.0,2740.3436,3603.2097,5235.2304,55.08,96.25,84.43,251.932,108.677,101.377,0,0,0,0,0,0,0,-0.1041,0.1072,-0.0219,-0.2448,0.0,1.0
119,4,0,108.2923,550.0,-1609.2825,4215.2635,5248.0476,90.83,97.06,112.52,210.63,175.854,31.979,0,0,0,1,0,1,0,-0.5867,-0.1742,-0.0026,-0.1139,-0.1,0.1
119,5,1,165.0356,550.0,-1982.4705,-6475.567,1427.2644,100.0,97.06,125.13,304.947,127.92,105.971,0,0,0,1,0,0,0,-0.6235,-0.0333,-0.0598,-0.134,-0.0146,0.1
119,6,1,260.7639,550.0,3919.9378,-1664.244,-5455.6961,100.0,95.77,122.9,65.994,94.022,275.174,0,0,0,1,0,0,0,-0.5976,0.0019,-0.0567,-0.2727,-0.1,0.1
119,7,1,32.8196,550.0,-1438.3832,6070.9506,2995.806,100.0,98.86,99.49,174.143,44.394,41.303,0,0,0,1,0,0,0,-0.6503,-0.1446,-0.0509,-0.0632,0.432,0.1
119,8,1,112.7641,550.0,-4171.7426,-2125.8791,5096.8071,94.21,96.88,101.46,347.487,55.62,99.973,0,0,0,1,0,0,0,-0.6871,-0.2217,-0.0226,0.1097,-0.1,0.1
119,9,1,116.4478,550.0,-4116.7963,-2541.8413,4948.8657,100.0,96.97,124.37,0.0,148.446,5.064,1,0,0,1,0,0,0,-0.5098,-0.1525,0.0069,-0.1728,0.0318,0.1
120,0,0,131.999,550.0,-4158.3377,3706.1217,4107.6916,100.0,96.97,126.6,168.642,256.504,344.936,0,0,0,1,0,0,0,-0.0017,0.0883,-0.0426,-0.249,0.7097,0.1
120,1,0,198.1912,550.0,-6691.7417,-378.4277,-1725.5802,100.0,96.97,126.5,10.421,150.041,226.139,0,0,0,1,0,0,0,-0.6774,0.0344,-0.0377,-0.3271,-0.1,0.1
120,2,0,20.3318,550.0,6627.5861,535.704,1920.5117,100.0,97.0,119.81,279.792,353.068,259.622,0,0,0,1,0,0,0,-0.796,-0.2044,-0.1067,0.0884,0.0791,0.1
120,3,0,69.5426,550.0,2935.4674,3530.4027,5178.7575,56.13,96.22,86.85,245.514,110.011,95.331,0,0,0,1,0,0,0,-0.4333,-0.0035,-0.0442,-0.1567,-10.0,0.1
120,4,0,108.3113,550.0,-1606.6256,4216.9933,5247.472,90.03,97.06,111.75,202.723,177.92,25.298,0,0,0,1,0,1,0,-0.5804,-0.1754,-0.0017,-0.1131,-0.1,0.1
120,5,1,163.1672,550.0,-2110.7792,-6393.9725,1600.6147,100.0,97.06,125.55,299.182,129.327,100.123,0,0,0,1,0,0,0,-0.6209,-0.033,-0.0615,-0.1345,-0.0119,0.1
120,6,1,258.7628,550.0,3859.5109,-1900.772,-5421.3912,100.0,95.77,123.33,62.251,95.296,265.174,0,0,0,1,0,0,0,-0.5898,0.0051,-0.0588,-0.2773,-0.1,0.1
120,7,1,32.0786,550.0,-1379.6971,6113.8891,2935.4791,100.0,98.86,99.92,166.541,45.094,38.235,0,0,0,1,0,0,0,-0.6447,-0.1435,-0.0517,-0.0673,0.3657,0.1
120,8,1,113.3879,550.0,-4166.1826,-2192.1676,5073.2204,96.34,96.88,101.89,340.062,57.15,94.36,0,0,0,1,0,0,0,-1.0,-0.09,-0.1171,0.1218,-0.1,0.1
120,9,1,115.6563,550.0,-4132.8806,-2448.5116,4982.402,100.0,96.97,124.79,0.0,150.079,356.723,1,0,0,1,0,0,0,-0.5058,-0.1532,0.0047,-0.1742,0.0102,0.1
121,0,0,130.673,550.0,-4026.0806,3757.1997,4192.1792,100.0,96.97,127.03,162.045,259.072,336.637,0,0,0,1,0,0,0,0.0053,0.0894,-0.0431,-0.2518,0.6759,0.1
121,1,0,196.1901,550.0,-6743.5343,-223.122,-1541.1692,100.0,96.97,126.94,6.035,152.155,216.139,0,0,0,1,0,0,0,-0.6712,0.0364,-0.0368,-0.3308,-0.1,0.1
121,2,0,20.5714,550.0,6620.4611,545.615,1942.1739,100.0,97.0,120.25,271.197,351.751,259.004,0,0,0,1,0,0,0,-0.7893,-0.2052,-0.1092,0.0877,0.0394,0.1
121,3,0,67.8369,550.0,3123.333,3455.6175,5118.9589,58.26,96.22,87.29,239.134,111.33,89.164,0,0,0,1,0,0,0,-0.0575,0.077,-0.0299,-0.243,-0.1,0.1
121,4,0,108.3715,550.0,-1608.7789,4218.4469,5245.6436,89.23,97.06,110.98,194.725,179.99,18.561,0,0,0,1,0,1,0,-0.5571,-0.1822,0.0068,-0.1121,-0.1,0.1
121,5,1,161.3168,550.0,-2235.5106,-6306.1628,1770.6057,100.0,97.06,125.97,293.399,130.702,94.208,0,0,0,1,0,0,0,-0.6186,-0.0329,-0.0632,-0.1351,-0.0089,0.1
121,6,1,256.7618,550.0,3793.8377,-2134.8385,-5380.4741,100.0,95.77,123.77,58.512,96.538,255.174,0,0,0,1,0,0,0,-0.5819,0.0083,-0.0609,-0.2819,-0.1,0.1
121,7,1,31.3641,550.0,-1322.5516,6154.2524,2876.8516,100.0,98.86,100.35,158.866,45.768,35.133,0,0,0,1,0,0,0,-0.6527,-0.1468,-0.0509,-0.0685,0.2995,0.1
121,8,1,114.0518,550.0,-4159.7284,-2262.7615,5047.4559,98.48,96.88,102.33,332.587,58.625,88.809,0,0,0,1,0,0,0,-1.0,-0.1001,-0.109,0.1258,-0.1,0.1
121,9,1,114.9043,550.0,-4147.3717,-2359.1419,5013.3819,100.0,96.97,125.21,0.0,151.699,348.296,1,0,0,1,0,0,0,-0.5561,-0.121,-0.0247,-0.1727,-0.0117,0.1
122,0,0,129.3815,550.0,-3894.9751,3804.8386,4272.3077,100.0,96.97,127.47,155.494,261.618,328.21,0,0,0,1,0,0,0,0.0122,0.0906,-0.0436,-0.2546,0.6404,0.1
122,1,0,194.1891,550.0,-6786.7516,-67.4347,-1354.8786,100.0,96.97,127.38,1.668,154.251,206.139,0,0,0,1,0,0,0,-0.6649,0.0384,-0.0359,-0.3345,-0.1,0.1
122,2,0,20.8314,550.0,6612.5832,557.0219,1965.6324,100.0,97.0,120.69,262.5,350.379,258.427,0,0,0,1,0,0,0,-0.7777,-0.2032,-0.1117,0.0835,0.0001,0.1
122,3,0,66.1716,550.0,3304.0043,3379.1472,5056.2002,60.39,96.22,87.72,232.792,112.633,82.878,0,0,0,1,0,0,0,-0.0578,0.0749,-0.0333,-0.239,-0.096,0.1
122,4,0,108.4729,550.0,-1615.7383,4219.6315,5242.5509,88.43,97.06,110.21,186.635,182.064,11.769,0,0,0,1,0,1,0,-0.5503,-0.1835,0.0081,-0.1112,-0.1,0.1
122,5,1,159.4857,550.0,-2356.522,-6212.489,1937.0145,100.0,97.06,126.4,287.601,132.044,88.225,0,0,0,1,0,0,0,-0.6167,-0.0328,-0.0649,-0.1355,-0.0055,0.1
122,6,1,254.7607,550.0,3723.0043,-2366.1462,-5332.9947,100.0,95.77,124.2,54.78,97.75,245.174,0,0,0,1,0,0,0,-0.5738,0.0117,-0.063,-0.2865,-0.1,0.1
122,7,1,30.6759,550.0,-1266.9603,6192.1661,2819.9523,100.0,98.86,100.77,151.119,46.416,31.995,0,0,0,1,0,0,0,-0.6469,-0.1456,-0.0519,-0.0729,0.2725,0.1
122,8,1,114.7557,550.0,-4152.2971,-2337.5815,5019.4006,100.0,96.88,102.76,325.061,60.047,83.322,0,0,0,1,0,0,0,-1.0,-0.1039,-0.1064,0.1285,-0.1,0.1
122,9,1,114.192,550.0,-4160.3912,-2273.8394,5041.9282,100.0,96.97,125.63,0.0,153.34,339.766,1,0,0,1,1,0,0,-0.1526,-0.1696,0.0394,-0.206,0.1,0.1
123,0,0,128.1251,550.0,-3765.3094,3849.1594,4348.1788,100.0,96.97,127.9,148.947,264.152,319.653,0,0,0,1,0,0,0,-0.1398,0.008,-0.0214,-0.2591,0.6032,0.1
123,1,0,192.188,550.0,-6821.3403,88.4248,-1166.9355,100.0,96.97,127.82,357.326,156.305,196.139,0,0,0,1,0,0,0,-0.6909,0.0516,-0.0841,-0.3003,-0.1,0.1
123,2,0,21.1118,550.0,6603.9207,569.9351,1990.8907,100.0,97.0,121.13,253.665,348.984,257.893,0,0,0,1,0,0,0,-0.5442,-0.2765,-0.0435,0.0853,-0.0388,0.1
123,3,0,64.5463,550.0,3477.566,3301.2699,4990.8309,62.51,96.22,88.17,226.508,113.921,76.456,0,0,0,1,0,0,0,0.0273,0.1162,-0.0277,-0.2705,-0.0615,0.1
123,4,0,108.6156,550.0,-1627.4964,4220.5479,5238.1745,87.64,97.06,109.44,178.473,184.138,4.912,0,0,0,1,0,1,0,-0.4598,-0.1433,0.0011,-0.1279,-0.1,0.1
123,5,1,157.6748,550.0,-2473.6886,-6113.3159,2099.6367,100.0,97.06,126.82,281.807,133.37,82.131,0,0,0,1,0,0,0,-0.3397,0.0092,-0.0337,-0.2205,-0.0017,0.1
123,6,1,252.7596,550.0,3647.1037,-2594.4015,-5279.0109,100.0,95.77,124.64,51.05,98.913,235.174,0,0,0,1,0,0,0,-0.6805,0.0054,-0.0961,-0.2495,-0.1,0.1
123,7,1,30.0135,550.0,-1212.9341,6227.7506,2764.8063,100.0,98.86,101.21,143.262,47.07,28.812,0,0,0,1,0,0,0,-0.4536,-0.2186,0.0117,-0.0878,0.2564,0.1
123,8,1,115.4994,550.0,-4143.8007,-2416.5403,4988.9367,100.0,96.88,103.2,317.403,61.448,77.903,0,0,0,1,0,0,0,-0.6255,-0.2636,-0.0407,0.1335,-0.0965,0.1
123,9,1,113.5197,550.0,-4172.057,-2192.7017,5068.1595,100.0,96.97,126.06,0.0,154.988,331.112,1,0,0,1,0,0,0,-0.219,-0.1416,0.0167,-0.2471,-0.1,0.1
124,0,0,126.9042,550.0,-3637.3574,3890.2883,4419.9014,100.0,96.97,128.33,142.404,266.676,310.966,0,0,0,1,0,0,0,-0.1309,0.0089,-0.022,-0.2624,0.5642,0.1
124,1,0,190.1875,550.0,-6847.2514,244.2013,-977.6271,100.0,96.97,128.26,353.013,158.309,186.139,0,0,0,1,0,0,0,-0.7713,0.0572,-0.1006,-0.2407,-0.1,0.1
124,2,0,21.4128,550.0,6594.4391,584.3657,2017.9522,100.0,97.0,121.57,244.693,347.567,257.4,0,0,0,1,0,0,0,-0.5315,-0.2745,-0.0447,0.0806,-0.0773,0.1
124,3,0,62.9606,550.0,3644.1214,3222.2477,4923.1839,64.66,96.22,88.59,220.245,115.182,69.947,0,0,0,1,0,0,0,-0.2717,0.0427,-0.0556,-0.1735,-0.0269,0.1
124,4,0,108.7994,550.0,-1644.042,4221.1901,5232.4871,86.84,97.06,108.67,170.239,186.214,357.992,0,0,0,1,0,1,0,-0.4549,-0.1444,0.002,-0.1267,-0.1,0.1
124,5,1,155.8853,550.0,-2586.9028,-6009.0196,2258.2867,100.0,97.06,127.25,276.018,134.678,75.928,0,0,0,1,0,0,0,-0.3363,0.0099,-0.0355,-0.2212,0.0025,0.1
124,6,1,250.7586,550.0,3566.2359,-2819.3148,-5218.5886,100.0,95.77,125.07,47.324,100.028,225.174,0,0,0,1,0,0,0,-0.6718,0.0085,-0.0972,-0.254,-0.1,0.1
124,7,1,29.3766,550.0,-1160.4815,6261.1214,2711.4354,100.0,98.86,101.64,135.296,47.729,25.585,0,0,0,1,0,0,0,-0.4444,-0.2183,0.0102,-0.0897,0.2571,0.1
124,8,1,116.2826,550.0,-4134.1462,-2499.5421,4955.9424,100.0,96.88,103.65,309.613,62.831,72.549,0,0,0,1,0,0,0,-0.6088,-0.2638,-0.0371,0.1323,-0.1,0.1
124,9,1,112.8875,550.0,-4182.4824,-2115.8173,5092.19,100.0,96.97,126.48,0.0,156.638,322.343,1,0,0,1,0,0,0,-0.2846,-0.1446,0.0025,-0.2309,-0.1,0.1
125,0,0,125.7192,550.0,-3511.3793,3928.356,4487.5913,100.0,96.97,128.76,135.866,269.189,302.145,0,0,0,1,0,0,0,-0.1221,0.0097,-0.0227,-0.2657,0.5234,0.1
125,1,0,188.1889,550.0,-6864.4535,399.5971,-787.2999,100.0,96.97,128.7,348.73,160.263,176.139,0,0,0,1,0,0,0,-0.7657,0.0591,-0.0996,-0.2444,-0.1,0.1
125,2,0,21.7346,550.0,6584.1004,600.3255,2046.82,100.0,97.0,122.01,235.584,346.128,256.944,0,0,0,1,0,0,0,-0.5187,-0.2725,-0.0457,0.0759,-0.1,0.1
125,3,0,61.4141,550.0,3803.7901,3142.3279,4853.5758,66.8,96.22,89.02,214.003,116.414,63.354,0,0,0,1,0,0,0,-0.2752,0.0403,-0.0592,-0.1688,0.0077,0.1
125,4,0,109.0243,550.0,-1665.3604,4221.5458,5225.4537,86.05,97.06,107.89,161.952,188.274,351.012,0,0,0,1,0,1,0,-0.529,-0.1065,-0.0317,-0.1223,-0.1,0.1
125,5,1,154.118,550.0,-2696.075,-5899.985,2412.7986,100.0,97.06,127.68,270.234,135.967,69.613,0,0,0,1,0,0,0,-0.3331,0.0105,-0.0373,-0.2219,0.0072,0.1
125,6,1,248.7575,550.0,3480.5073,-3040.6006,-5151.8015,100.0,95.77,125.51,43.604,101.093,215.174,0,0,0,1,0,0,0,-0.6629,0.0117,-0.0982,-0.2586,-0.1,0.1
125,7,1,28.7649,550.0,-1109.609,6292.3893,2659.8581,100.0,98.86,102.07,127.221,48.392,22.312,0,0,0,1,0,0,0,-0.4353,-0.2179,0.0087,-0.0917,0.2575,0.1
125,8,1,117.1053,550.0,-4123.2363,-2586.4821,4920.2921,100.0,96.88,104.09,301.69,64.197,67.261,0,0,0,1,0,0,0,-0.5925,-0.264,-0.0332,0.1308,-0.1,0.1
125,9,1,112.2955,550.0,-4191.7767,-2043.2661,5114.1288,100.0,96.97,126.9,0.0,158.288,313.46,1,0,0,1,0,0,0,-0.2779,-0.1473,0.0014,-0.2278,-0.1,0.1
126,0,0,124.5708,550.0,-3387.621,3963.496,4551.3695,100.0,96.97,129.19,129.334,271.69,293.19,0,0,0,1,0,0,0,-0.1134,0.0105,-0.0235,-0.269,0.4809,0.1
126,1,0,186.1933,550.0,-6872.9467,554.3157,-596.3039,100.0,96.97,129.14,344.477,162.168,166.139,0,0,0,1,0,0,0,-0.7603,0.0609,-0.0986,-0.248,-0.1,0.1
126,2,0,22.0773,550.0,6572.8636,617.8265,2077.4973,100.0,97.0,122.45,226.341,344.665,256.524,0,0,0,1,0,0,0,-0.506,-0.2706,-0.0464,0.0713,-0.1,0.1
126,3,0,59.9063,550.0,3956.7055,3061.7426,4782.3065,68.95,96.22,89.45,207.779,117.614,56.679,0,0,0,1,0,0,0,-0.2785,0.0379,-0.0629,-0.1641,0.0424,0.1
126,4,0,109.2904,550.0,-1691.4333,4221.5963,5217.0317,85.23,97.06,107.14,153.574,190.377,343.96,0,0,0,1,0,1,0,-0.095,-0.1818,0.0869,-0.1414,-0.1,0.1
126,5,1,152.374,550.0,-2801.1332,-5786.6046,2563.0257,100.0,97.06,128.1,264.456,137.236,63.187,0,0,0,1,0,0,0,-0.3301,0.0111,-0.039,-0.2225,0.0123,0.1
126,6,1,246.7564,550.0,3390.0311,-3257.9783,-5078.7309,100.0,95.77,125.95,39.889,102.096,205.174,0,0,0,1,0,0,1,-0.7405,0.0098,-0.1253,-0.2204,-0.1,0.1
126,7,1,28.1781,550.0,-1060.3211,6321.6602,2610.0905,100.0,98.86,102.5,119.037,49.059,18.992,0,0,0,1,0,0,0,-0.4262,-0.2174,0.0071,-0.0938,0.2577,0.1
126,8,1,117.9671,550.0,-4110.969,-2677.246,4881.8571,100.0,96.88,104.53,293.636,65.549,62.037,0,0,0,1,0,0,0,-0.5765,-0.2642,-0.0289,0.1292,-0.1,0.1
126,9,1,111.7439,550.0,-4200.0438,-1975.1201,5134.0797,100.0,96.97,127.34,0.0,159.991,304.454,1,0,0,1,0,0,0,0.2576,-0.1713,0.104,-0.246,-0.1,0.1
127,0,0,123.4591,550.0,-3266.3142,3995.845,4611.3616,100.0,96.97,129.62,122.807,274.179,284.099,0,0,0,1,0,0,0,-0.1047,0.0113,-0.0243,-0.2723,0.4367,0.1
127,1,0,184.2018,550.0,-6872.7628,708.0638,-404.991,100.0,96.97,129.58,340.255,164.024,156.139,0,0,0,1,0,0,0,-0.7551,0.0627,-0.0975,-0.2514,-0.1,0.1
127,2,0,22.4412,550.0,6560.6844,636.8814,2109.9866,100.0,97.0,122.89,216.962,343.178,256.138,0,0,0,1,0,0,0,-0.4933,-0.2687,-0.0469,0.0667,-0.1,0.1
127,3,0,58.4368,550.0,4103.0134,2980.7092,4709.6598,71.1,96.22,89.87,201.573,118.78,49.925,0,0,0,1,0,0,0,-0.2816,0.0357,-0.0666,-0.1594,0.0771,0.1
127,4,0,109.5974,550.0,-1722.238,4221.3162,5207.1707,84.41,97.06,106.38,145.105,192.524,336.838,0,0,0,1,0,1,0,-0.09,-0.183,0.0888,-0.14,-0.1,0.1
127,5,1,150.6542,550.0,-2902.0228,-5669.2755,2708.8411,100.0,97.06,128.53,258.684,138.486,56.649,0,0,0,1,0,0,0,-0.3273,0.0116,-0.0408,-0.2231,0.018,0.1
127,6,1,244.7554,550.0,3294.927,-3471.1721,-4999.4661,100.0,95.77,126.38,36.156,103.098,195.174,0,0,0,1,0,0,1,-0.6237,-0.0359,-0.0014,-0.3084,-0.1,0.1
127,7,1,27.6157,550.0,-1012.6204,6349.0353,2562.1459,100.0,98.86,102.93,110.745,49.729,15.624,0,0,0,1,0,0,0,-0.417,-0.2168,0.0056,-0.096,0.2574,0.1
127,8,1,118.8678,550.0,-4097.2386,-2771.7094,4840.5065,100.0,96.88,104.97,285.432,66.947,56.818,0,0,0,1,0,0,0,-0.1985,-0.2999,0.0916,0.0094,-0.1,0.1
127,9,1,111.2328,550.0,-4207.3828,-1911.4438,5152.1407,100.0,96.97,127.77,0.0,161.744,295.326,1,0,0,1,0,0,0,0.2615,-0.172,0.1026,-0.2437,-0.1,0.1
128,0,0,122.3846,550.0,-3147.6768,4025.5409,4667.6967,100.0,96.97,130.05,116.286,276.655,274.87,0,0,0,1,0,0,0,-0.096,0.0121,-0.0251,-0.2756,0.2963,0.1
128,1,0,182.2159,550.0,-6863.9651,860.5528,-213.7128,100.0,96.97,130.03,336.066,165.832,146.139,0,0,0,1,0,0,0,-0.7502,0.0644,-0.0965,-0.2548,-0.1,0.1
128,2,0,22.8265,550.0,6547.5148,657.503,2144.2903,100.0,97.0,123.33,207.451,341.668,255.782,0,0,0,1,0,0,0,-0.4806,-0.2669,-0.0471,0.0621,-0.1,0.1
128,3,0,57.0052,550.0,4242.8697,2899.4308,4635.9033,73.25,96.22,90.3,195.384,119.912,43.093,0,0,0,1,0,0,0,-0.2845,0.0335,-0.0704,-0.1548,0.1118,0.1
128,4,0,109.9455,550.0,-1757.7482,4220.6739,5195.8132,83.59,97.06,105.62,136.543,194.717,329.648,0,0,0,1,0,1,0,-0.085,-0.1842,0.0907,-0.1385,-0.1,0.1
128,5,1,148.9596,550.0,-2998.7062,-5548.3979,2850.1375,100.0,97.06,128.95,252.902,139.699,50.073,0,0,0,1,0,0,0,-0.6753,-0.0185,-0.0716,-0.0773,0.0241,0.1
128,6,1,242.7543,550.0,3195.3207,-3679.9119,-4914.1037,100.0,95.77,126.81,32.407,104.099,185.174,0,0,0,1,0,0,1,-0.6168,-0.0324,-0.0043,-0.3129,-0.1,0.1
128,7,1,27.0776,550.0,-966.5084,6374.6112,2516.0354,100.0,98.86,103.37,102.345,50.401,12.207,0,0,0,1,0,0,0,-0.4078,-0.2162,0.004,-0.0982,0.2569,0.1
128,8,1,119.8071,550.0,-4081.9358,-2869.7378,4796.1074,100.0,96.88,105.41,277.107,68.33,51.642,0,0,0,1,0,0,0,-0.5073,-0.2408,-0.0298,0.0859,-0.1,0.1
128,9,1,110.7623,550.0,-4213.8875,-1852.2947,5168.4038,100.0,96.97,128.21,0.0,163.549,286.077,1,0,0,1,0,0,0,0.2653,-0.1727,0.1011,-0.2415,-0.1,0.1
129,0,0,121.3477,550.0,-3031.9131,4052.7229,4720.5064,100.0,96.97,130.49,109.771,279.118,265.502,0,0,0,1,0,0,0,-0.0874,0.0128,-0.0261,-0.2789,0.2774,0.1
129,1,0,180.2365,550.0,-6846.6478,1011.5007,-22.8192,100.0,96.97,130.46,331.902,167.574,136.139,0,0,0,1,0,0,0,-0.9238,0.0514,-0.131,-0.1518,-0.1,0.1
129,2,0,23.2333,550.0,6533.3035,679.7048,2180.41,100.0,97.0,123.77,197.807,340.135,255.456,0,0,0,1,0,0,0,-0.4679,-0.2652,-0.0471,0.0576,-0.1,0.1
129,3,0,55.6109,550.0,4376.4388,2818.0966,4561.2888,75.4,96.22,90.72,189.211,121.006,36.186,0,0,0,1,0,0,0,-0.2873,0.0315,-0.0743,-0.1501,0.1467,0.1
129,4,0,110.3344,550.0,-1797.9326,4219.6313,5182.8941,82.76,97.06,104.86,127.889,196.956,322.388,0,0,0,1,0,1,0,-0.08,-0.1853,0.0926,-0.137,-0.1,0.1
129,5,1,147.2911,550.0,-3091.1626,-5424.3729,2986.8267,100.0,97.06,129.36,247.112,140.876,43.458,0,0,0,1,0,0,0,-0.6754,-0.0184,-0.0735,-0.0766,0.0307,0.1
129,6,1,240.7532,550.0,3091.3443,-3883.9329,-4822.7478,100.0,95.77,127.25,28.644,105.095,175.174,0,0,0,1,0,0,1,-0.6096,-0.0289,-0.0073,-0.3175,-0.1,0.1
129,7,1,26.5634,550.0,-921.9851,6398.48,2471.7683,100.0,98.86,103.8,93.837,51.074,8.74,0,0,0,1,0,0,0,-0.3986,-0.2155,0.0025,-0.1005,0.256,0.1
129,8,1,120.7848,550.0,-4064.9481,-2971.1853,4748.5257,100.0,96.88,105.84,268.662,69.7,46.508,0,0,0,1,0,0,0,-0.4904,-0.2413,-0.0252,0.0828,-0.1,0.1
129,9,1,110.3326,550.0,-4219.646,-1797.7237,5182.9546,99.19,96.97,127.44,0.0,165.403,276.709,1,0,0,1,0,1,0,0.2691,-0.1734,0.0997,-0.2392,-0.1,0.1
130,0,0,120.3487,550.0,-2919.2138,4077.5304,4769.9243,100.0,96.97,130.92,103.271,281.567,255.996,0,0,0,1,0,0,0,-0.0879,0.0287,-0.0289,-0.2754,0.2578,0.1
130,1,0,178.2651,550.0,-6820.936,1160.6329,167.3442,100.0,96.97,130.92,327.811,169.309,126.139,0,0,0,1,0,0,0,-0.1138,0.1457,-0.0159,-0.4267,-0.1,0.1
130,2,0,23.6619,550.0,6517.9955,703.5004,2218.3468,100.0,97.0,124.21,188.052,338.555,255.171,0,0,0,1,0,0,0,-0.6473,-0.2215,-0.0934,0.0847,-0.1,0.1
130,3,0,54.2534,550.0,4503.8923,2736.8825,4486.0528,77.56,96.22,91.14,183.04,122.051,29.231,0,0,0,1,0,0,0,-0.4526,0.005,-0.0982,-0.095,0.1816,0.1
130,4,0,110.7642,550.0,-1842.7555,4218.1441,5168.3415,84.87,97.06,105.31,119.14,199.259,315.047,0,0,0,1,0,0,0,0.0527,-0.1896,0.1283,-0.1631,-0.1,0.1
130,5,1,145.6494,550.0,-3179.3874,-5297.6008,3118.8399,100.0,97.06,129.78,241.315,142.001,36.817,0,0,0,1,0,0,0,-0.6804,-0.0113,-0.1035,-0.0527,0.0379,0.1
130,6,1,238.7521,550.0,2983.1356,-4082.9768,-4725.5098,100.0,95.77,127.69,24.868,106.086,165.174,0,0,0,1,0,0,1,-0.6021,-0.0253,-0.0102,-0.3221,-0.1,0.1
130,7,1,26.0729,550.0,-879.0493,6420.7292,2429.3518,100.0,98.86,104.23,85.236,51.73,5.236,0,0,0,1,0,0,0,-0.6299,-0.1856,-0.0349,-0.0731,0.2548,0.1
130,8,1,121.8006,550.0,-4046.16,-3075.8952,4697.627,100.0,96.88,106.28,260.104,71.058,41.416,0,0,0,1,0,0,0,-0.4911,-0.2254,-0.0238,0.086,-0.1,0.1
130,9,1,109.9437,550.0,-4224.7409,-1747.776,5195.8719,98.37,96.97,126.68,0.0,167.324,267.201,1,0,0,1,0,1,0,0.4659,-0.0984,0.1349,-0.2782,-0.1,0.1
131,0,0,119.3878,550.0,-2809.7564,4100.1024,4816.0845,100.0,96.97,131.35,96.787,283.993,246.374,0,0,0,1,0,0,0,-0.2314,0.0324,-0.0439,-0.2323,0.2375,0.1
131,1,0,176.3027,550.0,-6786.9842,1307.6844,356.4374,100.0,96.97,131.38,323.816,171.036,116.139,0,0,0,1,0,0,0,-0.1323,0.1907,-0.0131,-0.422,-0.1,0.1
131,2,0,24.1126,550.0,6501.5322,728.9036,2258.1009,100.0,97.0,124.64,178.186,336.928,254.928,0,0,0,1,0,0,0,-0.6354,-0.2208,-0.0926,0.0817,-0.1,0.1
131,3,0,52.9324,550.0,4625.4067,2655.9513,4410.4168,79.72,96.22,91.56,176.871,123.045,22.231,0,0,0,1,0,0,0,-0.4562,0.003,-0.1021,-0.0899,0.2166,0.1
131,4,0,111.2346,550.0,-1892.1761,4216.1618,5152.0763,86.99,97.06,105.74,110.258,201.58,307.676,0,0,0,1,0,0,0,-0.2301,-0.2658,0.0358,-0.062,-0.1,0.1
131,5,1,144.0355,550.0,-3263.3915,-5168.4794,3246.1266,100.0,97.06,130.2,235.479,143.1,30.154,0,0,0,1,0,0,0,-0.8759,-0.079,-0.053,-0.0453,0.0457,0.1
131,6,1,236.7511,550.0,2870.8383,-4276.7914,-4622.5084,100.0,95.77,128.13,21.097,107.094,155.174,0,0,0,1,0,0,1,-0.1979,0.0114,0.0334,-0.4088,-0.1,0.1
131,7,1,25.6057,550.0,-837.6991,6441.4421,2388.7916,100.0,98.86,104.66,76.543,52.367,1.694,0,0,0,1,0,0,0,-0.6224,-0.1855,-0.0365,-0.0752,0.2532,0.1
131,8,1,122.8382,550.0,-4025.8325,-3181.9984,4644.1145,100.0,96.88,106.71,251.424,72.429,36.347,0,0,0,1,0,0,0,-0.3366,-0.2447,0.0245,0.0439,-0.1,0.1
131,9,1,109.5957,550.0,-4229.2488,-1702.4906,5207.2278,97.55,96.97,125.92,0.0,169.315,257.557,1,0,0,1,0,1,0,0.5122,-0.1471,0.137,-0.273,-0.1,0.1
132,0,0,118.4655,550.0,-2703.7059,4120.5769,4859.1214,100.0,96.97,131.78,90.32,286.398,236.634,0,0,0,1,0,0,0,-0.2263,0.0337,-0.0453,-0.2359,0.2167,0.1
132,1,0,174.3505,550.0,-6744.9757,1452.4009,544.1277,100.0,96.97,131.84,319.916,172.759,106.139,0,0,0,1,0,0,0,-0.1222,0.192,-0.0108,-0.4245,-0.1,0.1
132,2,0,24.5856,550.0,6483.851,755.9285,2299.6716,100.0,97.0,125.08,168.211,335.256,254.724,0,0,0,1,0,0,0,-0.6234,-0.2203,-0.0916,0.0788,-0.1,0.1
132,3,0,51.6473,550.0,4741.1631,2575.4536,4334.5879,81.88,96.22,91.98,170.703,123.986,15.189,0,0,0,1,0,0,0,-0.4596,0.0011,-0.1061,-0.0848,0.2517,0.1
132,4,0,111.7458,550.0,-1946.1482,4213.6275,5134.0132,89.12,97.06,106.18,101.243,203.921,300.273,0,0,0,1,0,0,0,-0.2245,-0.2664,0.0385,-0.0611,-0.1,0.1
132,5,1,142.4502,550.0,-3343.2007,-5037.4019,3368.6543,100.0,97.06,130.62,229.604,144.171,23.468,0,0,0,1,0,0,0,-0.8764,-0.0793,-0.0547,-0.0444,0.054,0.1
132,6,1,234.75,550.0,2754.6015,-4465.1312,-4513.8692,100.0,95.77,128.58,17.335,108.117,145.174,0,0,0,1,0,0,1,-0.193,0.0162,0.0297,-0.413,-0.1,0.1
132,7,1,25.1617,550.0,-797.9317,6460.6976,2350.0922,100.0,98.86,105.09,67.757,52.986,358.114,0,0,0,1,0,0,0,-0.6148,-0.1852,-0.038,-0.0774,0.2513,0.1
132,8,1,123.8971,550.0,-4003.9033,-3289.3643,4587.9278,100.0,96.88,107.14,242.621,73.814,31.296,0,0,0,1,0,0,0,-0.3226,-0.2441,0.0294,0.0386,-0.1,0.1
132,9,1,109.2886,550.0,-4233.2404,-1661.9018,5217.0873,96.73,96.97,125.17,0.0,171.373,247.778,1,0,0,1,0,1,0,0.5101,-0.1482,0.1362,-0.2708,-0.1,0.1
133,0,0,117.582,550.0,-2601.2148,4139.0903,4899.1687,100.0,96.97,132.21,83.871,288.778,226.774,0,0,0,1,0,0,0,-0.2213,0.0348,-0.0468,-0.2395,0.1954,0.1
133,1,0,172.4098,550.0,-6695.1213,1594.5399,730.092,100.0,96.97,132.31,316.113,174.477,96.139,0,0,0,1,0,0,0,-0.114,0.1924,-0.0081,-0.4265,-0.1,0.1
133,2,0,25.0812,550.0,6464.8855,784.5893,2343.057,100.0,97.0,125.52,158.211,333.539,254.558,0,0,0,1,0,0,0,-0.6114,-0.2199,-0.0905,0.0758,-0.1,0.1
133,3,0,50.3977,550.0,4851.3453,2495.5282,4258.7591,84.04,96.22,92.4,164.534,124.872,8.108,0,0,0,1,0,0,0,-0.4626,-0.0007,-0.1102,-0.0798,0.287,0.1
133,4,0,112.2974,550.0,-2004.6197,4210.4787,5114.06,91.25,97.06,106.62,92.095,206.282,292.841,0,0,0,1,0,0,0,-0.219,-0.267,0.0412,-0.0602,-0.1,0.1
133,5,1,140.8941,550.0,-3418.8549,-4904.7561,3486.4079,100.0,97.06,131.05,223.739,145.25,16.624,0,0,0,1,0,0,0,0.0551,0.0217,0.0169,-0.3169,0.0629,0.1
133,6,1,232.7489,550.0,2634.5798,-4647.758,-4399.7246,100.0,95.77,129.02,13.583,109.153,135.174,0,0,0,1,0,0,1,-0.188,0.021,0.026,-0.4171,-0.1,0.1
133,7,1,24.7406,550.0,-759.7435,6478.5705,2313.2565,100.0,98.86,105.51,58.898,53.57,354.499,0,0,0,1,0,0,0,-0.6809,-0.1445,-0.0689,-0.0707,0.249,0.1
133,8,1,124.9771,550.0,-3980.3114,-3397.8567,4529.01,100.0,96.88,107.57,233.697,75.216,26.263,0,0,0,1,0,0,0,-0.3088,-0.2434,0.0342,0.0332,-0.1,0.1
133,9,1,109.0226,550.0,-4236.7802,-1626.0387,5225.5079,95.91,96.97,124.41,0.0,173.499,237.864,1,0,0,1,0,1,0,0.5079,-0.1493,0.1354,-0.2687,-0.1,0.1
134,0,0,116.7374,550.0,-2502.4241,4155.7769,4936.3583,100.0,96.97,132.65,77.437,291.154,216.774,0,0,0,1,0,0,0,0.2731,0.0325,-0.0106,-0.3089,0.1734,0.1
134,1,0,170.4817,550.0,-6637.6578,1733.872,914.0178,100.0,96.97,132.77,312.407,176.138,86.139,0,0,0,1,0,0,0,-0.3839,0.1948,-0.1153,-0.3266,-0.1,0.1
134,2,0,25.5996,550.0,6444.5652,814.8999,2388.2542,100.0,97.0,125.96,148.211,331.797,254.409,0,0,0,1,0,0,0,-0.4219,-0.2521,-0.0481,0.0357,-0.1,0.1
134,3,0,49.183,550.0,4956.1388,2416.3024,4183.1103,86.2,96.22,92.82,158.34,125.712,0.989,0,0,0,1,0,0,0,-0.5896,-0.0485,-0.0914,-0.0727,0.3557,0.1
134,4,0,112.8894,550.0,-2067.5325,4206.6467,5092.1188,93.37,97.06,107.05,82.812,208.665,285.379,0,0,0,1,0,0,0,-0.2136,-0.2676,0.0439,-0.0594,-0.1,0.1
134,5,1,139.3682,550.0,-3490.4074,-4770.9221,3599.3888,100.0,97.06,131.49,217.885,146.338,9.621,0,0,0,1,0,0,0,0.0648,0.0214,0.0155,-0.3178,0.0724,0.1
134,6,1,230.7479,550.0,2510.9328,-4824.4405,-4280.2139,100.0,95.77,129.47,9.844,110.2,125.174,0,0,0,1,0,0,1,-0.1829,0.0259,0.0223,-0.4212,-0.1,0.1
134,7,1,24.3421,550.0,-723.1305,6495.1315,2278.2867,100.0,98.86,105.94,49.976,54.109,350.871,0,0,0,1,0,0,0,-0.8257,-0.1287,-0.0889,-0.0244,0.2464,0.1
134,8,1,126.0778,550.0,-3954.9974,-3507.3336,4467.3087,100.0,96.88,108.01,224.718,76.544,21.298,0,0,0,1,0,0,0,-1.0,-0.1096,-0.1487,0.1382,-0.1,0.1
134,9,1,108.7977,550.0,-4239.9265,-1594.9259,5232.54,95.09,96.97,123.65,0.0,175.692,227.864,1,0,0,1,0,1,0,0.5057,-0.1505,0.1347,-0.2666,-0.1,0.1
135,0,0,115.9322,550.0,-2407.463,4170.768,4970.8205,100.0,96.97,133.08,70.975,293.509,206.774,0,0,0,1,0,0,0,-0.1837,-0.0576,-0.0411,-0.2294,0.151,0.1
135,1,0,168.5674,550.0,-6572.8464,1870.182,1095.605,100.0,96.97,133.23,308.8,177.741,76.139,0,0,0,1,0,0,0,-0.3808,0.1965,-0.1142,-0.329,-0.1,0.1
135,2,0,26.1411,550.0,6422.8156,846.8745,2435.2586,100.0,97.0,126.39,138.211,330.033,254.277,0,0,0,1,0,0,0,-0.4085,-0.2517,-0.0462,0.0322,-0.1,0.1
135,3,0,48.0028,550.0,5055.7301,2337.8933,4107.8083,88.36,96.22,93.24,152.122,126.505,353.837,0,0,0,1,0,0,0,-0.5913,-0.0499,-0.0953,-0.0681,0.4443,0.1
135,4,0,113.5216,550.0,-2134.8217,4202.057,5068.0858,95.52,97.06,107.48,73.439,211.015,277.92,0,0,0,1,0,0,0,-0.5721,-0.1818,-0.0651,0.0072,-0.1,0.1
135,5,1,137.8731,550.0,-3557.9237,-4636.2718,3707.6143,100.0,97.06,131.92,212.047,147.393,2.516,0,0,0,1,0,0,0,-0.2982,0.0329,-0.0648,-0.2034,0.0825,0.1
135,6,1,228.7468,550.0,2383.8254,-4994.9555,-4155.4828,100.0,95.77,129.92,6.12,111.257,115.174,0,0,0,1,0,0,1,-0.1776,0.0308,0.0187,-0.4253,-0.1,0.1
135,7,1,23.966,550.0,-688.0885,6510.4474,2245.1837,100.0,98.86,106.36,40.989,54.603,347.23,0,0,0,1,0,0,0,-0.8184,-0.1284,-0.0905,-0.027,0.2434,0.1
135,8,1,127.1988,550.0,-3927.9039,-3617.6481,4402.7758,100.0,96.88,108.45,215.684,77.799,16.401,0,0,0,1,0,0,0,-0.9937,-0.1104,-0.1453,0.1362,-0.1,0.1
135,9,1,108.6139,550.0,-4242.7316,-1568.5838,5238.2263,94.27,96.97,122.89,0.0,177.952,217.864,1,0,0,1,0,1,0,0.5044,-0.1516,0.1342,-0.2644,-0.1,0.1
136,0,0,115.1664,550.0,-2316.4505,4184.1924,5002.6825,100.0,96.97,133.52,64.552,295.832,196.774,0,0,0,1,0,0,0,-0.2224,0.0775,-0.0629,-0.2692,0.128,0.1
136,1,0,166.668,550.0,-6500.9714,2003.2701,1274.567,100.0,96.97,133.71,305.334,179.276,66.139,0,0,0,1,0,0,0,-0.3095,0.2833,-0.1378,-0.345,-0.1,0.1
136,2,0,26.706,550.0,6399.5578,880.5267,2484.064,100.0,97.0,126.81,128.211,328.225,254.124,0,0,0,1,0,0,0,-0.5507,-0.1035,-0.087,-0.0409,-0.1,0.1
136,3,0,46.8566,550.0,5150.3054,2260.4075,4033.0079,90.5,96.22,93.67,145.931,127.223,346.651,0,0,0,1,0,0,0,-0.5232,0.0532,-0.1484,-0.068,0.5332,0.1
136,4,0,114.194,550.0,-2206.4154,4196.6298,5041.8519,97.68,97.06,107.9,64.054,213.31,270.426,0,0,0,1,0,0,0,-0.734,-0.0236,-0.1105,-0.0704,-0.1,0.1
136,5,1,136.4094,550.0,-3621.4812,-4501.1673,3811.1164,100.0,97.06,132.36,206.268,148.403,355.3,0,0,0,1,0,0,0,-0.2306,0.1163,-0.0899,-0.2234,0.0933,0.1
136,6,1,226.7457,550.0,2253.4267,-5159.0873,-4025.6835,100.0,95.77,130.38,2.462,112.317,105.174,0,0,0,1,0,0,1,-0.1604,0.1311,0.0077,-0.4745,-0.1,0.1
136,7,1,23.6122,550.0,-654.6128,6524.581,2213.9481,100.0,98.86,106.79,31.979,55.039,343.555,0,0,0,1,0,0,1,-0.8172,-0.0459,-0.1163,-0.0679,0.24,0.1
136,8,1,128.3396,550.0,-3898.9755,-3728.6475,4335.3684,100.0,96.88,108.87,206.666,78.959,11.518,0,0,0,1,0,0,0,-1.0,0.0312,-0.1903,0.0257,-0.1,0.1
136,9,1,108.4713,550.0,-4245.2409,-1547.0288,5242.6017,93.44,96.97,122.13,0.0,180.263,207.864,1,0,0,1,0,1,0,0.4766,-0.0444,0.1003,-0.3386,-0.1,0.1
137,0,0,114.4402,550.0,-2229.4947,4196.1747,5032.0684,100.0,96.97,133.96,58.167,298.124,186.774,0,0,0,1,0,0,0,-0.2179,0.0774,-0.0631,-0.2739,0.1046,0.1
137,1,0,164.7848,550.0,-6422.3377,2132.952,1450.6327,100.0,96.97,134.19,302.01,180.743,56.139,0,0,0,1,0,0,0,-0.307,0.2846,-0.1366,-0.3471,-0.1,0.1
137,2,0,27.2947,550.0,6374.7085,915.8702,2534.6625,100.0,97.0,127.24,118.211,326.374,253.95,0,0,0,1,0,0,0,-0.536,-0.1036,-0.085,-0.0432,-0.1,0.1
137,3,0,45.744,550.0,5240.0503,2183.9422,3958.8522,92.65,96.22,94.1,139.765,127.865,339.433,0,0,0,1,0,0,0,-0.524,0.0524,-0.1523,-0.0633,0.6225,0.1
137,4,0,114.9062,550.0,-2282.2341,4190.2796,5013.3029,99.84,97.06,108.32,54.655,215.552,262.899,0,0,0,1,0,0,0,-0.7195,-0.0279,-0.1068,-0.066,0.0576,0.1
137,5,1,134.9779,550.0,-3681.1675,-4365.9601,3909.941,100.0,97.06,132.81,200.555,149.357,347.981,0,0,0,1,0,0,0,-0.2244,0.1333,-0.1112,-0.2048,0.1046,0.1
137,6,1,224.7447,550.0,2119.9107,-5316.6285,-3890.9743,100.0,95.77,130.84,358.872,113.38,95.174,0,0,0,1,0,0,0,-0.1528,0.1359,0.0042,-0.4784,-0.1,0.1
137,7,1,23.2803,550.0,-622.6984,6537.5913,2184.5794,100.0,98.86,107.21,22.908,55.478,339.804,0,0,0,1,0,0,1,-0.5987,-0.1214,0.005,-0.1505,0.2362,0.1
137,8,1,129.4999,550.0,-3868.1597,-3840.1746,4265.0487,100.0,96.88,109.3,197.663,80.026,6.645,0,0,0,1,0,0,0,-1.0,0.0322,-0.1877,0.0218,-0.1,0.1
137,9,1,108.3698,550.0,-4247.4939,-1530.2735,5245.6934,92.61,96.97,121.37,0.0,182.623,197.864,1,0,0,1,0,1,0,0.4777,-0.0466,0.1004,-0.3359,-0.1,0.1
138,0,0,113.754,550.0,-2146.6946,4206.8359,5059.0982,100.0,96.97,134.42,51.84,300.357,176.774,0,0,0,1,0,0,0,-0.4106,0.1153,-0.1176,-0.3492,-0.1,0.1
138,1,0,162.9186,550.0,-6337.2695,2259.0602,1623.5464,100.0,96.97,134.67,298.849,182.154,46.139,0,0,0,1,0,0,0,-0.0721,0.3259,-0.1098,-0.4232,-0.2,0.1
138,2,0,27.9074,550.0,6348.1803,952.9178,2587.0439,100.0,97.0,127.66,108.211,324.528,253.756,0,0,0,1,0,0,0,-0.2851,-0.1851,0.01,-0.0404,-0.1,0.1
138,3,0,44.6644,550.0,5325.1484,2108.5858,3885.4731,94.8,96.22,94.52,133.619,128.454,332.165,0,0,0,1,0,0,0,-0.5202,0.0389,-0.1067,-0.101,0.6545,0.1
138,4,0,115.6582,550.0,-2362.1903,4182.9158,4982.3201,100.0,97.06,108.75,45.198,217.741,255.339,0,0,0,1,0,0,0,-0.6243,-0.1149,-0.1049,-0.0676,0.0052,0.1
138,5,1,133.5791,550.0,-3737.0803,-4230.9901,4004.1472,100.0,97.06,133.25,194.92,150.253,340.568,0,0,0,1,0,0,0,-0.2276,0.1552,-0.1171,-0.188,0.1167,0.1
138,6,1,222.7436,550.0,1983.4555,-5467.3803,-3751.5194,100.0,95.77,131.31,355.379,114.36,85.174,0,0,0,1,0,0,0,-0.328,0.1928,-0.1635,-0.3059,-0.1,0.1
138,7,1,22.9703,550.0,-592.3406,6549.5338,2157.0769,100.0,98.86,107.66,13.736,55.954,335.973,0,0,0,1,0,0,1,-0.3923,-0.2026,0.0752,-0.1618,0.232,0.1
138,8,1,130.6792,550.0,-3835.4066,-3952.0672,4191.7851,100.0,96.88,109.72,188.69,80.997,1.787,0,0,0,1,0,0,0,-1.0,0.058,-0.1895,0.0296,-0.1,0.1
138,9,1,108.3096,550.0,-4249.5233,-1518.3268,5247.521,91.79,96.97,120.61,0.0,185.02,187.864,1,0,0,1,0,1,0,0.6521,0.0326,0.0718,-0.3188,-0.1,0.1
139,0,0,113.1078,550.0,-2068.1396,4216.2928,5083.8877,100.0,96.97,134.88,45.57,302.531,166.774,0,0,0,1,0,0,0,-0.4042,0.1137,-0.1181,-0.3487,-0.1,0.1
139,1,0,161.0708,550.0,-6246.1079,2381.4444,1793.07,100.0,96.97,135.16,295.852,183.511,36.139,0,0,0,1,0,0,0,-0.0691,0.3273,-0.1085,-0.4254,-10.1,0.1
139,2,0,28.5445,550.0,6319.8807,991.6821,2641.1959,100.0,97.0,128.08,98.211,322.689,253.539,0,0,0,1,0,0,0,-0.2703,-0.1849,0.0127,-0.0437,-0.1,0.1
139,3,0,43.6175,550.0,5405.7815,2034.418,3812.9923,96.95,96.22,94.95,127.493,128.988,324.847,0,0,0,1,0,0,0,-0.5219,0.0386,-0.1093,-0.0989,0.6745,0.1
139,4,0,116.4498,550.0,-2446.188,4174.4429,4948.7808,100.0,97.06,109.18,35.684,219.877,247.744,0,0,0,1,0,0,0,-0.6049,-0.1148,-0.1062,-0.0691,-0.0476,0.1
139,5,1,132.2137,550.0,-3789.3257,-4096.5848,4093.8056,100.0,97.06,133.7,189.363,151.089,333.061,0,0,0,1,0,0,0,-0.2241,0.1561,-0.1194,-0.1876,0.1294,0.1
139,6,1,220.7425,550.0,1844.2433,-5611.1523,-3607.4891,100.0,95.77,131.77,351.984,115.258,75.174,0,0,0,1,0,0,0,-0.3204,0.1972,-0.1651,-0.3095,-0.1,0.1
139,7,1,22.682,550.0,-563.5344,6560.4601,2131.4392,100.0,98.86,108.1,4.463,56.467,332.059,0,0,0,1,0,0,1,-0.3841,-0.2022,0.0738,-0.1649,0.2274,0.1
139,8,1,131.8771,550.0,-3800.6696,-4064.1586,4115.5518,100.0,96.88,110.15,179.746,81.875,356.942,0,0,0,1,0,0,0,-1.0,0.0592,-0.1871,0.0258,-0.1,0.1
139,9,1,108.2907,550.0,-4251.3554,-1511.1943,5248.0958,90.97,96.97,119.85,0.0,187.452,177.864,1,0,0,1,0,1,0,0.6522,0.0306,0.0719,-0.3159,-0.1,0.1
140,0,0,112.5017,550.0,-1993.9106,4224.6574,5106.5479,100.0,96.97,135.34,39.355,304.646,156.774,0,0,0,1,0,0,0,-0.3979,0.112,-0.1186,-0.3482,-0.1,0.1
140,1,0,159.2423,550.0,-6149.2088,2499.9716,1958.9831,100.0,96.97,135.64,293.019,184.815,26.139,0,0,0,1,0,0,0,-0.0663,0.3286,-0.1071,-0.4275,-10.1,0.1
140,2,0,29.2063,550.0,6289.713,1032.1746,2697.1035,100.0,97.0,128.51,88.211,320.858,253.299,0,0,0,1,0,0,0,-0.2558,-0.1847,0.0154,-0.0469,-0.1,0.1
140,3,0,42.6026,550.0,5482.1284,1961.511,3741.5215,99.1,96.22,95.37,121.385,129.467,317.481,0,0,0,1,0,0,0,-0.5233,0.0383,-0.1118,-0.0968,0.695,0.1
140,4,0,117.2807,550.0,-2534.1222,4164.7607,4912.5588,100.0,97.06,109.61,26.113,221.96,240.113,0,0,0,1,0,0,0,-0.5851,-0.1149,-0.1066,-0.0705,-0.1,0.1
140,5,1,130.8822,550.0,-3838.0176,-3963.059,4178.9981,100.0,97.06,134.14,183.885,151.865,325.461,0,0,0,1,0,0,0,-0.2208,0.1569,-0.1217,-0.187,-0.1,0.1
140,6,1,218.7415,550.0,1702.4601,-5747.7633,-3459.0588,100.0,95.77,132.24,348.689,116.073,65.174,0,0,0,1,0,0,0,-0.3126,0.2016,-0.1666,-0.313,-0.1,0.1
140,7,1,22.4152,550.0,-536.2751,6570.4185,2107.6648,100.0,98.86,108.55,355.09,57.016,328.061,0,0,0,1,0,0,1,-0.376,-0.2018,0.0725,-0.1681,0.2225,0.1
140,8,1,133.093,550.0,-3763.9055,-4176.2782,4036.3296,100.0,96.88,110.58,170.84,82.651,352.113,0,0,0,1,0,0,0,-1.0,0.0744,-0.205,0.0312,0.227,0.1
140,9,1,108.3129,550.0,-4253.0099,-1508.8781,5247.4217,90.16,96.97,119.09,0.0,189.921,167.864,1,0,0,1,0,1,0,0.6521,0.0286,0.0721,-0.313,-0.1,0.1
141,0,0,111.936,550.0,-1924.0805,4232.0368,5127.1844,100.0,96.97,135.8,33.202,306.679,146.774,0,0,0,1,0,0,0,-0.506,0.121,-0.1638,-0.2922,-0.1,0.1
141,1,0,157.4343,550.0,-6046.941,2614.5268,2121.0836,100.0,96.97,136.11,290.289,186.09,16.139,0,0,0,1,0,0,0,-0.3777,0.2044,-0.0582,-0.4375,-10.1,0.1
141,2,0,29.8932,550.0,6257.5754,1074.4061,2754.7491,100.0,97.0,128.93,78.211,319.035,253.035,0,0,0,1,0,0,0,-0.2416,-0.1846,0.0181,-0.05,-0.1,0.1
141,3,0,41.6195,550.0,5554.3649,1889.9293,3671.1631,100.0,96.22,95.8,115.297,129.888,310.067,0,0,0,1,0,0,0,-0.5246,0.0381,-0.1144,-0.0947,0.9,0.1
141,4,0,118.1507,550.0,-2625.8781,4153.7645,4873.5249,100.0,97.06,110.03,16.541,223.931,232.502,0,0,0,1,0,0,0,-1.0,-0.0009,-0.2242,0.0391,-0.1,0.1
141,5,1,129.5851,550.0,-3883.2768,-3830.714,4259.816,100.0,97.06,134.6,178.497,152.56,317.729,0,0,0,1,0,0,0,-0.3814,0.1817,-0.1606,-0.2634,-0.1,0.1
141,6,1,216.7404,550.0,1558.2952,-5877.0411,-3306.4097,100.0,95.77,132.71,345.516,116.801,55.174,0,0,0,1,0,0,0,-0.3155,0.2418,-0.1731,-0.2872,-0.1,0.1
141,7,1,22.1697,550.0,-510.558,6579.4537,2085.7518,100.0,98.86,108.98,345.627,57.594,324.014,0,0,0,1,0,0,1,-0.5027,-0.1781,0.0568,-0.0993,0.2171,0.1
141,8,1,134.3264,550.0,-3725.075,-4288.2514,3954.1063,100.0,96.88,111.01,161.938,83.315,347.308,0,0,0,1,0,0,0,-1.0,0.0098,-0.2214,0.0501,0.2917,0.1
141,9,1,108.3764,550.0,-4254.5,-1511.3771,5245.4943,89.36,96.97,118.32,0.0,192.374,157.864,1,0,0,1,1,1,0,-0.0458,0.0501,-0.0313,-0.2785,0.1,0.1
142,0,0,111.4108,550.0,-1858.7145,4238.5331,5145.8973,100.0,96.97,136.25,27.107,308.629,136.774,0,0,0,1,0,0,0,-0.5025,0.119,-0.1651,-0.2916,-0.1,0.1
142,1,0,155.6476,550.0,-5939.6839,2725.0128,2279.1887,100.0,96.97,136.59,287.662,187.336,6.139,0,0,0,1,0,0,0,-0.3708,0.2073,-0.0572,-0.4398,-0.2,0.1
142,2,0,30.6055,550.0,6223.3616,1118.3864,2814.1115,100.0,97.0,129.36,68.211,317.223,252.743,0,0,0,1,0,0,0,-0.2275,-0.1844,0.0209,-0.0531,-0.1,0.1
142,3,0,40.6676,550.0,5622.663,1819.7308,3602.0108,100.0,96.22,96.22,109.227,130.251,302.606,0,0,0,1,0,0,0,-0.5229,0.0382,-0.1165,-0.0941,0.9,0.1
142,4,0,119.0595,550.0,-2721.3313,4141.3457,4831.5477,100.0,97.06,110.46,6.97,225.79,224.909,0,0,0,1,0,0,0,-1.0,0.0012,-0.223,0.0357,-0.1,0.1
142,5,1,128.3231,550.0,-3925.23,-3699.8372,4336.3597,100.0,97.06,135.06,173.199,153.175,309.868,0,0,0,1,0,0,0,-0.3762,0.18,-0.1607,-0.2584,-0.1,0.1
142,6,1,214.7393,550.0,1411.9416,-5998.8228,-3149.728,100.0,95.77,133.18,342.465,117.443,45.174,0,0,0,1,0,0,0,-0.3104,0.2446,-0.1739,-0.2903,-0.1,0.1
142,7,1,21.9454,550.0,-486.3787,6587.6071,2065.6983,100.0,98.86,109.41,336.075,58.199,319.915,0,0,0,1,0,0,1,-0.4936,-0.1781,0.0558,-0.1027,0.2114,0.1
142,8,1,135.577,550.0,-3684.1429,-4399.9005,3868.8768,100.0,96.88,111.43,152.956,83.958,342.517,0,0,0,1,0,0,0,-0.4386,-0.1596,-0.0451,0.0258,0.4419,0.1
142,9,1,108.4811,550.0,-4255.8322,-1518.6866,5242.3014,88.55,96.97,117.55,0.0,194.817,147.864,1,0,0,1,1,1,0,0.0227,0.057,-0.0198,-0.2908,0.1,0.1
143,0,0,110.9261,550.0,-1797.8709,4244.2429,5162.7806,100.0,96.97,136.71,21.071,310.496,126.774,0,0,0,1,0,0,0,-0.4989,0.1169,-0.1663,-0.291,-0.1,0.1
143,1,0,153.8834,550.0,-5827.8256,2831.3502,2433.1348,100.0,96.97,137.06,285.14,188.554,356.139,0,0,0,1,0,0,0,-0.3642,0.21,-0.0561,-0.4421,-0.2,0.1
143,2,0,31.3437,550.0,6186.96,1164.1237,2875.1666,100.0,97.0,129.79,58.211,315.423,252.424,0,0,0,1,0,0,0,-0.2136,-0.1843,0.0237,-0.056,-0.1,0.1
143,3,0,39.7465,550.0,5687.1909,1750.967,3534.1499,100.0,96.22,96.65,103.177,130.554,295.098,0,0,0,1,0,0,0,-0.519,0.0386,-0.1184,-0.0945,0.9,0.1
143,4,0,120.007,550.0,-2820.3466,4127.3918,4786.4938,100.0,97.06,110.89,357.378,227.575,217.277,0,0,0,1,0,0,0,-0.684,-0.0417,-0.1476,-0.0779,-0.1,0.1
143,5,1,127.0965,550.0,-3964.0087,-3570.7021,4408.7371,100.0,97.06,135.52,167.991,153.709,301.88,0,0,0,1,0,0,0,-0.3712,0.1784,-0.1608,-0.2533,-0.1,0.1
143,6,1,212.7382,550.0,1263.595,-6112.9554,-2989.2047,100.0,95.77,133.66,339.538,117.997,35.174,0,0,0,1,0,0,0,-0.3053,0.2474,-0.1746,-0.2934,-0.1,0.1
143,7,1,21.7422,550.0,-463.7333,6594.9168,2047.5022,100.0,98.86,109.85,326.434,58.832,315.763,0,0,0,1,0,0,1,-0.4845,-0.1781,0.0547,-0.1062,0.2052,0.1
143,8,1,136.844,550.0,-3641.0782,-4511.0447,3780.6436,100.0,96.88,111.87,143.955,84.501,337.793,0,0,0,1,0,0,0,-1.0,-0.0408,-0.1969,0.1354,0.6053,0.1
143,9,1,108.627,550.0,-4257.0066,-1530.7991,5237.823,87.75,96.97,116.78,0.0,197.251,137.864,1,0,0,1,1,1,0,0.0203,0.0552,-0.0184,-0.2896,0.1,0.1
144,0,0,110.4822,550.0,-1741.6011,4249.2572,5177.9223,100.0,96.97,137.17,15.093,312.28,116.774,0,0,0,1,0,0,0,-0.4951,0.1147,-0.1674,-0.2903,-0.1,0.1
144,1,0,152.1426,550.0,-5711.7604,2933.4776,2582.7782,100.0,96.97,137.53,282.732,189.736,346.139,0,0,0,1,0,0,0,-0.3544,0.2278,-0.0715,-0.4251,-0.1,0.1
144,2,0,32.108,550.0,6148.2543,1211.6249,2937.8863,100.0,97.0,130.2,48.211,313.565,252.092,0,0,0,1,0,0,0,-0.6799,-0.0491,-0.1167,-0.0253,-0.1,0.1
144,3,0,38.8558,550.0,5748.1124,1683.6833,3467.6585,100.0,96.22,97.07,97.147,130.798,287.543,0,0,0,1,0,0,0,-0.515,0.0389,-0.1202,-0.0949,0.9,0.1
144,4,0,120.9928,550.0,-2922.7781,4111.7871,4738.2292,100.0,97.06,111.32,347.806,229.235,209.662,0,0,0,1,0,0,0,-1.0,0.0411,-0.2522,0.0339,-0.1,0.1
144,5,1,125.9058,550.0,-3999.7485,-3443.5681,4477.0629,100.0,97.06,136.0,162.904,154.175,293.722,0,0,0,1,0,0,0,-0.08,0.2446,-0.1355,-0.3399,-0.1,0.1
144,6,1,210.7372,550.0,1113.454,-6219.2954,-2825.0356,100.0,95.77,134.13,336.736,118.463,25.174,0,0,0,1,0,0,0,-0.3002,0.2501,-0.1752,-0.2964,-0.1,0.1
144,7,1,21.5599,550.0,-442.618,6601.4175,2031.1616,100.0,98.86,110.28,316.703,59.492,311.556,0,0,0,1,0,0,1,-0.4754,-0.178,0.0537,-0.1098,0.1987,0.1
144,8,1,138.1269,550.0,-3595.8548,-4621.5011,3689.4168,100.0,96.88,112.31,134.928,84.949,333.138,0,0,0,1,0,0,0,-1.0,-0.0483,-0.1934,0.1375,0.9,0.1
144,9,1,108.814,550.0,-4258.0165,-1547.7032,5232.0313,86.95,96.97,116.01,0.0,199.676,127.864,1,0,0,1,1,1,0,0.0182,0.0532,-0.0168,-0.2882,0.1,0.1
145,0,0,110.079,550.0,-1689.9508,4253.6615,5191.4036,99.15,96.97,136.42,9.171,313.979,106.774,0,0,0,1,0,1,0,-0.4911,0.1123,-0.1684,-0.2896,-0.1,0.1
145,1,0,150.4262,550.0,-5591.887,3031.3507,2727.9944,100.0,96.97,138.0,280.439,190.883,336.139,0,0,0,1,0,0,0,-0.3485,0.2303,-0.0704,-0.4272,-0.1,0.1
145,2,0,32.899,550.0,6107.1229,1260.8952,3002.2382,100.0,97.0,130.62,38.211,311.649,251.747,0,0,0,1,0,0,0,-0.6656,-0.0502,-0.1139,-0.0263,-0.1,0.1
145,3,0,37.9951,550.0,5805.5871,1617.9201,3402.607,100.0,96.22,97.5,91.136,130.981,279.94,0,0,0,1,0,0,0,-0.5107,0.0393,-0.122,-0.0954,0.9,0.1
145,4,0,122.0165,550.0,-3028.4684,4094.4131,4686.6194,100.0,97.06,111.75,338.257,230.769,202.062,0,0,0,1,0,0,0,-1.0,0.044,-0.2504,0.0296,-0.1,0.1
145,5,1,124.7514,550.0,-4032.5882,-3318.6803,4541.4573,100.0,97.06,136.47,157.939,154.574,285.397,0,0,0,1,0,0,0,-0.0798,0.2415,-0.135,-0.335,-0.1,0.1
145,6,1,208.7361,550.0,961.7198,-6317.7092,-2657.421,100.0,95.77,134.6,334.06,118.841,15.174,0,0,0,1,0,0,0,-0.2952,0.2528,-0.1757,-0.2994,-0.1,0.1
145,7,1,21.3986,550.0,-423.0296,6607.141,2016.6743,100.0,98.86,110.72,306.884,60.178,307.292,0,0,0,1,0,0,1,-0.4664,-0.1779,0.0527,-0.1134,0.1917,0.1
145,8,1,139.4252,550.0,-3548.4515,-4731.0848,3595.2148,100.0,96.88,112.74,125.832,85.334,328.513,0,0,0,1,0,0,0,-0.8159,-0.1414,-0.1224,0.0608,0.6655,0.1
145,9,1,109.0422,550.0,-4258.8487,-1569.3842,5224.8906,86.15,96.97,115.24,0.0,202.094,117.864,0,0,0,1,0,1,0,0.0166,0.051,-0.0151,-0.2866,-0.1,0.1
146,0,0,109.7167,550.0,-1642.9598,4257.5351,5203.2989,98.33,96.97,135.66,3.255,315.65,96.774,0,0,0,1,0,1,0,-0.0004,0.0136,-0.0557,-0.3225,-0.1,0.1
146,1,0,148.735,550.0,-5468.6065,3124.9427,2868.6786,100.0,96.97,138.46,278.221,192.005,326.139,0,0,0,1,0,0,0,-0.399,0.1497,-0.0496,-0.4144,-0.1,0.1
146,2,0,33.717,550.0,6063.4394,1311.9376,3068.1858,100.0,97.0,131.05,28.211,309.699,251.424,0,0,0,1,0,0,0,-0.5078,-0.1978,-0.0689,0.0451,-0.1,0.1
146,3,0,37.1639,550.0,5859.7696,1553.7125,3339.0595,100.0,96.22,97.92,85.097,131.115,272.3,0,0,0,1,0,0,0,-0.5553,-0.056,-0.0963,-0.0738,0.9,0.1
146,4,0,123.062,550.0,-3135.5452,4075.5023,4632.3728,100.0,97.06,112.19,328.684,232.194,194.501,0,0,0,1,0,0,0,-0.9878,-0.0465,-0.2186,0.0792,-0.1,0.1
146,5,1,123.6338,550.0,-4062.6691,-3196.2698,4602.0452,100.0,97.06,136.9,152.994,154.912,276.965,0,0,0,1,0,0,0,-0.4974,0.0414,-0.1235,-0.2139,-0.1,0.1
146,6,1,206.735,550.0,808.5955,-6408.0736,-2486.5652,100.0,95.77,135.06,331.472,119.143,5.174,0,0,0,1,0,0,0,-0.3575,0.1754,-0.1543,-0.2833,-0.1,0.1
146,7,1,21.2579,550.0,-404.9653,6612.1157,2004.0385,100.0,98.86,111.16,296.91,60.909,303.01,0,0,0,1,0,0,1,-0.3179,-0.3096,0.0878,-0.0382,0.1843,0.1
146,8,1,140.7383,550.0,-3498.8523,-4839.6096,3498.064,100.0,96.88,113.19,116.657,85.633,323.96,0,0,0,1,0,0,0,-1.0,-0.1557,-0.1752,0.1429,0.4998,0.1
146,9,1,109.3115,550.0,-4259.4836,-1595.8239,5216.3576,85.35,96.97,114.48,359.972,204.483,107.864,0,0,0,1,0,1,0,-0.2797,-0.0568,-0.059,-0.2061,-0.1,0.1
147,0,0,109.3954,550.0,-1600.6626,4260.9514,5213.6756,97.51,96.97,134.9,357.344,317.294,86.774,0,0,0,1,0,1,0,-0.001,0.0098,-0.0555,-0.3201,-0.1,0.1
147,1,0,147.07,550.0,-5342.3203,3214.2432,3004.7455,100.0,96.97,138.92,276.079,193.103,316.139,0,0,0,1,0,0,0,-0.396,0.1515,-0.0485,-0.4157,-0.1,0.1
147,2,0,34.5624,550.0,6017.0719,1364.7532,3135.6873,100.0,97.0,131.49,18.211,307.716,251.123,0,0,0,1,0,0,0,-0.4946,-0.1987,-0.0661,0.043,-0.1,0.1
147,3,0,36.3618,550.0,5910.8101,1491.091,3277.0738,100.0,96.22,98.34,79.03,131.201,264.622,0,0,0,1,0,0,0,-0.5514,-0.0554,-0.0973,-0.0757,0.9,0.1
147,4,0,124.1287,550.0,-3243.877,4054.9901,4575.4298,100.0,97.06,112.62,319.088,233.511,186.979,0,0,0,1,0,0,0,-0.971,-0.0473,-0.214,0.0761,-0.1,0.1
147,5,1,122.5534,550.0,-4090.1338,-3076.5535,4658.9553,100.0,97.06,137.36,148.114,155.182,268.386,0,0,0,1,0,0,0,-0.1414,0.1292,-0.1334,-0.2931,-0.1,0.1
147,6,1,204.734,550.0,654.2867,-6490.2755,-2312.6767,100.0,95.77,135.52,328.973,119.368,355.174,0,0,0,1,0,0,0,-0.3521,0.1777,-0.1532,-0.2876,-0.1,0.1
147,7,1,21.138,550.0,-388.4227,6616.3671,1993.2524,100.0,98.86,111.6,286.91,61.682,298.706,0,0,0,1,0,0,1,-0.3102,-0.3088,0.0869,-0.0419,0.1765,0.1
147,8,1,142.0655,550.0,-3447.0466,-4946.8888,3397.9996,100.0,96.88,113.64,107.406,85.842,319.477,0,0,0,1,0,0,0,-1.0,-0.1522,-0.1773,0.1389,0.3334,0.1
147,9,1,109.6218,550.0,-4259.8948,-1627.0001,5206.3815,84.55,96.97,113.7,359.922,206.828,97.864,0,0,0,1,0,1,0,-0.4211,-0.0424,-0.0853,-0.1393,-0.1,0.1
148,0,0,109.1151,550.0,-1563.089,4263.9776,5222.594,96.7,96.97,134.14,351.432,318.885,76.774,0,0,0,1,0,1,0,-0.3118,-0.0032,-0.105,-0.2501,-0.1,0.1
148,1,0,145.4321,550.0,-5213.4284,3299.2579,3136.1286,100.0,96.97,139.39,274.03,194.17,306.139,0,0,0,1,0,0,0,-0.4066,0.187,-0.0634,-0.375,-0.1,0.1
148,2,0,35.4356,550.0,5967.8838,1419.3403,3204.6961,100.0,97.0,131.92,8.211,305.686,250.855,0,0,0,1,0,0,0,-0.625,-0.1681,-0.0949,0.0667,-0.1,0.1
148,3,0,35.5885,550.0,5958.8536,1430.0819,3216.7018,100.0,96.22,98.76,72.932,131.231,256.926,0,0,0,1,0,0,0,-0.6735,-0.063,-0.1118,-0.0355,0.9,0.1
148,4,0,125.2165,550.0,-3353.3269,4032.8134,4515.7342,100.0,97.06,113.05,309.46,234.738,179.483,0,0,0,1,0,0,0,-0.835,-0.0623,-0.1815,0.0536,-0.1,0.1
148,5,1,121.5105,550.0,-4115.126,-2959.7347,4712.3189,100.0,97.06,137.81,143.293,155.379,259.688,0,0,0,1,0,0,0,-0.2445,0.1176,-0.1476,-0.2383,-0.1,0.1
148,6,1,202.7329,550.0,499.0001,-6564.2123,-2135.9676,100.0,95.77,136.0,326.607,119.523,345.174,0,0,0,1,0,0,0,0.0128,0.2681,-0.1383,-0.3653,-0.1,0.1
148,7,1,21.0387,550.0,-373.4003,6619.9176,1984.3145,100.0,98.86,112.04,276.91,62.487,294.39,0,0,0,1,0,0,1,-0.4569,-0.2932,0.0622,-0.0259,0.1683,0.1
148,8,1,143.4062,550.0,-3393.0296,-5052.7355,3295.0652,100.0,96.88,114.08,98.12,85.939,315.062,0,0,0,1,0,0,0,-1.0,-0.0709,-0.2254,0.1386,0.2465,0.1
148,9,1,109.9731,550.0,-4260.0494,-1662.8866,5194.904,83.75,96.97,112.93,359.808,209.165,87.864,0,0,0,1,0,1,0,-0.1497,-0.1287,-0.018,-0.1771,-0.1,0.1
149,0,0,108.8758,550.0,-1530.2639,4266.6748,5230.107,95.89,96.97,133.37,345.516,320.424,66.774,0,0,0,1,0,1,0,-0.3084,-0.0076,-0.1042,-0.2476,-0.1,0.1
149,1,0,143.8219,550.0,-5082.3277,3380.008,3262.7798,100.0,96.97,139.85,272.075,195.205,296.139,0,0,0,1,0,0,0,-0.4071,0.1879,-0.0625,-0.3757,-0.1,0.1
149,2,0,36.3372,550.0,5915.733,1475.6944,3275.1595,100.0,97.0,132.35,358.211,303.609,250.621,0,0,0,1,0,0,0,-0.6118,-0.1696,-0.0919,0.0658,0.9,0.1
149,3,0,34.8436,550.0,6004.0401,1370.7079,3157.9904,100.0,96.22,99.19,66.803,131.204,249.212,0,0,0,1,0,0,0,-0.6709,-0.0625,-0.1128,-0.0374,-0.1,0.1
149,4,0,126.3248,550.0,-3463.7521,4008.9105,4453.2346,100.0,97.06,113.48,299.8,235.878,172.013,0,0,0,1,0,0,0,-0.8153,-0.0644,-0.1758,0.0513,-0.1,0.1
149,5,1,120.5054,550.0,-4137.7892,-2846.003,4762.2693,100.0,97.06,138.26,138.529,155.503,250.874,0,0,0,1,0,0,0,-0.2401,0.1158,-0.1465,-0.2338,-0.1,0.1
149,6,1,200.7318,550.0,342.9443,-6629.7917,-1956.6533,100.0,95.77,136.48,324.377,119.61,335.174,0,0,0,1,0,0,0,0.0136,0.2691,-0.1382,-0.3688,-0.1,0.1
149,7,1,20.96,550.0,-359.8969,6622.7867,1977.2233,100.0,98.86,112.48,266.91,63.322,290.058,0,0,0,1,0,0,1,-0.4485,-0.2929,0.0613,-0.0297,0.1597,0.1
149,8,1,144.7598,550.0,-3336.8023,-5156.9637,3189.3129,100.0,96.88,114.52,88.801,85.923,310.715,0,0,0,1,0,0,0,-1.0,-0.0669,-0.2265,0.1337,0.1794,0.1
149,9,1,110.3652,550.0,-4259.9084,-1703.4528,5181.8597,82.94,96.97,112.17,359.628,211.494,77.864,0,0,0,1,0,1,0,-0.1442,-0.1319,-0.0142,-0.1731,-0.1,0.1
150,0,0,108.6776,550.0,-1502.2083,4269.0976,5236.2598,95.05,96.97,132.62,339.652,321.958,56.774,0,0,0,1,0,1,0,-0.1046,0.1033,-0.0093,-0.3523,-0.1,0.1
150,1,0,142.2405,550.0,-4949.4101,3456.5294,3384.6691,100.0,96.97,140.33,270.279,196.179,286.139,0,0,0,1,0,0,0,-0.3794,0.3186,-0.1225,-0.3574,-0.1,0.1
150,2,0,37.2675,550.0,5860.4727,1533.8078,3347.0188,100.0,97.0,132.77,348.211,301.464,250.396,0,0,0,1,0,0,0,-0.8922,-0.0255,-0.1381,0.0198,0.9,0.1
150,3,0,34.1267,550.0,6046.5047,1312.9879,3100.9813,100.0,96.22,99.64,60.736,131.08,241.408,0,0,0,1,0,0,0,-0.751,0.1246,-0.1966,-0.1799,-0.1,0.1
150,4,0,127.4534,550.0,-3575.0048,3983.2218,4387.8839,100.0,97.06,113.9,290.158,236.982,164.509,0,0,0,1,0,0,0,-0.5942,0.0353,-0.0694,-0.0674,-0.1,0.1
150,5,1,119.5384,550.0,-4158.2665,-2735.535,4808.9405,100.0,97.06,138.73,133.885,155.585,241.878,0,0,0,1,0,0,0,-0.0995,0.2396,-0.0831,-0.361,-0.1,0.1
150,6,1,198.7308,550.0,186.3288,-6686.9325,-1774.9526,100.0,95.77,136.96,322.284,119.638,325.174,0,0,0,1,0,0,0,-0.1994,0.276,-0.1158,-0.4207,-0.1,0.1
150,7,1,20.9018,550.0,-347.9119,6624.9907,1971.9779,100.0,98.86,112.9,256.929,64.132,285.646,0,0,0,1,0,0,1,-0.531,0.0366,-0.051,-0.1619,0.1507,0.1
150,8,1,146.1256,550.0,-3278.3718,-5259.3883,3080.804,100.0,96.88,114.95,79.515,85.793,306.375,0,0,0,1,0,0,0,-1.0,0.0686,-0.2276,0.0156,0.1121,0.1
150,9,1,110.7982,550.0,-4259.4259,-1748.6637,5167.176,85.07,96.97,112.6,359.431,213.861,67.864,0,0,0,1,0,0,0,0.0447,-0.0332,0.0747,-0.2609,-0.1,0.1
151,0,0,108.5207,550.0,-1478.9391,4271.2942,5241.0901,94.22,96.97,131.87,333.835,323.489,46.774,0,0,0,1,0,1,0,-0.0954,0.0965,-0.0076,-0.3501,-0.1,0.1
151,1,0,140.6885,550.0,-4815.0615,3528.8718,3501.7835,100.0,96.97,140.81,268.643,197.091,276.139,0,0,0,1,0,0,0,-0.3797,0.3183,-0.1227,-0.3577,-0.1,0.1
151,2,0,38.227,550.0,5801.9507,1593.6695,3420.2086,100.0,97.0,133.19,338.211,299.249,250.18,0,0,0,1,0,0,0,-0.885,-0.0278,-0.1382,0.0194,0.9,0.1
151,3,0,33.4374,550.0,6086.3772,1256.9379,3045.7118,100.0,96.22,100.09,54.73,130.856,233.514,0,0,0,1,0,0,0,-0.7489,0.1218,-0.1973,-0.1785,-0.1,0.1
151,4,0,128.6017,550.0,-3686.9316,3955.6899,4319.6404,100.0,97.06,114.32,280.545,238.011,156.978,0,0,0,1,0,0,0,-0.7517,0.0572,-0.1502,-0.0553,-0.1,0.1
151,5,1,118.6099,550.0,-4176.6998,-2628.4946,4852.467,100.0,97.06,139.2,129.36,155.626,232.705,0,0,0,1,0,0,0,-0.0948,0.2374,-0.0823,-0.3567,-0.1,0.1
151,6,1,196.7297,550.0,29.364,-6735.5639,-1591.087,100.0,95.77,137.44,320.331,119.609,315.174,0,0,0,1,0,0,0,-0.1927,0.2791,-0.1157,-0.4237,-0.1,0.1
151,7,1,20.864,550.0,-337.4456,6626.5432,1968.5774,100.0,98.86,113.33,246.965,64.916,281.151,0,0,0,1,0,0,1,-0.524,0.0367,-0.0519,-0.165,0.1413,0.1
151,8,1,147.5029,550.0,-3217.7514,-5359.8268,2969.6083,100.0,96.88,115.38,70.267,85.548,302.04,0,0,0,1,0,0,0,-1.0,0.0734,-0.2292,0.0101,0.0445,0.1
151,9,1,111.2719,550.0,-4258.55,-1798.4792,5150.7733,87.23,96.97,113.02,359.212,216.217,57.864,0,0,0,1,0,0,0,-0.3152,-0.0456,-0.0227,-0.1402,-0.1,0.1
152,0,0,108.4049,550.0,-1460.4695,4273.3064,5244.628,93.39,96.97,131.11,328.064,325.017,36.774,0,0,0,1,0,1,0,-0.0862,0.0897,-0.006,-0.3478,-0.1,0.1
152,1,0,139.1666,550.0,-4679.6598,3597.0978,3614.1267,100.0,96.97,141.29,267.166,197.942,266.139,0,0,0,1,0,0,0,-0.3804,0.318,-0.1228,-0.3579,-0.1,0.1
152,2,0,39.2161,550.0,5740.0103,1655.2643,3494.6564,100.0,97.0,133.61,328.211,296.965,249.974,0,0,0,1,0,0,0,-0.877,-0.029,-0.1396,0.0176,0.6594,0.1
152,3,0,32.7753,550.0,6123.7826,1202.5707,2992.2151,100.0,96.22,100.54,48.783,130.534,225.532,0,0,0,1,0,0,0,-0.7467,0.119,-0.1979,-0.1772,-0.1,0.1
152,4,0,129.7694,550.0,-3799.3743,3926.2599,4248.4678,100.0,97.06,114.75,270.958,238.969,149.418,0,0,0,1,0,0,0,-0.7309,0.0536,-0.1429,-0.0561,-0.1,0.1
152,5,1,117.7201,550.0,-4193.2292,-2525.0331,4892.9825,100.0,97.06,139.67,124.979,155.642,223.322,0,0,0,1,0,0,0,0.2181,0.2869,-0.048,-0.4191,-0.1,0.1
152,6,1,194.7286,550.0,-127.7392,-6775.6261,-1405.2809,100.0,95.77,137.92,318.519,119.522,305.174,0,0,0,1,0,0,0,-0.186,0.2821,-0.1154,-0.4267,-0.1,0.1
152,7,1,20.8468,550.0,-328.4988,6627.4548,1967.0211,100.0,98.86,113.76,237.021,65.673,276.572,0,0,0,1,0,0,1,-0.517,0.0369,-0.0528,-0.168,0.1315,0.1
152,8,1,148.891,550.0,-3154.9608,-5458.0991,2855.8043,100.0,96.88,115.82,61.057,85.188,297.708,0,0,0,1,0,0,0,-1.0,0.0778,-0.2301,0.0046,-0.0232,0.1
152,9,1,111.7862,550.0,-4257.2225,-1852.854,5132.5656,89.39,96.97,113.44,358.967,218.563,47.864,0,0,0,1,0,0,0,-0.301,-0.051,-0.0188,-0.1343,-0.1,0.1
153,0,0,108.3303,550.0,-1446.809,4275.1693,5246.8955,92.57,96.97,130.35,322.334,326.542,26.774,0,0,0,1,0,1,0,-0.0771,0.0829,-0.0043,-0.3454,-0.1,0.1
153,1,0,137.6756,550.0,-4543.5742,3661.2825,3721.718,100.0,96.97,141.78,265.871,198.752,256.139,0,0,0,1,0,0,0,-0.144,0.3647,-0.0828,-0.4341,-0.1,0.1
153,2,0,40.2354,550.0,5674.4898,1718.5729,3570.282,100.0,97.0,134.03,318.211,294.61,249.775,0,0,0,1,0,0,0,-0.8685,-0.0303,-0.1409,0.016,0.6047,0.1
153,3,0,32.1403,550.0,6158.8406,1149.897,2940.5205,100.0,96.22,100.98,42.895,130.112,217.462,0,0,0,1,0,0,0,-0.7444,0.1162,-0.1984,-0.1758,-0.1,0.1
153,4,0,130.9559,550.0,-3912.1699,3894.8799,4174.3357,100.0,97.06,115.18,261.425,239.811,141.847,0,0,0,1,0,0,0,-0.9645,0.1071,-0.2323,-0.0224,-0.1,0.1
153,5,1,116.8694,550.0,-4207.9923,-2425.2902,4930.6195,100.0,97.06,140.13,120.692,155.623,213.767,0,0,0,1,0,0,0,-0.1132,0.1888,-0.0732,-0.3422,-0.1,0.1
153,6,1,192.7275,550.0,-284.7694,-6807.0703,-1217.7609,100.0,95.77,138.41,316.85,119.378,295.174,0,0,0,1,0,0,0,-0.1794,0.2851,-0.115,-0.4295,-0.1,0.1
153,7,1,20.85,550.0,-321.073,6627.7333,1967.309,100.0,98.86,114.18,227.094,66.404,271.908,0,0,0,1,0,0,1,-0.5099,0.0371,-0.0537,-0.1712,0.1213,0.1
153,8,1,150.2892,550.0,-3090.0259,-5554.0286,2739.4794,100.0,96.88,116.25,51.888,84.713,293.375,0,0,0,1,0,0,0,-1.0,0.082,-0.2305,-0.0009,-0.0912,0.1
153,9,1,112.341,550.0,-4255.3789,-1911.737,5112.4605,91.55,96.97,113.86,358.694,220.902,37.864,0,0,0,1,0,0,0,-0.2876,-0.0561,-0.015,-0.1287,-0.1,0.1
154,0,0,108.2969,550.0,-1437.9639,4276.9117,5247.9069,91.75,96.97,129.59,316.619,328.073,16.774,0,0,0,1,0,1,0,-0.0318,0.0295,0.0098,-0.3306,-0.1,0.1
154,1,0,136.2162,550.0,-4407.1637,3721.5119,3824.5912,100.0,96.97,142.26,264.747,199.523,246.139,0,0,0,1,0,0,0,-0.1598,0.3434,-0.0766,-0.4328,-0.1,0.1
154,2,0,41.2693,550.0,5606.3232,1782.4851,3645.8371,100.0,97.0,134.45,308.211,292.188,249.594,0,0,0,1,0,0,0,-0.8424,-0.0635,-0.1347,0.0349,0.5514,0.1
154,3,0,31.5318,550.0,6191.6659,1098.9247,2890.6537,100.0,96.22,101.43,37.053,129.593,209.308,0,0,0,1,0,0,0,-0.7612,0.0943,-0.196,-0.1686,-0.1,0.1
154,4,0,132.161,550.0,-4025.1509,3861.5009,4097.22,100.0,97.06,115.62,251.935,240.54,134.271,0,0,0,1,0,0,0,-0.9657,0.0875,-0.2246,-0.0119,-0.1,0.1
154,5,1,116.0578,550.0,-4221.1241,-2329.3942,4965.5085,100.0,97.06,140.59,116.485,155.569,204.046,0,0,0,1,0,0,0,-0.1146,0.162,-0.0681,-0.3342,-0.1,0.1
154,6,1,190.7268,550.0,-441.4939,-6829.8558,-1028.783,100.0,95.77,138.89,315.314,119.179,285.174,0,0,0,1,0,0,0,-0.1872,0.2672,-0.109,-0.4309,-0.1,0.1
154,7,1,20.8736,550.0,-315.1707,6627.3834,1969.441,100.0,98.86,114.6,217.17,67.112,267.161,0,0,0,1,0,0,1,-0.4956,0.0051,-0.045,-0.1641,0.1107,0.1
154,8,1,151.6968,550.0,-3022.9794,-5647.4432,2620.7293,100.0,96.88,116.68,42.754,84.124,289.046,0,0,0,1,0,0,0,-1.0,0.068,-0.2291,0.007,-0.1,0.1
154,9,1,112.9362,550.0,-4252.9489,-1975.0713,5090.3595,93.71,96.97,114.29,358.37,223.24,27.864,0,0,0,1,0,0,0,-0.2427,-0.1019,-0.0015,-0.1076,-0.1,0.1
155,0,0,108.3048,550.0,-1433.937,4278.5557,5247.6687,90.94,96.97,128.83,310.917,329.608,6.774,0,0,0,1,0,1,0,-0.0256,0.0257,0.0108,-0.3285,-0.1,0.1
155,1,0,134.7891,550.0,-4270.7764,3777.8824,3922.7942,100.0,96.97,142.75,263.796,200.256,236.139,0,0,0,1,0,0,0,-0.1614,0.3438,-0.077,-0.4328,-0.1,0.1
155,2,0,42.3182,550.0,5535.4236,1846.9956,3721.2813,100.0,97.0,134.87,298.211,289.698,249.429,0,0,0,1,0,0,0,-0.8339,-0.0619,-0.1363,0.0305,0.4993,0.1
155,3,0,30.9497,550.0,6222.3682,1049.6601,2842.6375,100.0,96.22,101.88,31.258,128.975,201.07,0,0,0,1,0,0,0,-0.7578,0.0926,-0.1967,-0.1673,-0.1,0.1
155,4,0,133.3839,550.0,-4138.1459,3826.0778,4017.1032,100.0,97.06,116.05,242.49,241.159,126.685,0,0,0,1,0,0,0,-0.9547,0.0893,-0.2209,-0.017,-0.1,0.1
155,5,1,115.2857,550.0,-4232.7563,-2237.4627,4997.7771,100.0,97.06,141.04,112.36,155.481,194.16,0,0,0,1,0,0,0,-0.1107,0.1607,-0.0682,-0.33,-0.1,0.1
155,6,1,188.7275,550.0,-597.6134,-6843.9531,-838.6924,100.0,95.77,139.37,313.914,118.925,275.174,0,0,0,1,0,0,0,-0.1797,0.2713,-0.1087,-0.4337,-0.1,0.1
155,7,1,20.9177,550.0,-310.7947,6626.4071,1973.4174,100.0,98.86,115.03,207.25,67.797,262.331,0,0,0,1,0,0,1,-0.4913,0.0064,-0.0462,-0.1677,0.0996,0.1
155,8,1,153.1129,550.0,-2953.8604,-5738.1756,2499.6582,100.0,96.88,117.11,33.655,83.42,284.716,0,0,0,1,0,0,0,-1.0,0.0725,-0.2282,0.0007,-0.1,0.1
155,9,1,113.5716,550.0,-4249.8562,-2042.793,5066.1583,95.86,96.97,114.71,358.065,225.515,17.864,0,0,0,1,0,0,0,-0.6878,0.0365,-0.1251,-0.0834,-0.1,0.1
156,0,0,108.3539,550.0,-1434.728,4280.1167,5246.1793,90.13,96.97,128.06,305.226,331.15,356.774,0,0,0,1,0,1,0,-0.0196,0.022,0.0118,-0.3265,-0.1,0.1
156,1,0,133.3947,550.0,-4134.7484,3830.4997,4016.3876,100.0,96.97,143.23,263.017,200.951,226.139,0,0,0,1,0,0,0,-0.1633,0.3441,-0.0774,-0.4328,-0.1,0.1
156,2,0,43.3828,550.0,5461.702,1912.0961,3796.5696,100.0,97.0,135.29,288.211,287.139,249.276,0,0,0,1,0,0,0,-0.8252,-0.0604,-0.138,0.0261,0.4486,0.1
156,3,0,30.3935,550.0,6251.0524,1002.1074,2796.4918,100.0,96.22,102.34,25.561,128.266,192.696,0,0,0,1,0,0,0,-0.3434,0.1953,-0.1815,-0.2724,-0.1,0.1
156,4,0,134.6243,550.0,-4250.9794,3788.5692,3933.9749,100.0,97.06,116.48,233.079,241.657,119.125,0,0,0,1,0,0,0,-1.0,0.0674,-0.2431,0.0495,-0.1,0.1
156,5,1,114.5532,550.0,-4243.0166,-2149.6028,5027.55,100.0,97.06,141.5,108.313,155.359,184.16,0,0,0,1,0,0,0,-0.107,0.1593,-0.0685,-0.3259,-0.1,0.1
156,6,1,186.7309,550.0,-752.8309,-6849.3644,-647.8383,100.0,95.77,139.85,312.651,118.618,265.174,0,0,0,1,0,0,0,-0.1726,0.2754,-0.1084,-0.4363,-0.1,0.1
156,7,1,20.9824,550.0,-307.9488,6624.8035,1979.2389,100.0,98.86,115.45,197.333,68.458,257.415,0,0,0,1,0,0,1,-0.4869,0.0077,-0.0474,-0.1712,0.0882,0.1
156,8,1,154.5369,550.0,-2882.7143,-5826.0643,2376.3783,100.0,96.88,117.53,24.564,82.634,280.421,0,0,0,1,0,0,0,-1.0,0.0152,-0.1661,0.067,-0.1,0.1
156,9,1,114.2471,550.0,-4246.0186,-2114.8317,5039.7474,98.01,96.97,115.13,357.776,227.729,7.864,0,0,0,1,0,0,0,-0.675,0.0335,-0.1217,-0.0776,-0.1,0.1
157,0,0,108.4442,550.0,-1440.3336,4281.6035,5243.4294,89.31,96.97,127.3,299.575,332.621,346.774,0,0,0,1,0,1,0,-0.7019,0.0805,-0.1417,-0.1544,-0.1,0.1
157,1,0,132.0338,550.0,-3999.4033,3879.4777,4105.4436,100.0,96.97,143.71,262.363,201.558,216.139,0,0,0,1,0,0,0,-0.1058,0.2511,-0.1739,-0.3244,-0.1,0.1
157,2,0,44.4633,550.0,5385.068,1977.7753,3871.6519,100.0,97.0,135.72,278.211,284.509,249.134,0,0,0,1,0,0,0,-0.8164,-0.0588,-0.1396,0.0219,0.399,0.1
157,3,0,29.8631,550.0,6277.8181,956.2695,2752.2335,100.0,96.22,102.81,19.96,127.466,184.187,0,0,0,1,0,0,0,-0.3398,0.1942,-0.1829,-0.2701,-0.1,0.1
157,4,0,135.8816,550.0,-4363.4731,3748.9376,3847.8319,100.0,97.06,116.9,223.725,242.139,111.541,0,0,0,1,0,0,0,-0.6736,0.1128,-0.0307,-0.0482,-0.1,0.1
157,5,1,113.8606,550.0,-4252.0289,-2065.912,5054.948,100.0,97.06,141.94,104.298,155.159,174.16,0,0,0,1,0,0,0,-0.6601,0.062,-0.1557,-0.185,-0.1,0.1
157,6,1,184.7382,550.0,-906.8531,-6846.123,-456.5723,100.0,95.77,140.33,311.544,118.257,255.174,0,0,0,1,0,0,0,-0.177,0.3105,-0.1065,-0.4114,-0.1,0.1
157,7,1,21.0675,550.0,-306.6377,6622.5688,1986.9065,100.0,98.86,115.87,187.421,69.095,252.411,0,0,0,1,0,0,1,-0.4826,0.009,-0.0486,-0.1749,0.0841,0.1
157,8,1,155.9679,550.0,-2809.5934,-5910.9543,2251.0098,100.0,96.88,117.96,15.451,81.783,276.163,0,0,0,1,0,0,0,-1.0,-0.0453,-0.1277,0.0745,-0.1,0.1
157,9,1,114.9625,550.0,-4241.3486,-2191.1092,5011.0123,100.0,96.97,115.57,357.535,229.833,357.875,0,0,0,1,0,0,0,-1.0,0.0964,-0.2217,0.022,-0.1,0.1
158,0,0,108.5757,550.0,-1450.747,4283.0182,5239.4016,88.52,96.97,126.53,293.912,334.035,336.774,0,0,0,1,0,1,0,-0.496,-0.0225,-0.1133,-0.1335,-0.1,0.1
158,1,0,130.7069,550.0,-3865.0517,3924.9379,4190.0453,100.0,96.97,144.16,261.765,202.089,206.139,0,0,0,1,0,0,0,-0.4691,0.112,-0.1531,-0.2483,-0.1,0.1
158,2,0,45.5604,550.0,5305.4295,2044.0184,3946.4729,100.0,97.0,136.16,268.211,281.872,249.057,0,0,0,1,0,0,0,-0.4088,-0.3179,-0.0167,0.1286,0.3508,0.1
158,3,0,29.3581,550.0,6302.7606,912.1477,2709.8776,100.0,96.22,103.24,14.341,126.624,175.56,0,0,0,1,0,0,0,-0.1989,-0.0372,-0.0841,-0.2342,-0.1,0.1
158,4,0,137.1553,550.0,-4475.4454,3707.1504,3758.6786,100.0,97.06,117.33,214.312,242.673,103.952,0,0,0,1,0,0,0,-0.274,-0.1167,0.1043,-0.008,-0.1,0.1
158,5,1,113.2079,550.0,-4259.9125,-1986.4787,5080.0875,100.0,97.06,142.37,100.284,154.873,164.16,0,0,0,1,0,0,0,-0.8177,0.0012,-0.171,-0.1566,-0.1,0.1
158,6,1,182.7506,550.0,-1059.392,-6834.294,-265.2465,100.0,95.77,140.8,310.536,117.837,245.174,0,0,0,1,0,0,0,-0.2754,0.1995,-0.117,-0.3515,-0.1,0.1
158,7,1,21.1732,550.0,-306.8666,6619.6961,1996.4213,100.0,98.86,116.31,177.421,69.775,247.375,0,0,0,1,0,0,1,-0.1061,-0.279,0.0863,-0.0662,0.0993,0.1
158,8,1,157.4051,550.0,-2734.5559,-5992.6978,2123.6803,100.0,96.88,118.4,6.253,80.859,271.977,0,0,0,1,0,0,0,-0.988,-0.1693,-0.1465,0.1449,-0.1,0.1
158,9,1,115.7177,550.0,-4235.7531,-2271.5395,4979.8339,100.0,96.97,116.01,357.257,231.825,347.94,0,0,0,1,0,0,0,-0.9986,-0.0752,-0.2238,0.107,-0.1,0.1
159,0,0,108.7484,550.0,-1465.9582,4284.3565,5234.0708,87.73,96.97,125.75,288.238,335.394,326.774,0,0,0,1,0,1,0,-0.4922,-0.0238,-0.1114,-0.1331,-0.1,0.1
159,1,0,129.4145,550.0,-3731.9903,3967.0079,4270.2854,100.0,96.97,144.61,261.223,202.543,196.139,0,0,0,1,0,0,0,-0.4628,0.1107,-0.1529,-0.243,-0.1,0.1
159,2,0,46.6745,550.0,5222.6928,2110.8073,4020.9718,100.0,97.0,136.61,258.211,279.226,249.041,0,0,0,1,0,0,0,-0.3962,-0.3176,-0.0169,0.1241,0.3037,0.1
159,3,0,28.8782,550.0,6325.9701,869.7421,2669.4367,100.0,96.22,103.68,8.703,125.739,166.818,0,0,0,1,0,0,0,-0.1926,-0.0385,-0.0861,-0.2318,-0.1,0.1
159,4,0,138.4447,550.0,-4586.7128,3663.1793,3666.5276,100.0,97.06,117.75,204.84,243.259,96.358,0,0,0,1,0,0,0,-0.2692,-0.1182,0.1027,-0.0105,-0.1,0.1
159,5,1,112.5955,550.0,-4266.782,-1911.3826,5103.0803,100.0,97.06,142.81,96.269,154.502,154.16,0,0,0,1,0,0,0,-0.8162,-0.0008,-0.1722,-0.1554,-0.1,0.1
159,6,1,180.7693,550.0,-1210.1667,-6813.9732,-74.2111,100.0,95.77,141.27,309.629,117.36,235.174,0,0,0,1,0,0,0,-0.273,0.2012,-0.1163,-0.3537,-0.1,0.1
159,7,1,21.2996,550.0,-308.6416,6616.1758,2007.7846,100.0,98.86,116.76,167.421,70.498,242.304,0,0,0,1,0,0,1,-0.0999,-0.279,0.0849,-0.0676,0.1141,0.1
159,8,1,158.8478,550.0,-2657.6667,-6071.1549,1994.5243,100.0,96.88,118.84,356.943,79.901,267.842,0,0,0,1,0,0,0,-0.7157,-0.2236,-0.0695,0.1022,-0.1,0.1
159,9,1,116.5124,550.0,-4229.134,-2356.028,4946.0892,100.0,96.97,116.45,356.938,233.705,338.059,0,0,0,1,0,0,0,-0.9878,-0.0807,-0.2227,0.1101,-0.0933,0.1
160,0,0,108.9622,550.0,-1485.9541,4285.6071,5227.404,86.93,96.97,124.98,282.551,336.698,316.774,0,0,0,1,0,1,0,-0.488,-0.0254,-0.1093,-0.1325,-0.1,0.1
160,1,0,128.1572,550.0,-3600.5022,4005.8211,4346.2654,100.0,96.97,145.06,260.735,202.921,186.139,0,0,0,1,0,0,0,-0.4566,0.1092,-0.1524,-0.2374,-0.1,0.1
160,2,0,47.806,550.0,5136.7633,2178.12,4095.082,100.0,97.0,137.05,248.211,276.572,249.086,0,0,0,1,0,0,0,-0.3836,-0.3171,-0.017,0.1197,0.2831,0.1
160,3,0,28.4233,550.0,6347.5321,829.0521,2630.9217,100.0,96.22,104.11,3.045,124.81,157.961,0,0,0,1,0,0,0,-0.186,-0.0398,-0.0879,-0.2294,-0.1,0.1
160,4,0,139.7494,550.0,-4697.0896,3617.0012,3571.3993,100.0,97.06,118.17,195.307,243.895,88.758,0,0,0,1,0,0,0,-0.2644,-0.1198,0.1011,-0.013,-0.1,0.1
160,5,1,112.0233,550.0,-4272.7471,-1840.6954,5124.0329,100.0,97.06,143.24,92.248,154.07,144.16,0,0,0,1,0,0,0,-0.3789,-0.0102,-0.1208,-0.2568,-0.1,0.1
160,6,1,178.7955,550.0,-1358.9049,-6785.287,116.1867,100.0,95.77,141.73,308.824,116.825,225.174,0,0,0,1,0,0,0,-0.2708,0.2028,-0.1155,-0.3559,-0.1,0.1
160,7,1,21.4467,550.0,-311.9696,6611.9953,2020.9983,100.0,98.86,117.2,157.421,71.262,237.199,0,0,0,1,0,0,1,-0.0927,-0.279,0.0835,-0.0692,0.1285,0.1
160,8,1,160.2952,550.0,-2578.9966,-6146.1941,1863.6834,100.0,96.88,119.29,347.535,78.899,263.781,0,0,0,1,0,0,0,-0.7933,-0.1954,-0.0865,0.1472,-0.1,0.1
160,9,1,117.3463,550.0,-4221.3883,-2444.4714,4909.6518,100.0,96.97,116.89,356.576,235.475,328.236,0,0,0,1,0,0,0,-0.9765,-0.0864,-0.2216,0.1133,-0.081,0.1
161,0,0,109.2171,550.0,-1510.7179,4286.7524,5219.3607,86.14,96.97,124.21,276.851,337.948,306.774,0,0,0,1,0,1,0,-0.4833,-0.027,-0.1069,-0.1319,-0.1,0.1
161,1,0,126.9353,550.0,-3470.8561,4041.515,4418.094,100.0,96.97,145.52,260.339,203.232,176.139,0,0,0,1,0,0,0,-0.1162,0.1844,-0.1331,-0.3222,-0.1,0.1
161,2,0,48.9555,550.0,5047.5457,2245.9305,4168.7312,100.0,97.0,137.5,238.211,273.909,249.188,0,0,0,1,0,0,0,-0.371,-0.3167,-0.0172,0.1152,0.2652,0.1
161,3,0,27.993,550.0,6367.5279,790.076,2594.3417,100.0,96.22,104.55,357.366,123.836,148.991,0,0,0,1,0,0,0,-0.1793,-0.041,-0.0896,-0.2269,-0.1,0.1
161,4,0,141.0687,550.0,-4806.3892,3568.5984,3473.3226,100.0,97.06,118.6,185.715,244.581,81.15,0,0,0,1,0,0,0,-0.2596,-0.1213,0.0995,-0.0157,-0.1,0.1
161,5,1,111.4916,550.0,-4277.912,-1774.4813,5143.0464,100.0,97.06,143.68,88.221,153.577,134.16,0,0,0,1,0,0,0,-0.3697,-0.015,-0.1217,-0.2542,-0.1,0.1
161,6,1,176.8305,550.0,-1505.3441,-6748.3913,305.6052,100.0,95.77,142.2,308.12,116.232,215.174,0,0,0,1,0,0,0,-0.2688,0.2044,-0.1147,-0.358,-0.1,0.1
161,7,1,21.6146,550.0,-316.8583,6607.139,2036.064,100.0,98.86,117.64,147.421,72.068,232.059,0,0,0,1,0,0,1,-0.0854,-0.2789,0.0821,-0.0709,0.1425,0.1
161,8,1,161.7463,550.0,-2498.6222,-6217.6934,1731.3051,100.0,96.88,119.72,338.115,77.794,259.791,0,0,0,1,0,0,0,-1.0,-0.0243,-0.2063,0.1428,-0.1,0.1
161,9,1,118.2194,550.0,-4212.4085,-2536.7567,4870.3923,100.0,96.97,117.33,356.168,237.134,318.47,0,0,0,1,0,0,0,-0.9647,-0.0923,-0.2203,0.1166,-0.0695,0.1
162,0,0,109.5131,550.0,-1540.2292,4287.7679,5209.8927,85.35,96.97,123.43,271.136,339.146,296.774,0,0,0,1,0,1,0,-0.4783,-0.0289,-0.1044,-0.1311,-0.1,0.1
162,1,0,125.7495,550.0,-3343.3067,4074.2312,4485.8869,100.0,96.97,145.99,260.034,203.478,166.139,0,0,0,1,0,0,0,-0.1138,0.1811,-0.1315,-0.3172,-0.1,0.1
162,2,0,50.1234,550.0,4954.9436,2314.2088,4241.8407,100.0,97.0,137.94,228.211,271.237,249.345,0,0,0,1,0,0,0,-0.3585,-0.3162,-0.0173,0.1109,0.2478,0.1
162,3,0,27.5872,550.0,6386.034,752.8116,2559.7042,100.0,96.22,104.98,351.674,122.812,139.942,0,0,0,1,0,0,0,-0.3327,-0.0283,-0.0991,-0.1573,-0.1,0.1
162,4,0,142.402,550.0,-4914.4243,3517.9586,3372.3349,100.0,97.06,119.02,176.061,245.316,73.533,0,0,0,1,0,0,0,-0.2549,-0.1228,0.0978,-0.0183,-0.1,0.1
162,5,1,111.0005,550.0,-4282.3755,-1712.7973,5160.2157,100.0,97.06,144.12,84.183,153.023,124.16,0,0,0,1,0,0,0,-0.3601,-0.02,-0.1224,-0.2515,-0.1,0.1
162,6,1,174.8754,550.0,-1649.2333,-6703.4708,493.7097,100.0,95.77,142.67,307.52,115.583,205.174,0,0,0,1,0,0,0,-0.267,0.2059,-0.1139,-0.36,-0.1,0.1
162,7,1,21.8034,550.0,-323.316,6601.5881,2052.9836,100.0,98.86,118.09,137.421,72.914,226.882,0,0,0,1,0,0,1,-0.078,-0.2788,0.0807,-0.0725,0.1561,0.1
162,8,1,163.2004,550.0,-2416.6261,-6285.5403,1597.5426,100.0,96.88,120.16,328.684,76.588,255.871,0,0,0,1,0,0,0,-1.0,-0.0235,-0.2026,0.1395,-0.1,0.1
162,9,1,119.1313,550.0,-4202.0826,-2632.7611,4828.1789,100.0,96.97,117.77,355.667,238.728,308.733,0,0,0,1,0,0,0,-0.5053,-0.1871,-0.1323,0.0578,-0.0586,0.1
163,0,0,109.8501,550.0,-1574.4638,4288.6226,5198.9442,84.55,96.97,122.66,265.406,340.293,286.774,0,0,0,1,0,1,0,-0.4729,-0.0309,-0.1017,-0.1303,-0.1,0.1
163,1,0,124.6001,550.0,-3218.0943,4104.1138,4549.7648,100.0,96.97,146.45,259.797,203.653,156.139,0,0,0,1,0,0,0,-0.1344,0.1373,-0.1406,-0.305,-0.1,0.1
163,2,0,51.3101,550.0,4858.8608,2382.9202,4314.3255,100.0,97.0,138.39,218.211,268.557,249.556,0,0,0,1,0,0,0,-0.3461,-0.3158,-0.0174,0.1066,0.2308,0.1
163,3,0,27.2055,550.0,6403.1225,717.2561,2527.0155,100.0,96.22,105.4,345.966,121.739,130.816,0,0,0,1,0,0,0,-0.3248,-0.03,-0.0998,-0.1547,-0.1,0.1
163,4,0,143.7487,550.0,-5021.0076,3465.0753,3268.4823,100.0,97.06,119.45,166.344,246.099,65.905,0,0,0,1,0,0,0,-0.2503,-0.1243,0.096,-0.0211,-0.1,0.1
163,5,1,110.55,550.0,-4286.2308,-1655.694,5175.6298,100.0,97.06,144.56,80.133,152.407,114.16,0,0,0,1,0,0,0,-0.3501,-0.0252,-0.123,-0.2486,-0.1,0.1
163,6,1,172.9315,550.0,-1790.3338,-6650.7375,680.1742,100.0,95.77,143.14,307.023,114.877,195.174,0,0,0,1,0,0,0,-0.2654,0.2074,-0.113,-0.362,-0.1,0.1
163,7,1,22.0131,550.0,-331.3519,6595.3211,2071.7594,100.0,98.86,118.53,127.421,73.799,221.668,0,0,0,1,0,0,1,-0.0707,-0.2786,0.0793,-0.0742,0.1693,0.1
163,8,1,164.6566,550.0,-2333.0962,-6349.6329,1462.5543,100.0,96.88,120.6,319.241,75.282,252.019,0,0,0,1,0,0,0,-1.0,-0.0228,-0.1988,0.1361,-0.1,0.1
163,9,1,120.0818,550.0,-4190.2949,-2732.3514,4782.8784,100.0,96.97,118.21,355.143,240.199,299.031,0,0,0,1,0,0,0,-0.9526,-0.0442,-0.2439,0.0675,-0.0485,0.1
164,0,0,110.228,550.0,-1613.3934,4289.2791,5186.4523,83.76,96.97,121.89,259.659,341.391,276.774,0,0,0,1,0,1,0,-0.4671,-0.0331,-0.0987,-0.1293,-0.1,0.1
164,1,0,123.4874,550.0,-3095.445,4131.309,4609.8533,100.0,96.97,146.9,259.629,203.76,146.139,0,0,0,1,0,0,0,-0.1271,0.1351,-0.1379,-0.3006,-0.1,0.1
164,2,0,52.5161,550.0,4759.2009,2452.0254,4386.0939,100.0,97.0,138.83,208.211,265.867,249.818,0,0,0,1,0,0,0,-0.3337,-0.3153,-0.0175,0.1023,0.2142,0.1
164,3,0,26.8479,550.0,6418.8612,683.4063,2496.2808,100.0,96.22,105.83,340.242,120.616,121.613,0,0,0,1,0,0,0,-0.3168,-0.0316,-0.1002,-0.152,-0.1,0.1
164,4,0,145.108,550.0,-5125.9528,3409.9479,3161.8196,100.0,97.06,119.9,156.537,246.988,58.219,0,0,0,1,0,0,0,0.1282,-0.1814,0.2143,-0.1161,-0.1,0.1
164,5,1,110.1403,550.0,-4289.5651,-1603.216,5189.3709,99.18,97.06,143.8,76.067,151.73,104.16,0,0,0,1,0,1,0,-0.3398,-0.0305,-0.1234,-0.2457,-0.1,0.1
164,6,1,170.9999,550.0,-1928.421,-6590.4292,864.6832,100.0,95.77,143.61,306.631,114.114,185.174,0,0,0,1,0,0,0,-0.2639,0.2088,-0.1122,-0.3638,-0.1,0.1
164,7,1,22.244,550.0,-340.9759,6588.3129,2092.3932,100.0,98.86,118.97,117.421,74.723,216.417,0,0,0,1,0,0,1,-0.0633,-0.2784,0.0778,-0.0759,0.1821,0.1
164,8,1,166.1141,550.0,-2248.1257,-6409.88,1326.5033,100.0,96.88,121.03,309.787,73.879,248.234,0,0,0,1,0,0,0,-1.0,-0.0222,-0.1949,0.1328,-0.1,0.1
164,9,1,121.0706,550.0,-4176.9261,-2835.3832,4734.3565,100.0,96.97,118.64,354.595,241.549,289.363,0,0,0,1,0,0,0,-0.9412,-0.0487,-0.2424,0.0704,-0.0391,0.1
165,0,0,110.6467,550.0,-1656.9853,4289.6933,5172.3469,85.91,96.97,122.31,253.88,342.466,266.774,0,0,0,1,0,0,0,-0.2606,-0.0653,-0.0468,-0.1642,-0.1,0.1
165,1,0,122.412,550.0,-2975.5709,4155.9639,4666.2815,100.0,96.97,147.36,259.533,203.797,136.139,0,0,0,1,0,0,0,-0.1242,0.1461,-0.1382,-0.2886,-0.1,0.1
165,2,0,53.7419,550.0,4655.8679,2521.4804,4457.0474,100.0,97.0,139.28,198.211,263.144,250.145,0,0,0,1,0,0,0,-0.4859,-0.2906,-0.0696,0.1307,0.1981,0.1
165,3,0,26.514,550.0,6433.3138,651.2588,2467.5041,100.0,96.22,106.26,334.512,119.422,112.349,0,0,0,1,0,0,0,-0.5649,-0.0141,-0.1397,-0.1247,-0.1,0.1
165,4,0,146.4794,550.0,-5229.0748,3352.5822,3052.4106,100.0,97.06,120.34,146.615,247.946,50.519,0,0,0,1,0,0,0,-0.3002,-0.2317,0.1361,-0.0289,-0.1,0.1
165,5,1,109.7715,550.0,-4292.4597,-1555.4021,5201.5147,98.36,97.06,143.04,72.013,151.015,94.16,0,0,0,1,0,1,0,-0.0886,0.0223,-0.0749,-0.2895,-0.1,0.1
165,6,1,169.0817,550.0,-2063.2847,-6522.8083,1046.9331,100.0,95.77,144.08,306.344,113.297,175.174,0,0,0,1,0,0,0,-0.2626,0.2102,-0.1113,-0.3656,-0.1,0.1
165,7,1,22.4962,550.0,-352.1987,6580.5357,2114.8871,100.0,98.86,119.41,107.421,75.668,211.138,0,0,0,1,0,0,1,-0.26,-0.2698,0.0417,-0.0539,0.1945,0.1
165,8,1,167.572,550.0,-2161.8123,-6466.2017,1189.5563,100.0,96.88,121.47,300.322,72.381,244.513,0,0,0,1,0,0,0,-1.0,-0.0217,-0.1911,0.1295,-0.1,0.1
165,9,1,122.0974,550.0,-4161.8537,-2941.7012,4682.4789,100.0,96.97,119.08,354.031,242.776,279.734,0,0,0,1,0,0,0,-0.9559,-0.0324,-0.247,0.0765,-0.0305,0.1
166,0,0,111.1062,550.0,-1705.202,4289.8148,5156.5508,88.05,96.97,122.74,248.062,343.462,256.774,0,0,0,1,0,0,0,-0.6538,-0.0764,-0.1564,-0.033,-0.1,0.1
166,1,0,121.3741,550.0,-2858.6705,4178.2264,4719.1808,100.0,96.97,147.82,259.509,203.767,126.139,0,0,0,1,0,0,0,-0.1183,0.1434,-0.1354,-0.284,-0.1,0.1
166,2,0,54.988,550.0,4548.767,2591.2357,4527.0804,100.0,97.0,139.73,188.211,260.385,250.536,0,0,0,1,0,0,0,-0.4743,-0.291,-0.0694,0.1278,0.1824,0.1
166,3,0,26.2038,550.0,6446.5397,620.81,2440.6887,100.0,96.22,106.69,328.773,118.159,103.023,0,0,0,1,0,0,0,-0.5593,-0.0164,-0.1399,-0.1221,-0.1,0.1
166,4,0,147.8621,550.0,-5330.1905,3292.9899,2940.3277,100.0,97.06,120.76,136.625,248.907,42.875,0,0,0,1,0,0,0,-0.7515,-0.1331,0.0058,0.1133,-0.1,0.1
166,5,1,109.4436,550.0,-4294.9897,-1512.2862,5212.1296,97.55,97.06,142.28,67.968,150.263,84.16,0,0,0,1,0,1,0,-0.0866,0.0186,-0.0749,-0.287,-0.1,0.1
166,6,1,167.1781,550.0,-2194.7306,-6448.1601,1226.6336,100.0,95.77,144.54,306.162,112.424,165.174,0,0,0,1,0,0,0,-0.2616,0.2116,-0.1103,-0.3673,-0.1,0.1
166,7,1,22.7697,550.0,-365.0316,6571.958,2139.243,100.0,98.86,119.85,97.421,76.634,205.832,0,0,0,1,0,0,1,-0.2537,-0.2701,0.0402,-0.0553,0.2065,0.1
166,8,1,169.0294,550.0,-2074.2587,-6518.53,1051.8835,100.0,96.88,121.9,290.846,70.788,240.855,0,0,0,1,0,0,0,-1.0,-0.0213,-0.1872,0.1263,-0.1,0.1
166,9,1,123.1458,550.0,-4145.2685,-3049.4284,4627.956,100.0,96.97,119.52,353.448,243.88,270.144,0,0,0,1,0,0,0,-0.9453,-0.0368,-0.2456,0.0791,-0.0594,0.1
167,0,0,111.6064,550.0,-1758.0012,4289.5868,5138.9803,90.2,96.97,123.17,242.212,344.38,246.774,0,0,0,1,0,0,0,-0.6315,-0.0656,-0.157,-0.0663,-0.1,0.1
167,1,0,120.3741,550.0,-2744.9286,4198.244,4768.6849,100.0,96.97,148.27,259.563,203.66,116.139,0,0,0,1,0,0,0,-0.1953,0.1562,-0.1531,-0.2472,-0.1,0.1
167,2,0,56.2547,550.0,4437.8043,2661.2365,4596.0803,100.0,97.0,140.17,178.211,257.584,250.976,0,0,0,1,0,0,0,-0.5165,-0.2396,-0.0849,0.0966,0.167,0.1
167,3,0,25.917,550.0,6458.5944,592.0564,2415.8371,100.0,96.22,107.12,323.052,116.819,93.626,0,0,0,1,0,0,0,-0.5864,0.0366,-0.1543,-0.1426,-0.2,0.1
167,4,0,149.2554,550.0,-5429.12,3231.1896,2825.6521,100.0,97.06,121.18,126.625,249.904,35.23,0,0,0,1,0,0,0,-0.3488,-0.0731,0.0713,-0.0036,-0.1,0.1
167,5,1,109.1567,550.0,-4297.224,-1473.8971,5221.2771,96.72,97.06,141.52,63.94,149.468,74.16,0,0,0,1,0,1,0,-0.0978,0.0357,-0.0872,-0.3221,-0.1,0.1
167,6,1,165.2904,550.0,-2322.5808,-6366.7905,1403.5091,100.0,95.77,145.01,306.103,111.512,155.174,0,0,0,1,0,0,0,0.0675,0.2431,-0.0784,-0.3292,-0.1,0.1
167,7,1,23.0648,550.0,-379.4867,6562.5454,2165.4628,100.0,98.86,120.28,87.421,77.609,200.479,0,0,0,1,0,0,1,-0.2987,-0.2151,0.0194,-0.0934,0.2182,0.1
167,8,1,170.4855,550.0,-1985.5713,-6566.8088,913.6575,100.0,96.88,122.31,281.333,69.217,237.209,0,0,0,1,0,0,0,-0.4224,-0.0755,0.042,0.0225,-0.1,0.1
167,9,1,124.2155,550.0,-4127.1029,-3158.4342,4570.7282,100.0,96.97,119.94,352.864,244.866,260.564,0,0,0,1,0,0,0,-0.8468,-0.0021,-0.2353,0.0205,-0.1,0.1
168,0,0,112.147,550.0,-1815.3349,4288.9461,5119.5451,92.34,96.97,123.6,236.323,345.227,236.774,0,0,0,1,0,0,0,-0.6098,-0.0761,-0.1423,-0.0631,-0.1,0.1
168,1,0,119.4123,550.0,-2634.5171,4216.1631,4814.9278,100.0,96.97,148.73,259.694,203.481,106.139,0,0,0,1,0,0,0,-0.1963,0.1548,-0.1445,-0.2494,-0.1,0.1
168,2,0,57.5425,550.0,4322.888,2731.4223,4663.9267,100.0,97.0,140.61,168.211,254.744,251.46,0,0,0,1,0,0,0,-0.5023,-0.2411,-0.0784,0.0894,0.1521,0.1
168,3,0,25.6536,550.0,6469.5292,564.9942,2392.9511,100.0,96.22,107.55,317.349,115.405,84.155,0,0,0,1,0,0,0,-0.5815,0.0338,-0.1459,-0.1471,-10.1,0.1
168,4,0,150.6586,550.0,-5525.6869,3167.2062,2708.4738,100.0,97.06,121.59,116.625,250.938,27.579,0,0,0,1,0,0,0,-0.3495,-0.0771,0.0757,-0.0095,-0.1,0.1
168,5,1,108.9109,550.0,-4299.2251,-1440.2592,5229.0112,95.89,97.06,140.77,59.927,148.632,64.16,0,0,0,1,0,1,0,-0.0961,0.0278,-0.0805,-0.3258,-0.1,0.1
168,6,1,163.4195,550.0,-2446.6746,-6279.0246,1577.2999,100.0,95.77,145.47,306.163,110.565,145.174,0,0,0,1,0,0,0,0.0677,0.2403,-0.0692,-0.3298,-0.1,0.1
168,7,1,23.3816,550.0,-395.5766,6552.2598,2193.5478,100.0,98.86,120.71,77.421,78.597,195.076,0,0,0,1,0,0,1,-0.2888,-0.2176,0.0276,-0.0994,0.1294,0.1
168,8,1,171.9393,550.0,-1895.8604,-6610.9944,775.053,100.0,96.88,122.73,271.78,67.669,233.57,0,0,0,1,0,0,0,-0.422,-0.0779,0.0472,0.0155,-0.1,0.1
168,9,1,125.3062,550.0,-4107.2906,-3268.5824,4510.7399,100.0,96.97,120.37,352.279,245.741,250.992,0,0,0,1,0,0,0,-0.8281,-0.0041,-0.222,0.0142,-0.1,0.1
169,0,0,112.7281,550.0,-1877.1494,4287.8235,5098.1488,94.48,96.97,124.03,230.393,346.005,226.774,0,0,0,1,0,0,0,-0.592,-0.0838,-0.1375,-0.056,-0.1,0.1
169,1,0,118.489,550.0,-2527.5952,4232.1286,4858.0439,100.0,96.97,149.18,259.901,203.23,96.139,0,0,0,1,0,0,0,-0.1923,0.152,-0.1428,-0.2441,-0.1,0.1
169,2,0,58.8518,550.0,4203.9286,2801.7267,4730.4918,100.0,97.0,141.05,158.211,251.864,251.988,0,0,0,1,0,0,0,-0.4888,-0.2431,-0.0781,0.0878,0.1375,0.1
169,3,0,25.4133,550.0,6479.3915,539.6202,2372.0322,100.0,96.22,107.99,311.66,113.919,74.613,0,0,0,1,0,0,0,-0.5749,0.0305,-0.1456,-0.1438,-10.1,0.1
169,4,0,152.071,550.0,-5619.719,3101.0711,2588.8912,100.0,97.06,122.01,106.625,252.01,19.923,0,0,0,1,0,0,0,-0.3451,-0.0798,0.0744,-0.011,-0.1,0.1
169,5,1,108.7062,550.0,-4301.0491,-1411.3928,5235.3785,95.07,97.06,140.01,55.924,147.756,54.16,0,0,0,1,0,1,0,-0.0911,0.0213,-0.079,-0.3228,-0.1,0.1
169,6,1,161.5666,550.0,-2566.8688,-6185.2042,1747.7629,100.0,95.77,145.94,306.341,109.585,135.174,0,0,0,1,0,0,0,0.0705,0.2351,-0.0666,-0.3241,-0.1,0.1
169,7,1,23.7203,550.0,-413.3146,6541.0598,2223.4992,100.0,98.86,121.15,67.421,79.599,189.623,0,0,0,1,0,0,1,-0.2809,-0.2192,0.0261,-0.0996,0.1403,0.1
169,8,1,173.3901,550.0,-1805.2397,-6651.0557,636.2459,100.0,96.88,123.14,262.189,66.145,229.938,0,0,0,1,0,0,0,-0.4172,-0.0788,0.0457,0.0126,-0.1,0.1
169,9,1,126.4174,550.0,-4085.7668,-3379.7312,4447.9398,100.0,96.97,120.79,351.69,246.508,241.426,0,0,0,1,0,0,0,-0.8093,-0.006,-0.217,0.0136,-0.1,0.1
170,0,0,113.3495,550.0,-1943.3848,4286.1435,5074.6892,96.63,96.97,124.45,224.417,346.717,216.774,0,0,0,1,0,0,0,-0.5742,-0.0914,-0.1326,-0.049,-0.1,0.1
170,1,0,117.6044,550.0,-2424.3098,4246.2836,4898.1669,100.0,96.97,149.64,260.212,202.925,86.139,0,0,0,1,0,0,0,0.1283,0.2061,-0.1091,-0.326,-0.1,0.1
170,2,0,60.1831,550.0,4080.8394,2872.077,4795.6401,100.0,97.0,141.49,148.211,248.946,252.559,0,0,0,1,0,0,0,-0.4753,-0.2451,-0.0776,0.0863,0.0233,0.1
170,3,0,25.196,550.0,6488.2251,515.9311,2353.0812,100.0,96.22,108.42,305.985,112.36,65.0,0,0,0,1,0,0,0,-0.5679,0.0273,-0.1452,-0.1405,-10.1,0.1
170,4,0,153.4917,550.0,-5711.0494,3032.8225,2467.0109,100.0,97.06,122.43,96.625,253.118,12.261,0,0,0,1,0,0,0,-0.3407,-0.0824,0.073,-0.0126,-0.1,0.1
170,5,1,108.5426,550.0,-4302.7458,-1387.3145,5240.4178,94.24,97.06,139.25,51.929,146.842,44.16,0,0,0,1,0,1,0,-0.086,0.0148,-0.0773,-0.3197,-0.1,0.1
170,6,1,159.7328,550.0,-2683.0381,-6085.6861,1914.6728,100.0,95.77,146.4,306.643,108.587,125.174,0,0,0,1,0,0,0,0.2248,0.2484,-0.0357,-0.3963,-0.1,0.1
170,7,1,24.081,550.0,-432.7145,6528.9004,2255.3178,100.0,98.86,121.58,57.421,80.613,184.121,0,0,0,1,0,0,1,-0.2729,-0.2209,0.0247,-0.0999,-9.7492,0.1
170,8,1,174.8369,550.0,-1713.8255,-6686.9742,497.4124,100.0,96.88,123.55,252.557,64.642,226.31,0,0,0,1,0,0,0,-0.4125,-0.0797,0.0441,0.0096,-0.1,0.1
170,9,1,127.5488,550.0,-4062.4685,-3491.7332,4382.2813,100.0,96.97,121.21,351.097,247.169,231.867,0,0,0,1,0,0,0,-0.7898,-0.0085,-0.2116,0.0133,-0.1,0.1
171,0,0,114.011,550.0,-2013.9743,4283.825,5049.0585,98.77,96.97,124.88,218.451,347.309,206.774,0,0,0,1,0,0,0,-0.9433,0.0208,-0.2391,-0.0219,-0.1,0.1
171,1,0,116.7588,550.0,-2324.796,4258.7681,4935.4289,100.0,96.97,150.09,260.568,202.555,76.139,0,0,0,1,0,0,0,-0.2372,0.0924,-0.1311,-0.2283,-0.1,0.1
171,2,0,61.5368,550.0,3953.5374,2942.3944,4859.2282,100.0,97.0,141.93,138.211,245.99,253.173,0,0,0,1,0,0,0,-0.4617,-0.2471,-0.0771,0.0849,-9.8905,0.1
171,3,0,25.0016,550.0,6496.0698,493.924,2336.0986,100.0,96.22,108.85,300.323,110.729,55.319,0,0,0,1,0,0,0,-0.5606,0.0241,-0.1446,-0.137,-0.1,0.1
171,4,0,154.9201,550.0,-5799.5171,2962.5053,2342.948,100.0,97.06,122.84,86.625,254.261,4.592,0,0,0,1,0,0,0,-0.3364,-0.085,0.0716,-0.0142,-0.1,0.1
171,5,1,108.4202,550.0,-4304.3581,-1368.0368,5244.1603,93.42,97.06,138.49,47.938,145.89,34.16,0,0,0,1,0,1,0,-0.0808,0.0082,-0.0755,-0.3165,-0.1,0.1
171,6,1,157.9191,550.0,-2795.0756,-5980.84,2077.8226,100.0,95.77,146.87,307.066,107.572,115.174,0,0,0,1,0,0,0,0.2258,0.2427,-0.0335,-0.3913,-0.1,0.1
171,7,1,24.4641,550.0,-453.7908,6515.733,2289.0037,100.0,98.86,122.02,47.421,81.639,178.568,0,0,0,1,0,0,1,-0.265,-0.2225,0.0232,-0.1001,0.2609,0.1
171,8,1,176.2789,550.0,-1621.7368,-6718.7443,358.7286,100.0,96.88,123.97,242.885,63.16,222.686,0,0,0,1,0,0,0,-0.408,-0.0804,0.0425,0.0066,-0.1,0.1
171,9,1,128.6999,550.0,-4037.335,-3604.4359,4313.7233,100.0,96.97,121.64,350.498,247.727,222.315,0,0,0,1,0,0,0,-0.7695,-0.0114,-0.2057,0.0134,-0.1,0.1
172,0,0,114.7125,550.0,-2088.8441,4280.7809,5021.1439,100.0,96.97,125.31,212.494,347.779,196.774,0,0,0,1,0,0,0,-0.9348,0.0178,-0.2441,-0.0144,-0.1,0.1
172,1,0,115.9525,550.0,-2229.178,4269.7192,4969.9602,100.0,96.97,150.53,260.969,202.116,66.139,0,0,0,1,0,0,0,-0.2312,0.0881,-0.1371,-0.2171,-0.1,0.1
172,2,0,62.9132,550.0,3821.9439,3012.5929,4921.1046,100.0,97.0,142.38,128.211,242.992,253.831,0,0,0,1,0,0,0,-0.4477,-0.2497,-0.0818,0.0884,-9.904,0.1
172,3,0,24.83,550.0,6502.9618,473.5965,2321.085,100.0,96.22,109.28,294.67,109.022,45.574,0,0,0,1,0,0,0,-0.552,0.0207,-0.1509,-0.1268,-0.1,0.1
172,4,0,156.3553,550.0,-5884.9674,2890.1708,2216.8249,100.0,97.06,123.26,76.625,255.438,356.917,0,0,0,1,0,0,0,-0.3281,-0.086,0.0651,-0.0119,-0.1,0.1
172,5,1,108.339,550.0,-4305.9226,-1353.5693,5246.6296,92.61,97.06,137.73,43.948,144.899,24.16,0,0,0,1,0,1,0,-0.0726,0.0025,-0.078,-0.3075,-0.1,0.1
172,6,1,156.1265,550.0,-2902.8923,-5871.0459,2237.0242,100.0,95.77,147.34,307.607,106.539,105.174,0,0,0,1,0,0,0,0.2282,0.235,-0.0372,-0.381,-0.1,0.1
172,7,1,24.8696,550.0,-476.5583,6501.5053,2324.5562,100.0,98.86,122.45,37.421,82.672,172.968,0,0,0,1,0,0,1,-0.258,-0.2234,0.0133,-0.0954,0.2706,0.1
172,8,1,177.7151,550.0,-1529.0945,-6746.373,220.3699,100.0,96.88,124.38,233.174,61.696,219.066,0,0,0,1,0,0,0,-0.3998,-0.0796,0.0349,0.0072,-0.1,0.1
172,9,1,129.8703,550.0,-4010.308,-3717.6817,4242.2298,100.0,96.97,122.06,349.893,248.181,212.771,0,0,0,1,0,0,0,-0.7503,-0.013,-0.2077,0.0174,-0.1,0.1
173,0,0,115.4538,550.0,-2167.9125,4276.9187,4990.8279,100.0,96.97,125.73,206.461,348.218,186.785,0,0,0,1,0,0,0,-0.5055,-0.1529,-0.0619,0.0216,-0.1,0.1
173,1,0,115.1857,550.0,-2137.5691,4279.2705,5001.888,100.0,96.97,150.97,261.348,201.67,56.139,0,0,0,1,0,0,0,0.0575,-0.0435,-0.0137,-0.2614,-0.1,0.1
173,2,0,64.3128,550.0,3685.9848,3082.5802,4981.11,100.0,97.0,142.82,118.211,239.957,254.533,0,0,0,1,0,0,0,-0.4719,-0.2657,-0.0754,0.0888,-0.0225,0.1
173,3,0,24.6811,550.0,6508.9335,454.9464,2308.0403,100.0,96.22,109.7,289.024,107.231,35.792,0,0,0,1,0,0,0,-0.689,0.0122,-0.1704,-0.0745,-0.1,0.1
173,4,0,157.7965,550.0,-5967.2533,2815.8768,2088.7717,100.0,97.06,123.68,66.625,256.655,349.222,0,0,0,1,0,0,0,-0.2212,-0.0838,0.0815,-0.0402,-0.1,0.1
173,5,1,108.2991,550.0,-4307.4691,-1343.9179,5247.841,91.78,97.06,136.97,39.97,143.843,14.16,0,0,0,1,0,1,0,-0.4836,0.0236,-0.1315,-0.2532,-0.1,0.1
173,6,1,154.3561,550.0,-3006.4179,-5756.6924,2392.109,100.0,95.77,147.8,308.259,105.481,95.174,0,0,0,1,0,0,0,0.1731,0.2231,-0.0493,-0.3426,-0.1,0.1
173,7,1,25.2979,550.0,-501.0323,6486.1612,2361.974,100.0,98.86,122.89,27.421,83.726,167.301,0,0,0,1,0,0,1,-0.0901,-0.2305,0.0449,-0.1326,0.28,0.1
173,8,1,179.1447,550.0,-1436.0209,-6769.8801,82.5098,100.0,96.88,124.8,223.379,60.259,215.457,0,0,0,1,0,0,0,-0.5504,-0.1674,0.0541,0.0248,-0.1,0.1
173,9,1,131.0597,550.0,-3981.3319,-3831.3081,4167.771,100.0,96.97,122.48,349.196,248.629,203.241,0,0,0,1,0,0,0,-0.2817,-0.183,-0.0126,0.0264,-0.1,0.1
174,0,0,116.2347,550.0,-2251.0897,4272.1402,4957.9889,100.0,96.97,126.16,200.32,348.62,176.797,0,0,0,1,0,0,0,-0.4009,-0.2154,-0.0732,0.0039,-0.1,0.1
174,1,0,114.4586,550.0,-2050.0725,4287.5514,5031.3364,100.0,96.97,151.4,261.725,201.194,46.139,0,0,0,1,0,0,0,-0.1412,-0.0027,-0.0596,-0.3016,-0.1,0.1
174,2,0,65.736,550.0,3545.5922,3152.2564,5039.0769,100.0,97.0,143.26,108.211,236.926,255.272,0,0,0,1,0,0,0,-0.2926,-0.3052,0.0091,0.0728,0.0345,0.1
174,3,0,24.5548,550.0,6514.0138,437.9722,2296.9645,100.0,96.22,110.13,283.359,105.385,25.963,0,0,0,1,0,0,0,-0.5532,-0.0371,-0.107,-0.0945,-0.1,0.1
174,4,0,159.243,550.0,-6046.2355,2739.6878,1958.9254,100.0,97.06,124.09,56.625,257.871,341.51,0,0,0,1,0,0,0,-0.3791,-0.023,-0.0033,-0.0334,-0.1,0.1
174,5,1,108.3004,550.0,-4309.0209,-1339.0856,5247.8023,90.94,97.06,136.22,36.042,142.708,4.16,0,0,0,1,0,1,0,-0.2934,0.1001,-0.157,-0.2476,-0.1,0.1
174,6,1,152.6089,550.0,-3105.5996,-5638.1745,2542.9275,100.0,95.77,148.25,308.997,104.361,85.174,0,0,0,1,0,0,0,-0.0626,0.1693,-0.1241,-0.2032,-0.1,0.1
174,7,1,25.7491,550.0,-527.2284,6469.6404,2401.2547,100.0,98.86,123.34,17.421,84.844,161.57,0,0,0,1,0,0,1,0.0563,-0.2709,0.1246,-0.1286,0.289,0.1
174,8,1,180.5668,550.0,-1342.6393,-6789.2982,-54.6803,100.0,96.88,125.22,213.532,58.814,211.861,0,0,0,1,0,0,0,-0.7159,-0.1037,-0.0166,0.0227,-0.1,0.1
174,9,1,132.2674,550.0,-3950.3543,-3945.1483,4090.3235,100.0,96.97,122.91,348.388,249.082,193.726,0,0,0,1,0,0,0,-0.3717,-0.2225,0.0104,0.0298,-0.1,0.1
175,0,0,117.055,550.0,-2338.2774,4266.3425,4922.5015,100.0,96.97,126.59,194.069,348.987,166.813,0,0,0,1,0,0,0,-0.3898,-0.2201,-0.0715,0.0057,-0.0962,0.1
175,1,0,113.7713,550.0,-1966.782,4294.6872,5058.4258,100.0,96.97,151.84,262.098,200.689,36.139,0,0,0,1,0,0,0,-0.1262,-0.0101,-0.0587,-0.2964,-0.1,0.1
175,2,0,67.183,550.0,3400.7043,3221.5147,5094.8301,100.0,97.0,143.7,98.211,233.9,256.045,0,0,0,1,0,0,0,-0.2788,-0.3035,0.0099,0.0678,-0.0082,0.1
175,3,0,24.451,550.0,6518.228,422.6729,2287.8576,100.0,96.22,110.55,277.674,103.487,16.088,0,0,0,1,0,0,0,-0.5416,-0.0409,-0.1056,-0.0913,-0.0854,0.1
175,4,0,160.6939,550.0,-6121.7834,2661.6741,1827.4297,100.0,97.06,124.49,46.625,259.083,333.78,0,0,0,1,0,0,0,-0.3781,-0.0246,-0.0054,-0.0349,-0.1,0.1
175,5,1,108.3429,550.0,-4310.5944,-1339.0723,5246.5133,90.1,97.06,135.47,32.162,141.494,354.16,0,0,0,1,0,1,0,-0.295,0.0955,-0.1563,-0.2446,-0.1,0.1
175,6,1,150.8857,550.0,-3200.4027,-5515.8914,2689.3504,100.0,95.77,148.7,309.817,103.178,75.174,0,0,0,1,0,0,0,-0.0618,0.1658,-0.1264,-0.1983,-0.1,0.1
175,7,1,26.2235,550.0,-555.1625,6451.879,2442.3949,100.0,98.86,123.8,7.421,86.023,155.775,0,0,0,1,0,0,1,0.0642,-0.2715,0.1238,-0.1294,0.2976,0.1
175,8,1,181.9806,550.0,-1249.0738,-6804.6721,-191.0321,100.0,96.88,125.63,203.632,57.36,208.273,0,0,0,1,0,0,0,-0.7135,-0.1049,-0.0173,0.0194,-0.1,0.1
175,9,1,133.493,550.0,-3917.3264,-4059.0313,4009.8704,100.0,96.97,123.35,347.536,249.455,184.28,0,0,0,1,0,0,0,-1.0,-0.0888,-0.1606,0.1397,-0.1,0.1
176,0,0,117.9144,550.0,-2429.3678,4259.4176,4884.2374,100.0,96.97,127.02,187.706,349.319,156.832,0,0,0,1,0,0,0,-0.3791,-0.2245,-0.0697,0.0073,-0.0844,0.1
176,1,0,113.124,550.0,-1887.7821,4300.7984,5083.2719,100.0,96.97,152.28,262.462,200.155,26.139,0,0,0,1,0,0,0,-0.1114,-0.0176,-0.0578,-0.2913,-0.1,0.1
176,2,0,68.6543,550.0,3251.267,3290.2406,5148.1861,100.0,97.0,144.14,88.211,230.913,256.799,0,0,0,1,0,0,0,0.0115,-0.2793,0.0774,-0.0372,-0.0506,0.1
176,3,0,24.3698,550.0,6521.5979,409.0479,2280.7195,100.0,96.22,110.98,271.966,101.537,6.169,0,0,0,1,0,0,0,-0.5297,-0.0446,-0.1042,-0.088,-0.0543,0.1
176,4,0,162.1483,550.0,-6193.776,2581.9124,1694.4344,100.0,97.06,124.9,36.625,260.292,326.033,0,0,0,1,0,0,0,-0.3773,-0.0262,-0.0076,-0.0365,-0.1,0.1
176,5,1,108.4266,550.0,-4312.1995,-1343.8747,5243.9658,89.26,97.06,134.72,28.34,140.189,344.16,0,0,0,1,0,1,0,-0.3199,0.1181,-0.1834,-0.2235,-0.1,0.1
176,6,1,149.1876,550.0,-3290.8097,-5390.2446,2831.2675,100.0,95.77,149.15,310.718,101.931,65.174,0,0,0,1,0,0,0,-0.0612,0.1623,-0.129,-0.1937,-0.1,0.1
176,7,1,26.7214,550.0,-584.8506,6432.8087,2485.3899,100.0,98.86,124.25,357.421,87.263,149.914,0,0,0,1,0,0,0,0.0721,-0.272,0.123,-0.1302,0.4147,0.1
176,8,1,183.3852,550.0,-1155.4483,-6816.0587,-326.3807,100.0,96.88,126.05,193.679,55.897,204.694,0,0,0,1,0,0,0,-0.7113,-0.1061,-0.0181,0.016,-0.1,0.1
176,9,1,134.7359,550.0,-3882.2029,-4172.7821,3926.4018,100.0,96.97,123.78,346.602,249.786,174.886,0,0,0,1,0,0,0,-0.7211,-0.1636,-0.0831,0.1044,-0.1,0.1
177,0,0,118.8128,550.0,-2524.2436,4251.253,4843.0654,100.0,96.97,127.46,181.212,349.622,146.864,0,0,0,1,0,0,0,-0.3494,-0.261,-0.0569,0.0248,-0.0733,0.1
177,1,0,112.5169,550.0,-1813.1492,4306.0004,5105.9859,100.0,96.97,152.71,262.789,199.62,16.139,0,0,0,1,0,0,0,0.5062,-0.0729,-0.0018,-0.2603,-0.1,0.1
177,2,0,70.1502,550.0,3097.2341,3358.3122,5198.9538,100.0,97.0,144.57,78.211,227.928,257.575,0,0,0,1,0,0,0,-0.2001,-0.2881,0.0032,0.0452,-0.0927,0.1
177,3,0,24.311,550.0,6524.1419,397.0975,2275.5499,100.0,96.22,111.4,266.206,99.543,356.222,0,0,0,1,0,0,0,-0.4546,-0.1043,-0.0879,-0.0562,-0.0232,0.1
177,4,0,163.6055,550.0,-6262.1019,2500.4852,1560.0946,100.0,97.06,125.31,26.625,261.503,318.276,0,0,0,1,0,0,0,-0.3454,-0.0718,0.004,-0.0189,-0.1,0.1
177,5,1,108.5515,550.0,-4313.8393,-1353.4867,5240.1437,88.43,97.06,133.97,24.559,138.797,334.16,0,0,0,1,0,1,0,-0.3261,0.0802,-0.1745,-0.2131,-0.1,0.1
177,6,1,147.5155,550.0,-3376.8199,-5261.6359,2968.5882,100.0,95.77,149.6,311.711,100.637,55.174,0,0,0,1,0,0,0,0.1598,0.185,-0.0915,-0.2702,-0.1,0.1
177,7,1,27.243,550.0,-616.3089,6412.3571,2530.2334,100.0,98.86,124.67,347.421,88.486,144.052,0,0,0,1,0,0,0,-0.2592,-0.21,-0.0355,-0.0022,0.3346,0.1
177,8,1,184.7797,550.0,-1061.8865,-6823.5268,-460.5654,100.0,96.88,126.46,183.679,54.431,201.132,0,0,0,1,0,0,0,-0.664,-0.151,-0.006,0.0336,-0.1,0.1
177,9,1,135.9958,550.0,-3844.9429,-4286.2226,3839.9155,100.0,96.97,124.22,345.653,250.024,165.551,0,0,0,1,0,0,0,-0.9868,-0.0296,-0.1881,0.1167,-0.1,0.1
178,0,0,119.7498,550.0,-2622.7773,4241.732,4798.853,100.0,96.97,127.89,174.587,349.898,136.908,0,0,0,1,0,0,0,-0.3419,-0.2631,-0.0557,0.025,-0.0629,0.1
178,1,0,111.9502,550.0,-1742.9516,4310.4037,5126.6735,100.0,96.97,153.14,263.079,199.084,6.139,0,0,0,1,0,0,0,0.5108,-0.0745,-0.0016,-0.2577,-0.1,0.1
178,2,0,71.671,550.0,2938.569,3425.5996,5246.9344,100.0,97.0,145.01,68.211,224.919,258.392,0,0,0,1,0,0,0,-0.401,-0.2792,-0.0474,0.0804,-0.1,0.1
178,3,0,24.2746,550.0,6525.8747,386.8224,2272.3488,100.0,96.22,111.82,260.42,97.486,346.248,0,0,0,1,0,0,0,-0.5363,-0.053,-0.1251,-0.0553,0.0079,0.1
178,4,0,165.0645,550.0,-6326.6601,2417.4803,1424.5707,100.0,97.06,125.72,16.625,262.715,310.508,0,0,0,1,0,0,0,-0.345,-0.0722,0.0015,-0.0211,-0.1,0.1
178,5,1,108.7176,550.0,-4315.51,-1367.8988,5235.0231,87.59,97.06,133.22,20.816,137.318,324.16,0,0,0,1,0,1,0,-0.3283,0.0768,-0.1742,-0.2102,-0.1,0.1
178,6,1,145.8701,550.0,-3458.4487,-5130.4657,3101.2409,100.0,95.77,150.06,312.795,99.324,45.174,0,0,0,1,0,0,0,0.2009,0.1798,-0.0396,-0.3398,-0.1,0.1
178,7,1,27.7887,550.0,-649.5536,6390.4473,2576.9175,100.0,98.86,125.1,337.421,89.691,138.189,0,0,0,1,0,0,0,-0.2472,-0.2107,-0.0353,-0.0034,0.3536,0.1
178,8,1,186.1633,550.0,-968.5113,-6827.1566,-593.4302,100.0,96.88,126.88,173.679,52.962,197.584,0,0,0,1,0,0,0,-0.6627,-0.151,-0.0071,0.0295,-0.1,0.1
178,9,1,137.272,550.0,-3805.5097,-4399.1717,3750.4166,100.0,96.97,124.65,344.689,250.169,156.274,0,0,0,1,0,0,0,-0.974,-0.0305,-0.1837,0.1162,-0.1,0.1
179,0,0,120.7252,550.0,-2724.8306,4230.734,4751.466,100.0,96.97,128.32,167.829,350.147,126.964,0,0,0,1,0,0,0,-0.3345,-0.265,-0.0544,0.0251,-0.0532,0.1
179,1,0,111.4239,550.0,-1677.2503,4314.113,5145.435,100.0,96.97,153.58,263.331,198.548,356.139,0,0,0,1,0,0,0,0.5152,-0.0761,-0.0012,-0.2551,-0.1,0.1
179,2,0,73.2171,550.0,2775.245,3491.9654,5291.9216,100.0,97.0,145.45,58.211,221.888,259.247,0,0,0,1,0,0,0,-0.3844,-0.2789,-0.0435,0.0759,-0.1,0.1
179,3,0,24.2605,550.0,6526.8077,378.2243,2271.1161,100.0,96.22,112.25,254.607,95.368,336.248,0,0,0,1,0,0,0,-0.5251,-0.0549,-0.1241,-0.0527,0.0391,0.1
179,4,0,166.5246,550.0,-6387.3609,2332.9912,1288.0272,100.0,97.06,126.13,6.625,263.926,302.729,0,0,0,1,0,0,0,-0.3447,-0.0726,-0.001,-0.0233,-0.1,0.1
179,5,1,108.9249,550.0,-4317.2015,-1387.0987,5228.5724,86.76,97.06,132.46,17.11,135.752,314.16,0,0,0,1,0,1,0,-0.3306,0.0734,-0.1738,-0.2073,-0.1,0.1
179,6,1,144.2523,550.0,-3535.7273,-4997.1308,3229.1728,100.0,95.77,150.51,313.967,97.99,35.174,0,0,0,1,0,0,0,0.2027,0.1763,-0.0416,-0.3361,-0.1,0.1
179,7,1,28.3586,550.0,-684.6007,6366.9983,2625.4326,100.0,98.86,125.52,327.421,90.879,132.323,0,0,0,1,0,0,0,-0.2352,-0.2114,-0.0351,-0.0045,0.3717,0.1
179,8,1,187.5351,550.0,-875.4442,-6827.0395,-724.8246,100.0,96.88,127.3,163.679,51.488,194.05,0,0,0,1,0,0,0,-0.6608,-0.151,-0.008,0.0253,-0.1,0.1
179,9,1,138.5639,550.0,-3763.8715,-4511.446,3657.9184,100.0,96.97,125.08,343.694,250.232,147.059,0,0,0,1,0,0,0,-0.746,-0.0613,-0.1656,0.1224,-0.1,0.1
180,0,0,121.7388,550.0,-2830.2542,4218.1349,4700.7702,100.0,96.97,128.75,161.022,350.345,116.991,0,0,0,1,0,0,0,-0.459,-0.0986,-0.0998,-0.0599,-0.0443,0.1
180,1,0,110.9382,550.0,-1616.0996,4317.2277,5162.3646,100.0,96.97,154.03,263.666,197.98,346.139,0,0,0,1,0,0,0,0.3423,0.167,-0.0619,-0.3559,-0.1,0.1
180,2,0,74.7886,550.0,2607.2466,3557.2641,5333.7021,99.22,97.0,144.67,48.211,218.835,260.087,0,0,0,1,0,1,0,-0.2355,-0.1307,-0.0448,-0.0286,-0.1,0.1
180,3,0,24.2689,550.0,6526.949,371.3054,2271.8517,100.0,96.22,112.69,248.844,93.166,326.248,0,0,0,1,0,0,0,-0.5522,0.1024,-0.1655,-0.1189,0.0704,0.1
180,4,0,167.9848,550.0,-6444.1256,2247.116,1150.6327,100.0,97.06,126.56,356.67,265.071,294.903,0,0,0,1,0,0,0,-0.9884,0.0893,-0.1326,-0.0933,-0.1,0.1
180,5,1,109.1733,550.0,-4318.8965,-1411.0704,5220.7522,85.94,97.06,131.7,13.442,134.193,304.16,0,0,0,1,0,1,0,0.4353,0.0762,0.0147,-0.3123,-0.1,0.1
180,6,1,142.663,550.0,-3608.7012,-4862.0235,3352.349,100.0,95.77,150.98,315.269,96.627,25.174,0,0,0,1,0,0,0,0.2128,0.261,-0.057,-0.3453,-0.0426,0.1
180,7,1,28.9532,550.0,-721.466,6341.924,2675.7667,100.0,98.86,125.95,317.424,92.017,126.401,0,0,0,1,0,0,0,-0.4354,0.006,-0.0992,-0.1125,0.389,0.1
180,8,1,188.8944,550.0,-782.8052,-6823.2771,-854.6035,100.0,96.88,127.72,153.698,49.976,190.465,0,0,0,1,0,0,0,-0.8416,0.0381,-0.0768,-0.0989,-0.1,0.1
180,9,1,139.871,550.0,-3720.0013,-4622.8602,3562.4423,100.0,96.97,125.52,342.76,250.182,137.84,0,0,0,1,0,0,0,-0.8754,0.1219,-0.2255,-0.0059,-0.1,0.1
181,0,0,122.774,550.0,-2937.1669,4204.0862,4647.4671,100.0,96.97,129.18,154.164,350.494,106.991,0,0,0,1,0,0,0,-0.4462,-0.1017,-0.0986,-0.059,-0.0358,0.1
181,1,0,110.4932,550.0,-1559.5472,4319.8409,5177.5504,100.0,96.97,154.49,264.083,197.383,336.139,0,0,0,1,0,0,0,0.3525,0.1631,-0.0609,-0.3523,-0.1,0.1
181,2,0,76.3859,550.0,2434.5707,3621.3425,5372.0559,98.43,97.0,143.9,38.211,215.789,260.851,0,0,0,1,0,1,0,0.0727,-0.0876,0.0149,-0.1527,-0.1,0.1
181,3,0,24.2996,550.0,6526.303,366.0687,2274.5556,100.0,96.22,113.12,243.134,90.882,316.248,0,0,0,1,0,0,0,-0.5391,0.1039,-0.1653,-0.1173,0.1017,0.1
181,4,0,169.4444,550.0,-6496.8877,2159.9577,1012.5585,100.0,97.06,126.99,346.764,266.142,287.053,0,0,0,1,0,0,0,-1.0,0.0992,-0.1483,-0.0477,-0.1,0.1
181,5,1,109.4627,550.0,-4320.5715,-1439.7949,5211.5155,85.12,97.06,130.94,9.811,132.642,294.16,0,0,0,1,0,1,0,0.4382,0.0739,0.0152,-0.31,-0.1,0.1
181,6,1,141.103,550.0,-3677.4301,-4725.5296,3470.752,100.0,95.77,151.44,316.68,95.215,15.174,0,0,0,1,0,0,0,0.0295,0.2176,-0.0998,-0.2614,0.0158,0.1
181,7,1,29.5727,550.0,-760.1649,6315.1342,2727.9058,100.0,98.86,126.37,307.43,93.105,120.422,0,0,0,1,0,0,0,-0.4249,0.0073,-0.1001,-0.1142,0.4055,0.1
181,8,1,190.2402,550.0,-690.7122,-6815.9812,-982.6283,100.0,96.88,128.15,143.738,48.425,186.828,0,0,0,1,0,0,0,-0.8408,0.0418,-0.0796,-0.1061,-0.1,0.1
181,9,1,141.1926,550.0,-3673.8775,-4733.2277,3464.0179,100.0,96.97,125.95,341.865,250.022,128.625,0,0,0,1,0,0,0,-0.9307,0.0785,-0.2192,0.0087,0.041,0.1
182,0,0,123.8308,550.0,-3045.4426,4188.518,4591.4962,100.0,96.97,129.61,147.322,350.527,97.011,0,0,0,1,0,0,0,-1.0,0.0301,-0.2333,0.0398,-0.0277,0.1
182,1,0,110.089,550.0,-1507.6351,4322.0402,5191.0737,99.13,96.97,153.76,264.59,196.691,326.139,0,0,0,1,0,1,0,-0.4458,0.1787,-0.1883,-0.2757,-0.1,0.1
182,2,0,78.0093,550.0,2257.2275,3684.0395,5406.7567,97.64,97.0,143.12,28.211,212.725,261.564,0,0,0,1,0,1,0,-0.3237,-0.0882,-0.0362,-0.1033,-0.1,0.1
182,3,0,24.3528,550.0,6524.871,362.5179,2279.228,100.0,96.22,113.56,237.476,88.516,306.248,0,0,0,1,0,0,0,-0.5258,0.1056,-0.1652,-0.1155,0.1331,0.1
182,4,0,170.9023,550.0,-6545.5924,2071.6232,873.9787,100.0,97.06,127.42,336.926,267.135,279.192,0,0,0,1,0,0,0,-1.0,0.1355,-0.1548,-0.0222,-0.1,0.1
182,5,1,109.7931,550.0,-4322.1958,-1473.249,5200.8078,84.3,97.06,130.18,6.232,131.039,284.16,0,0,0,1,0,1,0,-0.3623,0.1044,-0.1016,-0.2032,-0.1,0.1
182,6,1,139.5729,550.0,-3741.9865,-4588.0269,3584.381,100.0,95.77,151.9,318.218,93.742,5.174,0,0,0,1,0,0,0,-0.0589,0.2537,-0.1214,-0.306,-0.1,0.1
182,7,1,30.2175,550.0,-800.7122,6286.5337,2781.833,100.0,98.86,126.79,297.441,94.142,114.385,0,0,0,1,0,0,0,-0.4144,0.0087,-0.1011,-0.1158,0.4212,0.1
182,8,1,191.5718,550.0,-599.2806,-6805.2729,-1108.7669,100.0,96.88,128.58,133.831,46.823,183.141,0,0,0,1,0,0,0,-0.9072,0.1045,-0.099,-0.0988,-0.1,0.1
182,9,1,142.5282,550.0,-3625.4842,-4842.3614,3362.6837,100.0,96.97,126.38,340.983,249.746,119.418,0,0,0,1,0,0,0,-0.9,0.025,-0.2315,0.0146,0.0409,0.1
183,0,0,124.9085,550.0,-3154.9492,4171.3616,4532.8004,100.0,96.97,130.05,140.397,350.465,87.094,0,0,0,1,0,0,0,-0.8445,-0.1628,-0.1891,0.1271,-0.0201,0.1
183,1,0,109.7256,550.0,-1460.3998,4323.9067,5203.0091,98.3,96.97,153.0,265.124,195.93,316.139,0,0,0,1,0,1,0,-0.4191,0.0566,-0.1371,-0.239,-0.1,0.1
183,2,0,79.6589,550.0,2075.2414,3745.1862,5437.5725,96.85,97.0,142.35,18.211,209.667,262.267,0,0,0,1,0,1,0,-0.1783,-0.2505,0.0115,-0.0178,-0.1,0.1
183,3,0,24.4284,550.0,6522.6506,360.6576,2285.869,100.0,96.22,113.99,231.787,86.089,296.248,0,0,0,1,0,0,0,-0.4707,-0.0624,-0.1204,-0.0429,0.1646,0.1
183,4,0,172.3577,550.0,-6590.1976,1982.2237,735.0687,100.0,97.06,127.84,327.097,268.068,271.352,0,0,0,1,0,0,0,-1.0,0.0174,-0.1216,0.0419,-0.1,0.1
183,5,1,110.1645,550.0,-4323.7325,-1511.4061,5188.5672,83.51,97.06,129.41,2.644,129.355,274.16,0,0,0,1,0,1,0,-0.732,-0.0184,-0.1648,-0.0909,-0.1,0.1
183,6,1,138.0735,550.0,-3802.4552,-4449.8843,3693.2513,100.0,95.77,152.36,319.837,92.202,355.174,0,0,0,1,0,0,0,-0.2357,0.1631,-0.134,-0.2714,-0.1,0.1
183,7,1,30.888,550.0,-843.1222,6256.0224,2837.5289,100.0,98.86,127.22,287.441,95.162,108.344,0,0,0,1,0,0,0,-0.1902,-0.2138,-0.0357,-0.0075,0.5362,0.1
183,8,1,192.8884,550.0,-508.6231,-6791.2823,-1232.8941,100.0,96.88,128.99,123.883,45.203,179.455,0,0,0,1,0,0,0,-0.7515,-0.0791,-0.0381,0.0024,-0.1,0.1
183,9,1,143.8771,550.0,-3574.8111,-4950.0739,3258.4867,100.0,96.97,126.82,340.014,249.382,110.274,0,0,0,1,0,0,0,-0.7013,-0.1737,-0.1779,0.1259,0.0402,0.1
184,0,0,126.007,550.0,-3265.549,4152.5494,4471.3269,100.0,96.97,130.49,133.432,350.292,77.215,0,0,0,1,0,0,0,-0.854,-0.0826,-0.2213,0.074,-0.013,0.1
184,1,0,109.4032,550.0,-1417.8729,4325.5153,5213.4244,97.48,96.97,152.24,265.691,195.087,306.139,0,0,0,1,0,1,0,-0.5813,0.0632,-0.1648,-0.1865,-0.1,0.1
184,2,0,81.3349,550.0,1888.6525,3804.6063,5464.2661,96.06,97.0,141.57,8.211,206.612,262.959,0,0,0,1,0,1,0,-0.1138,-0.2258,0.0054,-0.0243,-10.1,0.1
184,3,0,24.5264,550.0,6519.636,360.4932,2294.4786,100.0,96.22,114.41,226.072,83.585,286.248,0,0,0,1,0,0,0,-0.6814,-0.0517,-0.1544,-0.012,0.1962,0.1
184,4,0,173.8099,550.0,-6630.6737,1891.8734,596.0053,100.0,97.06,128.26,317.276,268.939,263.532,0,0,0,1,0,0,0,-1.0,0.0167,-0.1226,0.04,-0.1,0.1
184,5,1,110.5767,550.0,-4325.138,-1554.2351,5174.7247,85.64,97.06,129.84,359.035,127.609,264.16,0,0,0,1,0,0,0,-0.5507,-0.0428,-0.1228,-0.1395,-0.1,0.1
184,6,1,136.6055,550.0,-3858.932,-4311.4606,3797.3928,100.0,95.77,152.82,321.557,90.597,345.174,0,0,0,1,0,0,0,-0.1012,0.2014,-0.13,-0.2815,-0.1,0.1
184,7,1,31.5843,550.0,-887.4082,6223.4953,2894.9705,100.0,98.86,127.65,277.441,96.14,102.31,0,0,0,1,0,0,0,-0.4033,-0.1985,-0.0823,0.0131,0.4504,0.1
184,8,1,194.1892,550.0,-418.8492,-6774.1475,-1354.892,100.0,96.88,129.4,113.897,43.563,175.768,0,0,0,1,0,0,0,-0.7511,-0.0778,-0.0396,-0.0033,-0.1,0.1
184,9,1,145.2386,550.0,-3521.8539,-5056.1787,3151.4826,100.0,96.97,127.27,338.979,248.911,101.191,0,0,0,1,0,0,0,-0.8043,-0.1333,-0.212,0.1212,0.039,0.1
185,0,0,127.1258,550.0,-3377.0992,4132.0155,4407.0274,100.0,96.97,130.92,126.458,349.998,67.352,0,0,0,1,0,0,0,-0.9067,-0.0157,-0.2429,0.0344,-0.0063,0.1
185,1,0,109.1218,550.0,-1380.0813,4326.9348,5222.3799,96.65,96.97,151.49,266.309,194.155,296.139,0,0,0,1,0,1,0,-0.5834,0.1049,-0.1784,-0.1906,-0.1,0.1
185,2,0,83.0375,550.0,1697.5175,3862.1159,5486.596,95.27,97.0,140.8,358.211,203.551,263.621,0,0,0,1,0,1,0,-0.145,-0.1716,-0.0112,-0.0575,-0.2,0.1
185,3,0,24.647,550.0,6515.8182,362.0308,2305.0571,100.0,96.22,114.83,220.358,80.996,276.248,0,0,0,1,0,0,0,-0.6929,0.0014,-0.1696,-0.033,0.2278,0.1
185,4,0,175.2577,550.0,-6667.0039,1800.6896,456.9654,100.0,97.06,128.68,307.488,269.74,255.717,0,0,0,1,0,0,0,-1.0,0.0666,-0.1414,0.0109,-0.1,0.1
185,5,1,111.0297,550.0,-4326.3618,-1601.7004,5159.2044,87.78,97.06,130.27,355.441,125.739,254.17,0,0,0,1,0,0,0,-1.0,0.0305,-0.2482,0.0208,-0.1,0.1
185,6,1,135.1695,550.0,-3911.5228,-4173.1035,3896.8498,100.0,95.77,153.29,323.392,88.925,335.174,0,0,0,1,0,0,0,-0.0783,0.2294,-0.1336,-0.2879,-0.1,0.1
185,7,1,32.3071,550.0,-933.5824,6188.8424,2954.1319,100.0,98.86,128.07,267.441,97.065,96.263,0,0,0,1,0,0,0,-0.4765,-0.1245,-0.1066,-0.0273,0.4639,0.1
185,8,1,195.4734,550.0,-330.0651,-6754.014,-1474.6502,100.0,96.88,129.81,103.91,41.89,172.056,0,0,0,1,0,0,0,-0.8313,-0.0007,-0.0661,-0.0488,-0.1,0.1
185,9,1,146.612,550.0,-3466.6148,-5160.4907,3041.7361,100.0,96.97,127.71,337.912,248.324,92.149,0,0,0,1,0,0,0,-0.8829,-0.0616,-0.233,0.084,0.0372,0.1
186,0,0,128.2645,550.0,-3489.4511,4109.6958,4339.8586,100.0,96.97,131.35,119.475,349.583,57.507,0,0,0,1,0,0,0,-0.8953,-0.0195,-0.2414,0.0339,-0.0001,0.1
186,1,0,108.8815,550.0,-1347.0474,4328.2272,5229.9287,95.81,96.97,150.73,266.978,193.134,286.139,0,0,0,1,0,1,0,-0.5911,0.1005,-0.1792,-0.1861,-0.1,0.1
186,2,0,84.7669,550.0,1501.9107,3917.5243,5504.3173,94.49,97.0,140.01,348.211,200.477,264.286,0,0,0,1,0,1,0,-0.2459,-0.1601,-0.026,0.003,-0.1,0.1
186,3,0,24.7902,550.0,6511.1845,365.2773,2317.6045,100.0,96.22,115.25,214.644,78.322,266.248,0,0,0,1,0,0,0,-0.6828,0.0,-0.1691,-0.0302,0.2595,0.1
186,4,0,176.7005,550.0,-6699.184,1708.7922,318.1255,100.0,97.06,129.1,297.733,270.469,247.907,0,0,0,1,0,0,0,-1.0,0.0655,-0.1422,0.0091,-0.1,0.1
186,5,1,111.5233,550.0,-4327.3474,-1653.7617,5141.9236,89.92,97.06,130.7,351.862,123.745,244.192,0,0,0,1,0,0,0,-1.0,0.0309,-0.2475,0.0228,-0.1,0.1
186,6,1,133.7662,550.0,-3960.3426,-4035.1484,3991.6794,100.0,95.77,153.76,325.358,87.201,325.174,0,0,0,1,0,0,0,0.1371,0.2635,-0.1034,-0.3653,-0.1,0.1
186,7,1,33.0565,550.0,-981.6557,6151.9486,3014.9828,100.0,98.86,128.5,257.441,97.937,90.201,0,0,0,1,0,0,0,-0.4641,-0.1275,-0.1064,-0.0275,0.4767,0.1
186,8,1,196.7403,550.0,-242.3734,-6731.0342,-1592.066,100.0,96.88,130.22,93.924,40.183,168.318,0,0,0,1,0,0,0,-0.8292,-0.0001,-0.0674,-0.0542,-0.1,0.1
186,9,1,147.9967,550.0,-3409.1021,-5262.8266,2929.3207,100.0,96.97,128.15,336.814,247.621,83.15,0,0,0,1,0,0,0,-0.8784,-0.064,-0.2322,0.0849,0.0349,0.1
187,0,0,129.4227,550.0,-3602.4512,4085.5285,4269.7825,100.0,96.97,131.78,112.48,349.049,47.678,0,0,0,1,0,0,0,-0.8834,-0.0233,-0.2399,0.0334,0.0056,0.1
187,1,0,108.6823,550.0,-1318.79,4329.4481,5236.1162,94.98,96.97,149.98,267.693,192.128,276.139,0,0,0,1,0,1,0,0.8085,0.0915,0.0319,-0.3376,-0.1,0.1
187,2,0,86.5231,550.0,1301.9255,3970.6337,5517.1821,93.68,97.0,139.25,338.211,197.456,264.924,0,0,0,1,0,1,0,0.1516,-0.2005,0.1061,-0.0514,-0.1,0.1
187,3,0,24.9561,550.0,6505.7187,370.2404,2332.1208,100.0,96.22,115.67,208.929,75.564,256.248,0,0,0,1,0,0,0,-0.6726,-0.0012,-0.169,-0.0274,0.2913,0.1
187,4,0,178.1373,550.0,-6727.2228,1616.3031,179.661,100.0,97.06,129.52,288.011,271.127,240.101,0,0,0,1,0,0,0,-1.0,0.0644,-0.1431,0.0072,-0.1,0.1
187,5,1,112.0576,550.0,-4328.0316,-1710.3733,5122.7929,92.06,97.06,131.13,348.299,121.628,234.226,0,0,0,1,0,0,0,-1.0,0.031,-0.2464,0.0249,-0.1,0.1
187,6,1,132.3962,550.0,-4005.5147,-3897.9185,4081.951,100.0,95.77,154.23,327.454,85.428,315.174,0,0,0,1,0,0,0,0.1378,0.2588,-0.0999,-0.36,-0.1,0.1
187,7,1,33.833,550.0,-1031.6377,6112.6938,3077.4892,100.0,98.86,128.92,247.441,98.756,84.126,0,0,0,1,0,0,0,-0.4517,-0.1305,-0.1061,-0.0276,0.4888,0.1
187,8,1,197.9891,550.0,-155.8725,-6705.3668,-1707.0445,100.0,96.88,130.64,83.937,38.442,164.549,0,0,0,1,0,0,0,-0.8269,0.0006,-0.0686,-0.0596,-0.1,0.1
187,9,1,149.392,550.0,-3349.3307,-5363.0062,2814.3186,100.0,96.97,128.59,335.682,246.803,74.194,0,0,0,1,0,0,0,-0.8741,-0.0663,-0.2313,0.0858,0.0319,0.1
188,0,0,130.5999,550.0,-3715.9411,4059.4544,4196.7669,100.0,96.97,132.22,105.422,348.411,37.903,0,0,0,1,0,0,0,-0.9406,-0.1267,-0.2062,0.1059,0.0107,0.1
188,1,0,108.5242,550.0,-1295.3239,4330.6468,5240.9804,94.17,96.97,149.22,268.422,191.15,266.139,0,0,0,1,0,1,0,0.8807,0.0289,0.0551,-0.2841,-0.1,0.1
188,2,0,88.3062,550.0,1097.6748,4021.2404,5524.9413,92.86,97.0,138.49,328.211,194.493,265.539,0,0,0,1,0,1,0,0.143,-0.23,0.1167,-0.0465,-0.1,0.1
188,3,0,25.1447,550.0,6499.4011,376.9286,2348.6061,100.0,96.22,116.09,203.185,72.73,246.248,0,0,0,1,0,0,0,-0.64,-0.0583,-0.1531,-0.0017,0.3581,0.1
188,4,0,179.5673,550.0,-6751.1418,1523.3458,41.7455,100.0,97.06,129.94,278.295,271.722,232.31,0,0,0,1,0,0,0,-1.0,0.0141,-0.1265,0.0314,-0.1,0.1
188,5,1,112.6322,550.0,-4328.3449,-1771.4842,5101.7169,94.21,97.06,131.56,344.727,119.397,224.284,0,0,0,1,0,0,0,-1.0,-0.0164,-0.2286,0.0468,-0.1,0.1
188,6,1,131.0601,550.0,-4047.1696,-3761.7234,4167.7448,100.0,95.77,154.7,329.661,83.607,305.174,0,0,0,1,0,0,0,0.1337,0.2222,-0.0936,-0.3431,-0.1,0.1
188,7,1,34.637,550.0,-1083.536,6070.9523,3141.6125,100.0,98.86,129.35,237.441,99.534,78.056,0,0,0,1,0,0,0,-0.3616,-0.2048,-0.0818,0.0107,0.5002,0.1
188,8,1,199.2191,550.0,-70.6571,-6677.1755,-1819.4988,100.0,96.88,131.05,73.937,36.678,160.767,0,0,0,1,0,0,0,-0.7475,-0.0718,-0.0454,-0.027,-0.1,0.1
188,9,1,150.7971,550.0,-3287.3222,-5460.8527,2696.8207,100.0,96.97,129.03,334.481,245.879,65.299,0,0,0,1,0,0,0,-0.7903,-0.1392,-0.2097,0.123,0.0284,0.1
189,0,0,131.7957,550.0,-3829.7575,4031.4172,4120.7856,100.0,96.97,132.67,98.299,347.67,28.18,0,0,0,1,0,0,0,-0.9336,-0.1292,-0.2055,0.1055,0.0154,0.1
189,1,0,108.4074,550.0,-1276.6606,4331.8656,5244.5513,93.36,96.97,148.45,269.174,190.159,256.139,0,0,0,1,0,1,0,0.4301,0.0451,-0.0249,-0.2811,-0.1,0.1
189,2,0,90.1163,550.0,889.2927,4069.1347,5527.345,92.04,97.0,137.73,318.211,191.59,266.13,0,0,0,1,0,1,0,0.1463,-0.2282,0.1182,-0.0493,-0.1,0.1
189,3,0,25.3562,550.0,6492.2086,385.3512,2367.06,100.0,96.22,116.51,197.412,69.819,236.248,0,0,0,1,0,0,0,-0.6296,-0.0596,-0.1534,0.0007,0.438,0.1
189,4,0,180.9895,550.0,-6770.975,1430.0449,-95.4498,100.0,97.06,130.36,268.586,272.253,224.534,0,0,0,1,0,0,0,-1.0,0.0136,-0.1276,0.0289,-0.1,0.1
189,5,1,113.2472,550.0,-4328.2117,-1837.0369,5078.5943,96.35,97.06,131.99,341.147,117.053,214.366,0,0,0,1,0,0,0,-1.0,-0.018,-0.2264,0.05,-0.1,0.1
189,6,1,129.7583,550.0,-4085.4437,-3626.8591,4249.151,100.0,95.77,155.15,331.935,81.733,295.174,0,0,0,1,0,0,0,-0.1553,0.1325,-0.1089,-0.2494,-0.1,0.1
189,7,1,35.4689,550.0,-1137.3563,6026.5936,3207.309,100.0,98.86,129.78,227.441,100.271,71.991,0,0,0,1,0,0,0,-0.3508,-0.2064,-0.0815,0.0101,0.5111,0.1
189,8,1,200.4295,550.0,13.1827,-6646.6289,-1929.35,100.0,96.88,131.47,63.937,34.891,156.968,0,0,0,1,0,0,0,-0.7464,-0.0701,-0.0468,-0.0335,-0.1,0.1
189,9,1,152.2112,550.0,-3223.1048,-5556.1935,2576.9264,100.0,96.97,129.48,333.209,244.851,56.466,0,0,0,1,0,0,0,-0.7875,-0.1404,-0.2091,0.123,0.0244,0.1
190,0,0,133.0096,550.0,-3943.7329,4001.3636,4041.8191,100.0,96.97,133.11,91.094,346.838,18.497,0,0,0,1,0,0,0,-0.7789,-0.1654,-0.1834,0.0795,0.0196,0.1
190,1,0,108.3317,550.0,-1262.8083,4333.1404,5246.8515,92.53,96.97,147.69,269.955,189.1,246.139,0,0,0,1,0,1,0,-0.2955,0.0588,-0.138,-0.221,-0.1,0.1
190,2,0,91.9535,550.0,676.9353,4114.1016,5524.1441,91.23,97.0,136.97,308.211,188.707,266.765,0,0,0,1,0,1,0,-0.1515,-0.2368,0.0417,0.0892,-0.1,0.1
190,3,0,25.5907,550.0,6484.1141,395.5181,2387.482,100.0,96.22,116.93,191.608,66.831,226.25,0,0,0,1,0,0,0,-0.6191,-0.0609,-0.1539,0.0031,0.5181,0.1
190,4,0,182.4031,550.0,-6786.7687,1336.5256,-231.7569,100.0,97.06,130.77,258.824,272.785,216.745,0,0,0,1,0,0,0,-0.5205,-0.1057,0.0021,-0.0245,-0.1,0.1
190,5,1,113.9023,550.0,-4327.5501,-1906.9677,5053.3183,98.48,97.06,132.42,337.525,114.607,204.471,0,0,0,1,0,0,0,-0.9074,-0.082,-0.202,0.0438,-0.1,0.1
190,6,1,128.4914,550.0,-4120.4788,-3493.6076,4326.2687,100.0,95.77,155.6,334.296,79.79,285.174,0,0,0,1,0,0,0,-0.0387,0.1769,-0.1358,-0.2499,-0.1,0.1
190,7,1,36.3291,550.0,-1193.102,5979.4817,3274.53,100.0,98.86,130.21,217.441,100.967,65.931,0,0,0,1,0,0,0,-0.34,-0.208,-0.0812,0.0094,0.5213,0.1
190,8,1,201.6198,550.0,95.5608,-6613.8995,-2036.5271,100.0,96.88,131.91,53.937,33.145,153.098,0,0,0,1,0,0,0,-0.1647,-0.1815,0.0825,-0.1434,-0.1,0.1
190,9,1,153.6337,550.0,-3156.7137,-5648.8613,2454.7434,100.0,96.97,129.93,331.832,243.742,47.696,0,0,0,1,0,0,0,-0.8415,-0.211,-0.1618,0.127,0.0197,0.1
191,0,0,134.2411,550.0,-4057.6959,3969.244,3959.8544,100.0,96.97,133.55,83.805,345.915,8.853,0,0,0,1,0,0,0,-0.7719,-0.1675,-0.1829,0.0785,0.0232,0.1
191,1,0,108.2973,550.0,-1253.772,4334.5001,5247.8954,91.71,96.97,146.94,270.764,187.971,236.139,0,0,0,1,0,1,0,-0.299,0.0543,-0.1379,-0.2171,-0.1,0.1
191,2,0,93.8176,550.0,460.7812,4155.9218,5515.0916,90.41,97.0,136.2,298.211,185.847,267.444,0,0,0,1,0,1,0,-0.1468,-0.2361,0.044,0.0873,-0.1,0.1
191,3,0,25.8483,550.0,6475.0872,407.4403,2409.8712,100.0,96.22,117.35,185.772,63.765,216.254,0,0,0,1,0,0,0,-0.6084,-0.0621,-0.1547,0.0053,0.5985,0.1
191,4,0,183.8072,550.0,-6798.5815,1242.9133,-367.0117,100.0,97.06,131.18,249.01,273.317,208.943,0,0,0,1,0,0,0,-0.5158,-0.1053,0.0007,-0.0289,-0.1,0.1
191,5,1,114.5974,550.0,-4326.2725,-1981.2057,5025.7767,100.0,97.06,132.86,333.861,112.063,194.6,0,0,0,1,0,0,0,-0.8953,-0.0854,-0.1984,0.0488,-0.1,0.1
191,6,1,127.26,550.0,-4152.4212,-3362.2365,4399.2051,100.0,95.77,156.06,336.745,77.781,275.174,0,0,0,1,0,0,0,-0.0352,0.1738,-0.1332,-0.2449,-0.1,0.1
191,7,1,37.218,550.0,-1250.7738,5929.4755,3343.2209,100.0,98.86,130.64,207.441,101.624,59.875,0,0,0,1,0,0,0,-0.3292,-0.2097,-0.0809,0.0088,0.531,0.1
191,8,1,202.7891,550.0,176.3961,-6579.163,-2140.967,100.0,96.88,132.35,43.937,31.44,149.152,0,0,0,1,0,0,0,-0.1572,-0.1793,0.0811,-0.1497,-0.1,0.1
191,9,1,155.0637,550.0,-3088.1907,-5738.6944,2330.3876,100.0,96.97,130.38,330.35,242.552,38.99,0,0,0,1,0,0,0,-0.8374,-0.2121,-0.1612,0.1265,0.0145,0.1
192,0,0,135.4897,550.0,-4171.4715,3935.0127,3874.886,100.0,96.97,134.0,76.431,344.9,359.247,0,0,0,1,0,0,0,-0.7649,-0.1695,-0.1824,0.0775,0.0264,0.1
192,1,0,108.3041,550.0,-1249.5537,4335.9672,5247.6895,90.89,96.97,146.18,271.597,186.774,226.139,0,0,0,1,0,1,0,-0.3024,0.0498,-0.1378,-0.2133,-0.1,0.1
192,2,0,95.7086,550.0,241.0328,4194.3723,5499.9441,89.6,97.0,135.44,288.211,183.009,268.165,0,0,0,1,0,1,0,-0.1422,-0.2354,0.0463,0.0853,-0.1,0.1
192,3,0,26.1292,550.0,6465.0934,421.129,2434.2265,100.0,96.22,117.78,179.906,60.622,206.263,0,0,0,1,0,0,0,-0.5976,-0.0632,-0.1557,0.0074,0.679,0.1
192,4,0,185.201,550.0,-6806.4836,1149.333,-501.0543,100.0,97.06,131.6,239.143,273.849,201.123,0,0,0,1,0,0,0,-0.5112,-0.1047,-0.0009,-0.0335,-0.1,0.1
192,5,1,115.3323,550.0,-4324.2854,-2059.6728,4995.8528,100.0,97.06,133.29,330.153,109.421,184.755,0,0,0,1,0,0,0,-0.8822,-0.089,-0.1944,0.0533,-0.1,0.1
192,6,1,126.0643,550.0,-4181.4201,-3232.9992,4468.0738,100.0,95.77,156.51,339.279,75.706,265.174,0,0,0,1,0,0,0,-0.032,0.1708,-0.1312,-0.2401,-0.1,0.1
192,7,1,38.1361,550.0,-1310.3696,5876.4287,3413.3208,100.0,98.86,131.07,197.441,102.239,53.823,0,0,0,1,0,0,0,-0.3184,-0.2113,-0.0806,0.0082,0.5402,0.1
192,8,1,203.9369,550.0,255.6116,-6542.5976,-2242.6147,100.0,96.88,132.79,33.937,29.774,145.129,0,0,0,1,0,0,0,-0.1499,-0.1769,0.0795,-0.156,-0.1,0.1
192,9,1,156.5005,550.0,-3017.5842,-5825.5376,2203.9824,100.0,96.97,130.83,328.76,241.282,30.347,0,0,0,1,0,0,0,-0.8333,-0.213,-0.1607,0.1259,0.0087,0.1
193,0,0,136.7548,550.0,-4284.8814,3898.6282,3786.9157,100.0,96.97,134.44,68.994,343.778,349.681,0,0,0,1,0,0,0,-0.8412,-0.1257,-0.2132,0.0766,0.0289,0.1
193,1,0,108.3521,550.0,-1250.1525,4337.5573,5246.2326,90.07,96.97,145.41,272.453,185.508,216.139,0,0,0,1,0,1,0,-0.3055,0.0453,-0.1376,-0.2094,-0.1,0.1
193,2,0,97.6265,550.0,17.917,4229.2271,5478.4631,88.79,97.0,134.68,278.211,180.196,268.928,0,0,0,1,0,1,0,-0.1376,-0.2348,0.0486,0.0834,-0.1,0.1
193,3,0,26.4334,550.0,6454.0946,436.5965,2460.5461,100.0,96.22,118.2,174.007,57.4,196.276,0,0,0,1,0,0,0,-0.5867,-0.0641,-0.157,0.0094,0.9,0.1
193,4,0,186.5836,550.0,-6810.5568,1055.9092,-633.7296,100.0,97.06,132.01,229.224,274.38,193.284,0,0,0,1,0,0,0,-0.5067,-0.1041,-0.0024,-0.0381,-0.1,0.1
193,5,1,116.1069,550.0,-4321.4897,-2142.2826,4963.4255,100.0,97.06,133.72,326.353,106.75,174.876,0,0,0,1,0,0,0,-0.1177,-0.1813,-0.058,-0.069,-0.1,0.1
193,6,1,124.905,550.0,-4207.6276,-3106.1347,4532.9945,100.0,95.77,156.96,341.877,73.543,255.174,0,0,0,1,0,0,0,-0.2972,0.1275,-0.1759,-0.1544,-0.1,0.1
193,7,1,39.0839,550.0,-1371.8838,5820.1897,3484.7623,100.0,98.86,131.5,187.441,102.815,47.775,0,0,0,1,0,0,0,-0.3075,-0.2128,-0.0804,0.0077,0.5488,0.1
193,8,1,205.0625,550.0,333.1351,-6504.3834,-2341.4225,100.0,96.88,133.23,23.937,28.147,141.024,0,0,0,1,0,0,0,-0.1428,-0.1744,0.0779,-0.1624,-0.1,0.1
193,9,1,157.9433,550.0,-2944.9496,-5909.243,2075.6589,100.0,96.97,131.27,327.079,239.947,21.739,0,0,0,1,0,0,0,-0.6261,-0.1832,-0.1305,0.0719,0.0024,0.1
194,0,0,138.0358,550.0,-4397.7448,3860.0534,3695.9532,100.0,96.97,134.88,61.494,342.55,340.151,0,0,0,1,0,0,0,-0.834,-0.1275,-0.2127,0.0755,0.031,0.1
194,1,0,108.4413,550.0,-1255.5648,4339.2791,5243.5155,89.26,96.97,144.65,273.329,184.173,206.139,0,0,0,1,0,1,0,-0.3085,0.0409,-0.1373,-0.2056,-0.1,0.1
194,2,0,99.571,550.0,-208.3143,4260.2584,5450.4169,87.97,97.0,133.91,268.211,177.408,269.732,0,0,0,1,0,1,0,-0.1331,-0.2341,0.0509,0.0815,-0.1,0.1
194,3,0,26.7613,550.0,6442.0488,453.8554,2488.8277,100.0,96.22,118.62,168.075,54.099,186.294,0,0,0,1,0,0,0,-0.5757,-0.065,-0.1585,0.0113,0.9,0.1
194,4,0,187.9542,550.0,-6810.8935,962.7649,-764.8882,100.0,97.06,132.43,219.254,274.909,185.424,0,0,0,1,0,0,0,-0.5024,-0.1032,-0.004,-0.0429,-0.1,0.1
194,5,1,116.9209,550.0,-4317.7811,-2228.9404,4928.3702,100.0,97.06,134.15,322.463,104.052,164.962,0,0,0,1,0,0,0,-0.1079,-0.1825,-0.0536,-0.0702,-0.1,0.1
194,6,1,123.7824,550.0,-4231.1973,-2981.8677,4594.0914,100.0,95.77,157.42,344.568,71.308,245.174,0,0,0,1,0,0,0,-0.0152,0.186,-0.1441,-0.2433,-0.1,0.1
194,7,1,40.0617,550.0,-1435.3073,5760.602,3557.4708,100.0,98.86,131.93,177.441,103.351,41.731,0,0,0,1,0,0,0,-0.2966,-0.2144,-0.0801,0.0072,0.557,0.1
194,8,1,206.1652,550.0,408.8992,-6464.7015,-2437.3505,100.0,96.88,133.67,13.937,26.559,136.835,0,0,0,1,0,0,0,-0.1359,-0.1717,0.0763,-0.1687,-0.1,0.1
194,9,1,159.3911,550.0,-2870.3486,-5989.6708,1945.5549,100.0,96.97,131.71,325.306,238.547,13.167,0,0,0,1,0,0,0,-0.6225,-0.1845,-0.13,0.0713,-0.0045,0.1
195,0,0,139.3323,550.0,-4509.8786,3819.256,3602.0161,100.0,96.97,135.32,53.928,341.216,330.659,0,0,0,1,0,0,0,-0.8269,-0.1293,-0.2123,0.0743,0.0324,0.1
195,1,0,108.5718,550.0,-1265.7837,4341.1349,5239.521,88.44,96.97,143.89,274.223,182.769,196.139,0,0,0,1,0,1,0,-0.3114,0.0364,-0.1369,-0.2017,-0.1,0.1
195,2,0,101.5421,550.0,-437.3841,4287.2376,5415.5821,87.16,97.0,133.15,258.211,174.647,270.576,0,0,0,1,0,1,0,-0.1287,-0.2335,0.0533,0.0796,-0.1,0.1
195,3,0,27.1129,550.0,6428.91,472.919,2519.0683,100.0,96.22,119.05,162.111,50.718,176.318,0,0,0,1,0,0,0,-0.5664,-0.0654,-0.159,0.0102,0.6785,0.1
195,4,0,189.312,550.0,-6807.5969,870.0217,-894.3864,100.0,97.06,132.84,209.254,275.434,177.54,0,0,0,1,0,0,0,-0.4983,-0.1023,-0.0057,-0.0478,-0.1,0.1
195,5,1,117.7741,550.0,-4313.0499,-2319.5424,4890.5588,100.0,97.06,134.57,318.55,101.267,155.037,0,0,0,1,0,0,0,-0.484,-0.0441,-0.1754,-0.0233,-0.1,0.1
195,6,1,122.6969,550.0,-4252.2837,-2860.4089,4651.4928,100.0,95.77,157.87,347.35,69.001,235.174,0,0,0,1,0,0,0,-0.0163,0.1822,-0.1438,-0.238,-0.1,0.1
195,7,1,41.07,550.0,-1500.6268,5697.5044,3631.3639,100.0,98.86,132.36,167.441,103.846,35.69,0,0,0,1,0,0,0,-0.2857,-0.216,-0.0797,0.0067,0.5648,0.1
195,8,1,207.2446,550.0,482.8408,-6423.7336,-2530.3659,100.0,96.88,134.11,3.937,25.007,132.559,0,0,0,1,0,0,0,-0.1292,-0.1688,0.0747,-0.1751,-0.1,0.1
195,9,1,160.8433,550.0,-2793.8496,-6066.6894,1813.815,100.0,96.97,132.15,323.44,237.082,4.631,0,0,0,1,0,0,0,-0.619,-0.1857,-0.1295,0.0706,-0.012,0.1
196,0,0,140.6436,550.0,-4621.0982,3776.2089,3505.1303,100.0,96.97,135.76,46.38,339.777,321.119,0,0,0,1,0,0,0,-0.6162,0.0333,-0.2102,-0.0965,0.0334,0.1
196,1,0,108.7434,550.0,-1280.7998,4343.1197,5234.2243,87.62,96.97,143.13,275.143,181.341,186.139,0,0,0,1,0,1,0,-0.003,0.0511,-0.0505,-0.3055,-0.1,0.1
196,2,0,103.5394,550.0,-668.989,4309.9366,5373.7456,86.38,97.0,132.37,248.211,171.902,271.435,0,0,0,1,0,1,0,-0.1547,-0.1444,0.0309,0.0306,-0.1,0.1
196,3,0,27.4885,550.0,6414.6281,493.8013,2551.2639,100.0,96.22,119.48,156.175,47.243,166.323,0,0,0,1,0,0,0,-0.5711,0.0553,-0.19,-0.0382,0.5975,0.1
196,4,0,190.6561,550.0,-6800.7799,777.7991,-1022.087,100.0,97.06,133.27,199.28,275.931,169.585,0,0,0,1,0,0,0,-0.6281,0.0515,-0.0588,-0.1414,-0.1,0.1
196,5,1,118.6663,550.0,-4307.1819,-2413.9753,4849.8606,100.0,97.06,135.02,314.692,98.366,145.051,0,0,0,1,0,0,0,-0.5866,0.1089,-0.2311,-0.1207,-0.1,0.1
196,6,1,121.6488,550.0,-4271.0416,-2741.955,4705.3297,100.0,95.77,158.32,350.209,66.598,225.174,0,0,0,1,0,0,0,-0.2794,0.1549,-0.1939,-0.1556,-0.1,0.1
196,7,1,42.0933,550.0,-1566.6924,5631.7994,3705.206,100.0,98.86,132.79,157.441,104.278,29.611,0,0,0,1,0,0,0,-0.4368,-0.0585,-0.1284,-0.0751,0.5713,0.1
196,8,1,208.2999,550.0,554.9015,-6381.6614,-2620.4432,100.0,96.88,134.54,353.937,23.474,128.159,0,0,0,1,0,0,0,-0.2567,-0.0025,0.0361,-0.2469,-0.1,0.1
196,9,1,162.299,550.0,-2715.527,-6140.1769,1680.5897,100.0,96.97,132.57,321.562,235.53,356.088,0,0,0,1,0,0,0,-0.7932,-0.0228,-0.1732,-0.0114,-0.02,0.1
197,0,0,141.9691,550.0,-4731.218,3730.8905,3405.3301,100.0,96.97,136.19,38.848,338.233,311.53,0,0,0,1,0,0,0,-0.6079,0.0326,-0.2099,-0.0984,0.0337,0.1
197,1,0,108.9562,550.0,-1300.6001,4345.2222,5227.5926,86.8,96.97,142.37,276.087,179.887,176.139,0,0,0,1,0,1,0,-0.0023,0.048,-0.0499,-0.3024,-0.1,0.1
197,2,0,105.5628,550.0,-902.8,4328.1287,5324.7061,85.6,97.0,131.59,238.211,169.173,272.309,0,0,0,1,0,1,0,-0.149,-0.144,0.0334,0.0296,-0.1,0.1
197,3,0,27.8882,550.0,6399.149,516.5164,2585.4097,100.0,96.22,119.9,150.267,43.672,156.323,0,0,0,1,0,0,0,-0.5673,0.0565,-0.1904,-0.0438,0.5163,0.1
197,4,0,191.9858,550.0,-6790.5647,686.2142,-1147.8595,100.0,97.06,133.69,189.332,276.396,161.556,0,0,0,1,0,0,0,-0.6257,0.0544,-0.0615,-0.1475,-0.1,0.1
197,5,1,119.5972,550.0,-4300.0582,-2512.116,4806.1433,100.0,97.06,135.47,310.888,95.352,135.051,0,0,0,1,0,0,0,-0.5725,0.1078,-0.2261,-0.1191,-0.1,0.1
197,6,1,120.6385,550.0,-4287.625,-2626.6892,4755.7351,100.0,95.77,158.79,353.19,64.138,215.174,0,0,0,1,0,0,0,0.1798,0.2428,-0.1117,-0.3017,-0.1,0.1
197,7,1,43.1321,550.0,-1633.5017,5563.3995,3778.9548,100.0,98.86,133.22,147.441,104.645,23.494,0,0,0,1,0,0,0,-0.4257,-0.0568,-0.1291,-0.0779,0.5767,0.1
197,8,1,209.3306,550.0,625.0274,-6338.6656,-2707.5635,100.0,96.88,134.97,343.949,21.945,123.66,0,0,0,1,0,0,0,-0.38,0.0234,0.0088,-0.1969,-0.1,0.1
197,9,1,163.7573,550.0,-2635.4614,-6210.0209,1546.0349,100.0,96.97,132.99,319.695,233.876,347.54,0,0,0,1,0,0,0,-0.8679,0.0195,-0.2052,-0.0131,-0.1285,0.1
198,0,0,143.3081,550.0,-4840.0519,3683.2846,3302.6584,100.0,96.97,136.62,31.331,336.585,301.89,0,0,0,1,0,0,0,-0.5998,0.032,-0.2096,-0.1004,0.0336,0.1
198,1,0,109.2101,550.0,-1325.169,4347.424,5219.5855,85.98,96.97,141.61,277.054,178.409,166.139,0,0,0,1,0,1,0,-0.0015,0.0448,-0.0493,-0.2993,-0.1,0.1
198,2,0,107.6119,550.0,-1138.4621,4341.5903,5268.2767,84.82,97.0,130.81,228.211,166.462,273.197,0,0,0,1,0,1,0,-0.1433,-0.1437,0.0359,0.0286,-0.1,0.1
198,3,0,28.3123,550.0,6382.4143,541.0792,2621.4998,100.0,96.22,120.33,144.387,40.006,146.323,0,0,0,1,0,0,0,-0.5632,0.0577,-0.1908,-0.0494,0.435,0.1
198,4,0,193.3001,550.0,-6777.0823,595.3814,-1271.5805,100.0,97.06,134.12,179.414,276.83,153.451,0,0,0,1,0,0,0,-0.6235,0.0575,-0.0642,-0.1535,-0.1,0.1
198,5,1,120.5665,550.0,-4291.5559,-2613.8305,4759.2729,100.0,97.06,135.91,307.137,92.228,125.051,0,0,0,1,0,0,0,-0.5564,0.1061,-0.2204,-0.1171,-0.1,0.1
198,6,1,119.6664,550.0,-4302.1868,-2514.7817,4802.8432,100.0,95.77,159.25,356.292,61.622,205.174,0,0,0,1,0,0,0,0.1816,0.2413,-0.1121,-0.2985,-0.1,0.1
198,7,1,44.1868,550.0,-1701.0494,5492.215,3852.5636,100.0,98.86,133.64,137.441,104.947,17.336,0,0,0,1,0,0,0,-0.4146,-0.0551,-0.1297,-0.0806,0.626,0.1
198,8,1,210.3361,550.0,693.1689,-6294.9257,-2791.7142,100.0,96.88,135.39,333.975,20.419,119.059,0,0,0,1,0,0,0,-0.3771,0.029,0.0059,-0.2055,-0.1,0.1
198,9,1,165.2175,550.0,-2553.7392,-6276.1197,1410.3116,100.0,96.97,133.41,317.837,232.12,338.984,0,0,0,1,0,0,0,-0.8644,0.0194,-0.2051,-0.0146,-0.0376,0.1
199,0,0,144.6601,550.0,-4947.4142,3633.381,3197.1669,100.0,96.97,137.06,23.779,334.832,292.273,0,0,0,1,0,0,0,-1.0,-0.073,-0.2074,0.0455,0.0328,0.1
199,1,0,109.505,550.0,-1354.4871,4349.7,5210.155,85.16,96.97,140.85,277.946,176.94,156.139,0,0,0,1,0,1,0,0.1402,-0.1487,0.0168,-0.234,-0.1,0.1
199,2,0,109.6864,550.0,-1375.5943,4350.1021,5204.286,84.0,97.0,130.05,218.211,163.784,274.11,0,0,0,1,0,1,0,-0.0989,-0.262,0.0652,0.0505,-0.1,0.1
199,3,0,28.761,550.0,6364.3614,567.5046,2659.5269,100.0,96.22,120.76,138.414,36.312,136.323,0,0,0,1,0,0,0,-0.2352,-0.1882,-0.0541,0.0012,0.3628,0.1
199,4,0,194.5985,550.0,-6760.4717,505.412,-1393.1338,100.0,97.06,134.54,169.502,277.199,145.295,0,0,0,1,0,0,0,-0.7495,0.0117,-0.1288,-0.1008,-0.1,0.1
199,5,1,121.5739,550.0,-4281.5482,-2718.9742,4709.1151,100.0,97.06,136.34,303.326,89.022,115.051,0,0,0,1,0,0,0,-0.292,-0.1192,-0.163,-0.0196,-0.0671,0.1
199,6,1,118.7326,550.0,-4314.8781,-2406.3897,4846.7882,100.0,95.77,159.73,359.506,59.021,195.174,0,0,0,1,0,0,0,0.1079,0.2252,-0.1713,-0.3245,-0.1,0.1
199,7,1,45.2578,550.0,-1769.3274,5418.1545,3925.9805,100.0,98.86,134.07,127.441,105.269,11.178,0,0,0,1,0,0,0,-0.0154,-0.2771,0.0392,-0.0001,1.0,0.1
199,8,1,211.316,550.0,759.2808,-6250.6193,-2872.8892,100.0,96.88,135.81,323.992,18.862,114.38,0,0,0,1,0,0,0,-0.5115,-0.0186,-0.0635,-0.1561,-0.1,0.1
199,9,1,166.6785,550.0,-2470.4523,-6338.3821,1273.5852,100.0,96.97,133.84,315.879,230.324,330.41,0,0,0,1,0,0,0,-0.0591,-0.1996,-0.0777,-0.034,-0.0472,0.1
200,0,0,146.0243,550.0,-5053.12,3581.1756,3088.9158,100.0,96.97,137.49,16.21,332.945,282.689,0,0,0,1,0,0,0,-1.0,-0.0325,-0.2692,0.0654,0.0315,0.1
200,1,0,109.8409,550.0,-1388.5317,4352.0186,5199.2456,84.35,96.97,140.09,278.772,175.472,146.139,0,0,0,1,0,1,0,-0.0062,-0.1313,0.0046,-0.2327,-0.1,0.1
200,2,0,111.7858,550.0,-1613.7906,4353.4507,5132.581,86.13,97.0,130.49,208.211,161.136,275.037,0,0,0,1,0,0,0,-0.0362,-0.2758,0.0606,0.0262,-0.1,0.1
200,3,0,29.2345,550.0,6344.9231,595.8078,2699.4823,100.0,96.22,121.19,132.323,32.601,126.324,0,0,0,1,0,0,0,-0.1475,-0.2342,-0.037,0.0007,0.4697,0.1
200,4,0,195.88,550.0,-6740.8793,416.4139,-1512.4111,100.0,97.06,134.97,159.596,277.503,137.087,0,0,0,1,0,0,0,-0.7485,0.0138,-0.1314,-0.1058,-0.1,0.1
200,5,1,122.6032,550.0,-4270.142,-2825.6625,4656.3676,100.0,97.06,136.77,299.483,85.725,105.051,0,0,0,1,0,0,0,-0.3601,-0.0658,-0.1822,-0.0181,-0.0585,0.1
200,6,1,117.8375,550.0,-4325.8476,-2301.6584,4887.7042,100.0,95.77,160.2,2.846,56.332,185.174,0,0,0,1,0,0,0,0.1008,0.2526,-0.1764,-0.3084,-0.1,0.1
200,7,1,46.3458,550.0,-1838.3241,5341.1251,3999.1484,100.0,98.86,134.51,117.441,105.614,5.014,0,0,0,1,0,0,0,0.0316,-0.3077,0.0471,-0.0136,1.0,0.1
200,8,1,212.2857,550.0,824.5156,-6205.1424,-2952.3927,100.0,96.88,136.24,314.002,17.271,109.619,0,0,0,1,0,0,0,-0.5109,-0.0134,-0.0662,-0.1641,-0.1,0.1
200,9,1,168.1396,550.0,-2385.6977,-6396.7285,1136.0246,100.0,96.97,134.29,313.832,228.442,321.864,0,0,0,1,0,0,0,-0.5986,-0.1783,-0.1722,0.0532,-0.0571,0.1
201,0,0,147.4,550.0,-5156.986,3526.6707,2977.9742,100.0,96.97,137.93,8.624,330.924,273.137,0,0,0,1,0,0,0,-1.0,-0.0335,-0.2691,0.0636,0.0296,0.1
201,1,0,110.2177,550.0,-1427.2762,4354.3411,5186.7945,83.53,96.97,139.32,279.531,174.007,136.139,0,0,0,1,0,1,0,-0.0047,-0.1351,0.0047,-0.2286,-0.1,0.1
201,2,0,113.9097,550.0,-1852.6202,4351.4303,5053.0282,88.24,97.0,130.93,198.211,158.488,276.027,0,0,0,1,0,0,0,-0.2523,-0.3212,-0.0001,0.1274,-0.1,0.1
201,3,0,29.7332,550.0,6324.0279,626.0043,2741.3557,100.0,96.22,121.61,126.115,28.87,116.325,0,0,0,1,0,0,0,-0.1361,-0.2346,-0.0368,-0.0002,0.4758,0.1
201,4,0,197.1439,550.0,-6718.458,328.4914,-1629.3116,100.0,97.06,135.4,149.698,277.74,128.823,0,0,0,1,0,0,0,-0.7454,0.0153,-0.133,-0.1109,-0.1,0.1
201,5,1,123.654,550.0,-4257.2648,-2933.7722,4600.9692,100.0,97.06,137.19,295.604,82.338,95.051,0,0,0,1,0,0,0,-0.3464,-0.0697,-0.1803,-0.0173,-0.0503,0.1
201,6,1,116.9814,550.0,-4335.2409,-2200.721,4925.7238,100.0,95.77,160.68,6.311,53.557,175.174,0,0,0,1,0,0,0,0.1767,0.2485,-0.1696,-0.3599,-0.1,0.1
201,7,1,47.4511,550.0,-1908.0244,5261.0324,4072.0047,100.0,98.86,134.95,107.441,105.984,358.842,0,0,0,1,0,0,0,0.0458,-0.3073,0.0485,-0.0152,0.7765,0.1
201,8,1,213.2447,550.0,888.8265,-6158.5868,-3030.1877,100.0,96.88,136.66,304.007,15.647,104.773,0,0,0,1,0,0,0,-0.5071,-0.0116,-0.0669,-0.1683,-0.1,0.1
201,9,1,169.5999,550.0,-2299.5773,-6451.0911,997.8018,100.0,96.97,134.73,311.695,226.475,313.344,0,0,0,1,0,0,0,-0.5962,-0.1797,-0.1708,0.0533,-0.0671,0.1
202,0,0,148.7867,550.0,-5258.8314,3469.8748,2864.4201,100.0,96.97,138.37,1.021,328.768,263.615,0,0,0,1,0,0,0,-1.0,-0.0344,-0.269,0.0617,0.0271,0.1
202,1,0,110.6354,550.0,-1470.69,4356.6223,5172.7318,85.66,96.97,139.76,280.221,172.545,126.139,0,0,0,1,0,0,0,-0.0032,-0.1389,0.0048,-0.2244,-0.1,0.1
202,2,0,116.0576,550.0,-2091.6286,4343.8439,4965.5161,90.32,97.0,131.39,188.211,155.782,277.122,0,0,0,1,0,0,0,-0.4959,-0.2576,-0.1142,0.2095,-0.1,0.1
202,3,0,30.2572,550.0,6301.5996,658.1094,2785.1348,100.0,96.22,122.04,119.79,25.122,106.325,0,0,0,1,0,0,0,-0.1248,-0.235,-0.0367,-0.0011,0.4811,0.1
202,4,0,198.3895,550.0,-6693.3671,241.745,-1743.7425,100.0,97.06,135.82,139.808,277.909,120.501,0,0,0,1,0,0,0,-0.7423,0.0167,-0.1346,-0.1161,-0.1,0.1
202,5,1,124.7259,550.0,-4242.8449,-3043.1743,4542.8623,100.0,97.06,137.62,291.689,78.862,85.051,0,0,0,1,0,0,0,-0.3325,-0.0736,-0.1783,-0.0166,-0.0425,0.1
202,6,1,116.1645,550.0,-4343.2003,-2103.6997,4960.9777,100.0,95.77,161.15,9.858,50.722,165.174,0,0,0,1,0,0,0,0.4273,0.166,-0.1211,-0.4049,-0.1,0.1
202,7,1,48.5741,550.0,-1978.4096,5177.7808,4144.481,100.0,98.86,135.38,97.441,106.359,352.662,0,0,0,1,0,0,0,0.0178,-0.2831,0.0106,-0.015,0.6795,0.1
202,8,1,214.1926,550.0,952.1689,-6111.0458,-3106.2412,100.0,96.88,137.09,294.007,13.989,99.841,0,0,0,1,0,0,0,-0.5035,-0.0097,-0.0675,-0.1725,-0.1,0.1
202,9,1,171.0585,550.0,-2212.1976,-6501.4141,859.0911,100.0,96.97,135.17,309.468,224.423,304.851,0,0,0,1,0,0,0,-0.5939,-0.1809,-0.1695,0.0533,-0.0773,0.1
203,0,0,150.1834,550.0,-5358.4783,3410.8033,2748.3398,100.0,96.97,138.8,353.4,326.477,254.123,0,0,0,1,0,0,0,-1.0,-0.0354,-0.2688,0.0597,0.0241,0.1
203,1,0,111.0938,550.0,-1518.7378,4358.8105,5156.9804,87.79,96.97,140.2,280.821,171.034,116.139,0,0,0,1,0,0,0,-0.3503,-0.1774,-0.096,-0.0902,-0.1,0.1
203,2,0,118.229,550.0,-2330.3388,4330.5054,4869.9573,92.41,97.0,131.85,178.211,153.021,278.321,0,0,0,1,0,0,0,-0.4844,-0.2594,-0.1115,0.2081,-0.1,0.1
203,3,0,30.8068,550.0,6277.5574,692.1383,2830.8053,100.0,96.22,122.47,113.347,21.355,96.325,0,0,0,1,0,0,0,-0.114,-0.2355,-0.0365,-0.002,0.4856,0.1
203,4,0,199.6161,550.0,-6665.7706,156.2709,-1855.6191,100.0,97.06,136.25,129.928,278.011,112.118,0,0,0,1,0,0,0,-0.7391,0.0182,-0.136,-0.1213,-0.1,0.1
203,5,1,125.8185,550.0,-4226.8118,-3153.7341,4481.9934,100.0,97.06,138.05,287.735,75.298,75.051,0,0,0,1,0,0,0,-0.3195,-0.0776,-0.1763,-0.016,-0.0352,0.1
203,6,1,115.387,550.0,-4349.8645,-2010.7059,4993.5941,100.0,95.77,161.61,13.463,47.817,155.174,0,0,0,1,0,0,0,0.0435,0.115,-0.1422,-0.3455,-0.1,0.1
203,7,1,49.7154,550.0,-2049.4571,5091.2736,4216.5033,100.0,98.86,135.81,87.441,106.738,346.471,0,0,0,1,0,0,0,0.0318,-0.2805,0.0095,-0.0225,0.5836,0.1
203,8,1,215.1287,550.0,1014.5004,-6062.6147,-3180.524,100.0,96.88,137.51,284.007,12.297,94.821,0,0,0,1,0,0,0,-0.4999,-0.0078,-0.0682,-0.1767,-0.1,0.1
203,9,1,172.5146,550.0,-2123.669,-6547.6539,720.0686,100.0,96.97,135.61,307.149,222.288,296.384,0,0,0,1,0,0,0,-0.5917,-0.1821,-0.1681,0.0532,-0.0877,0.1
204,0,0,151.5896,550.0,-5455.7528,3349.4781,2629.8286,100.0,96.97,139.23,345.718,324.111,244.632,0,0,0,1,0,0,0,-0.6777,-0.124,-0.152,-0.0002,0.0205,0.1
204,1,0,111.5929,550.0,-1571.38,4360.8472,5139.4569,89.93,96.97,140.63,281.409,169.449,106.139,0,0,0,1,0,0,0,-0.0856,-0.0264,-0.1479,-0.1068,-0.1,0.1
204,2,0,120.4231,550.0,-2568.2527,4311.2411,4766.2899,94.5,97.0,132.3,168.211,150.225,279.604,0,0,0,1,0,0,0,-0.3369,-0.2808,-0.0708,0.1677,-0.1,0.1
204,3,0,31.3823,550.0,6251.8156,728.1063,2878.3509,100.0,96.22,122.91,106.841,17.494,86.363,0,0,0,1,0,0,0,-0.9589,-0.1258,-0.1882,0.0746,0.3895,0.1
204,4,0,200.8229,550.0,-6635.8376,72.1614,-1964.8645,100.0,97.06,136.68,120.057,278.044,103.672,0,0,0,1,0,0,0,-0.7359,0.0197,-0.1375,-0.1265,-0.1,0.1
204,5,1,126.9316,550.0,-4209.096,-3265.3113,4418.3134,100.0,97.06,138.48,283.672,71.673,65.055,0,0,0,1,0,0,0,-0.5276,-0.2178,-0.1211,0.0092,-0.0283,0.1
204,6,1,114.6491,550.0,-4355.3676,-1921.8407,5023.6981,100.0,95.77,162.06,17.125,44.835,145.174,0,0,0,1,0,0,0,-0.0892,0.1125,-0.1509,-0.3086,-0.1,0.1
204,7,1,50.8755,550.0,-2121.14,5001.4137,4287.991,100.0,98.86,136.26,77.441,107.026,340.317,0,0,0,1,0,0,0,-0.7212,-0.2,-0.184,0.0731,0.3887,0.1
204,8,1,216.0527,550.0,1075.7806,-6013.3897,-3253.011,100.0,96.88,137.94,274.007,10.571,89.711,0,0,0,1,0,0,0,-0.4964,-0.006,-0.0687,-0.1809,-0.1,0.1
204,9,1,173.9672,550.0,-2034.1058,-6589.7797,580.9111,100.0,96.97,136.05,304.739,220.068,287.944,0,0,0,1,0,0,0,-0.5897,-0.1833,-0.1667,0.0529,-0.0983,0.1
205,0,0,153.0044,550.0,-5550.4854,3285.9281,2508.9897,100.0,96.97,139.66,337.973,321.668,235.139,0,0,0,1,0,0,0,-0.6672,-0.1249,-0.1515,-0.0022,0.0164,0.1
205,1,0,112.1326,550.0,-1628.5714,4362.6674,5120.0712,92.08,96.97,141.05,281.98,167.79,96.139,0,0,0,1,0,0,0,-0.0857,-0.034,-0.149,-0.0989,-0.1,0.1
205,2,0,122.6395,550.0,-2804.8526,4285.8912,4654.4795,96.64,97.0,132.73,158.211,147.434,280.913,0,0,0,1,0,0,0,-0.0185,-0.2467,0.0104,0.0532,-0.1,0.1
205,3,0,31.9841,550.0,6224.2838,766.0279,2927.7522,100.0,96.22,123.35,100.271,13.539,76.437,0,0,0,1,0,0,0,-0.9507,-0.1283,-0.1876,0.0742,0.3926,0.1
205,4,0,202.0092,550.0,-6603.7407,-10.496,-2071.4101,100.0,97.06,137.11,110.197,278.007,95.16,0,0,0,1,0,0,0,-0.7326,0.0213,-0.1388,-0.1318,-0.1,0.1
205,5,1,128.0646,550.0,-4189.6303,-3377.7605,4351.7782,100.0,97.06,138.92,279.498,67.989,55.064,0,0,0,1,0,0,0,-0.514,-0.2217,-0.1191,0.0084,-0.0219,0.1
205,6,1,113.951,550.0,-4359.8393,-1837.196,5051.411,100.0,95.77,162.52,20.853,41.795,135.174,0,0,0,1,0,0,0,0.4695,0.1346,-0.1176,-0.3222,-0.1,0.1
205,7,1,52.0546,550.0,-2193.427,4908.1034,4358.8576,100.0,98.86,136.7,67.441,107.221,334.197,0,0,0,1,0,0,0,-0.7057,-0.1998,-0.1848,0.0688,0.2979,0.1
205,8,1,216.9641,550.0,1135.9718,-5963.4682,-3323.681,100.0,96.88,138.36,264.007,8.81,84.508,0,0,0,1,0,0,0,-0.4931,-0.0041,-0.0693,-0.185,-0.1,0.1
205,9,1,175.4155,550.0,-1943.6252,-6627.7733,441.7958,100.0,96.97,136.49,302.237,217.767,279.53,0,0,0,1,0,0,0,-0.5877,-0.1844,-0.1652,0.0526,-0.1,0.1
206,0,0,154.4271,550.0,-5642.5119,3220.1888,2385.9347,100.0,96.97,140.09,330.165,319.15,225.644,0,0,0,1,0,0,0,-0.6568,-0.1256,-0.1512,-0.0043,0.0116,0.1
206,1,0,112.7126,550.0,-1690.2616,4364.1999,5098.7269,94.22,96.97,141.48,282.529,166.056,86.139,0,0,0,1,0,0,0,-0.086,-0.0417,-0.1499,-0.091,-0.1,0.1
206,2,0,124.8774,550.0,-3039.6038,4254.3119,4534.5209,98.74,97.0,133.18,148.211,144.614,282.296,0,0,0,1,0,0,0,-0.4416,-0.2716,-0.0582,0.1472,-0.1,0.1
206,3,0,32.6124,550.0,6194.8665,805.9174,2978.9875,100.0,96.22,123.78,93.635,9.491,66.548,0,0,0,1,0,0,0,-0.9422,-0.1309,-0.1869,0.0737,0.395,0.1
206,4,0,203.1745,550.0,-6569.6555,-91.6179,-2175.1951,100.0,97.06,137.54,100.349,277.901,86.579,0,0,0,1,0,0,0,-0.7293,0.0229,-0.1401,-0.137,-0.1,0.1
206,5,1,129.2171,550.0,-4168.349,-3490.9307,4282.3487,100.0,97.06,139.35,275.211,64.246,45.077,0,0,0,1,0,0,0,-0.5004,-0.2254,-0.1171,0.0075,-0.016,0.1
206,6,1,113.2929,550.0,-4363.4044,-1756.8545,5076.85,100.0,95.77,162.98,24.645,38.698,125.174,0,0,0,1,0,0,0,0.4763,0.1273,-0.1139,-0.3169,-0.1,0.1
206,7,1,53.2534,550.0,-2266.2822,4811.2451,4429.0096,100.0,98.86,137.15,57.441,107.324,328.109,0,0,0,1,0,0,0,-0.6899,-0.1996,-0.1853,0.0646,0.2608,0.1
206,8,1,217.8625,550.0,1195.0384,-5912.9482,-3392.5165,100.0,96.88,138.79,254.007,7.014,79.21,0,0,0,1,0,0,0,-0.4898,-0.0022,-0.0698,-0.189,-0.1,0.1
206,9,1,176.8586,550.0,-1852.3475,-6661.629,302.8993,100.0,96.97,136.93,299.642,215.383,271.142,0,0,0,1,0,0,0,-0.5859,-0.1854,-0.1638,0.0522,-0.1,0.1
207,0,0,155.8569,550.0,-5731.6743,3152.3026,2260.7829,100.0,96.97,140.52,322.294,316.557,216.146,0,0,0,1,0,0,0,-0.6465,-0.1262,-0.1508,-0.0065,0.0064,0.1
207,1,0,113.333,550.0,-1756.394,4365.3668,5075.322,96.36,96.97,141.91,283.054,164.247,76.139,0,0,0,1,0,0,0,-0.0865,-0.0494,-0.1508,-0.0831,-0.1,0.1
207,2,0,127.1359,550.0,-3271.9561,4216.3768,4406.4397,100.0,97.0,133.62,138.211,141.766,283.752,0,0,0,1,0,0,0,-0.4292,-0.2732,-0.0553,0.1452,-0.1,0.1
207,3,0,33.2676,550.0,6163.4633,847.7881,3032.0317,100.0,96.22,124.22,86.933,5.35,56.696,0,0,0,1,0,0,0,-0.9334,-0.1335,-0.1863,0.0733,0.3967,0.1
207,4,0,204.318,550.0,-6533.7603,-171.1258,-2276.1664,100.0,97.06,137.97,90.513,277.723,77.928,0,0,0,1,0,0,0,-0.7258,0.0245,-0.1413,-0.1423,-0.1,0.1
207,5,1,130.3888,550.0,-4145.1891,-3604.6662,4209.9916,100.0,97.06,139.79,270.81,60.445,35.092,0,0,0,1,0,0,0,-0.4867,-0.2289,-0.1151,0.0064,-0.0106,0.1
207,6,1,112.675,550.0,-4366.1825,-1680.8904,5100.1273,100.0,95.77,163.43,28.498,35.545,115.174,0,0,0,1,0,0,0,0.4831,0.1199,-0.1102,-0.3116,-0.1,0.1
207,7,1,54.4722,550.0,-2339.6645,4710.7415,4498.347,100.0,98.86,137.59,47.441,107.334,322.051,0,0,0,1,0,0,0,-0.6739,-0.1996,-0.1854,0.0606,0.2241,0.1
207,8,1,218.7474,550.0,1252.9469,-5861.9279,-3459.5037,100.0,96.88,139.22,244.007,5.183,73.816,0,0,0,1,0,0,0,-0.4867,-0.0003,-0.0702,-0.1931,-0.1,0.1
207,9,1,178.2956,550.0,-1760.3951,-6691.3544,164.3972,100.0,96.97,137.37,296.954,212.918,262.781,0,0,0,1,0,0,0,-0.5841,-0.1864,-0.1623,0.0517,-0.1,0.1
208,0,0,157.293,550.0,-5817.821,3082.3187,2133.6613,100.0,96.97,140.94,314.391,313.858,206.639,0,0,0,1,0,0,0,-0.8062,-0.0637,-0.2127,-0.0168,0.0005,0.1
208,1,0,113.9934,550.0,-1826.9056,4366.0844,5049.7489,98.5,96.97,142.34,283.539,162.379,66.139,0,0,0,1,0,0,0,0.1126,-0.081,-0.1166,-0.1096,-0.1,0.1
208,2,0,129.4144,550.0,-3501.3468,4171.9785,4270.2936,100.0,97.0,134.07,128.211,138.891,285.284,0,0,0,1,0,0,0,-0.429,-0.254,-0.0531,0.1537,-0.1,0.1
208,3,0,33.95,550.0,6129.9685,891.6527,3086.8564,100.0,96.22,124.66,80.148,1.123,46.877,0,0,0,1,0,0,0,-0.8808,-0.1661,-0.1715,0.0662,0.3978,0.1
208,4,0,205.439,550.0,-6496.2349,-248.9455,-2374.2788,100.0,97.06,138.4,80.689,277.475,69.203,0,0,0,1,0,0,0,-0.7224,0.026,-0.1424,-0.1475,-0.1,0.1
208,5,1,131.5792,550.0,-4120.0902,-3718.8065,4134.6797,100.0,97.06,140.22,266.31,56.582,25.111,0,0,0,1,0,0,0,-0.528,-0.1978,-0.1264,0.0053,-0.0057,0.1
208,6,1,112.0973,550.0,-4368.2878,-1609.3704,5121.3504,100.0,95.77,163.89,32.425,32.329,105.174,0,0,0,1,0,0,0,0.3205,0.1493,-0.1292,-0.296,-0.1,0.1
208,7,1,55.7115,550.0,-2413.5279,4606.496,4566.7624,100.0,98.86,138.04,37.441,107.258,316.021,0,0,0,1,0,0,0,-0.6104,-0.2333,-0.1713,0.054,0.1877,0.1
208,8,1,219.6183,550.0,1309.6662,-5810.5061,-3524.6325,100.0,96.88,139.64,234.008,3.317,68.324,0,0,0,1,0,0,0,-0.4837,0.0016,-0.0706,-0.197,-0.1,0.1
208,9,1,179.7257,550.0,-1667.8923,-6716.9693,26.463,100.0,96.97,137.81,294.173,210.373,254.444,0,0,0,1,0,0,0,-0.5825,-0.1873,-0.1609,0.0511,-0.1,0.1
209,0,0,158.7347,550.0,-5900.8083,3010.2931,2004.7039,100.0,96.97,141.37,306.456,311.052,197.123,0,0,0,1,0,0,0,-0.7978,-0.0637,-0.2127,-0.0192,-0.0059,0.1
209,1,0,114.6939,550.0,-1901.7264,4366.2627,5021.8949,100.0,96.97,142.77,283.98,160.453,56.139,0,0,0,1,0,0,0,0.1095,-0.0873,-0.1172,-0.103,-0.1,0.1
209,2,0,131.7119,550.0,-3727.2032,4121.0302,4126.1734,100.0,97.0,134.52,118.211,135.992,286.892,0,0,0,1,0,0,0,-0.4146,-0.2559,-0.0494,0.1502,-0.1,0.1
209,3,0,34.6599,550.0,6094.2714,937.5226,3143.4295,100.0,96.22,125.1,73.278,356.811,37.091,0,0,0,1,0,0,0,-0.8692,-0.1693,-0.1706,0.0659,0.3983,0.1
209,4,0,206.5371,550.0,-6457.2601,-325.0077,-2469.4944,100.0,97.06,138.83,70.88,277.155,60.401,0,0,0,1,0,0,0,-0.7188,0.0276,-0.1435,-0.1527,-0.1,0.1
209,5,1,132.7877,550.0,-4092.995,-3833.1864,4056.3919,100.0,97.06,140.65,261.71,52.656,15.131,0,0,0,1,0,0,0,-0.5145,-0.2013,-0.1243,0.0046,-0.0012,0.1
209,6,1,111.5601,550.0,-4369.8287,-1542.3535,5140.621,100.0,95.77,164.34,36.423,29.049,95.174,0,0,0,1,0,0,0,0.326,0.1421,-0.1262,-0.2908,-0.1,0.1
209,7,1,56.9717,550.0,-2487.8206,4498.4132,4634.1416,100.0,98.86,138.48,27.441,107.096,310.016,0,0,0,1,0,0,0,-0.5924,-0.2332,-0.171,0.0499,0.1518,0.1
209,8,1,220.475,550.0,1365.1676,-5758.7811,-3587.8961,100.0,96.88,140.07,224.01,1.415,62.73,0,0,0,1,0,0,0,-0.4808,0.0034,-0.071,-0.201,-0.1,0.1
209,9,1,181.1479,550.0,-1574.9646,-6738.5062,-110.7322,100.0,96.97,138.25,291.297,207.748,246.133,0,0,0,1,0,0,0,-0.581,-0.1882,-0.1594,0.0504,-0.1,0.1
210,0,0,160.181,550.0,-5980.5003,2936.2882,1874.0514,100.0,96.97,141.8,298.49,308.139,187.595,0,0,0,1,0,0,0,-0.7895,-0.0635,-0.2129,-0.0217,-0.0129,0.1
210,1,0,115.4341,550.0,-1980.7792,4365.8057,4991.6426,100.0,96.97,143.2,284.374,158.467,46.139,0,0,0,1,0,0,0,0.1077,-0.0935,-0.1174,-0.0971,-0.1,0.1
210,2,0,134.0275,550.0,-3948.9459,4063.4673,3974.2044,100.0,97.0,134.96,108.211,133.07,288.572,0,0,0,1,0,0,0,-0.4004,-0.2575,-0.0459,0.1466,-0.1,0.1
210,3,0,35.3977,550.0,6056.2559,985.4079,3201.7147,100.0,96.22,125.54,66.328,352.408,27.335,0,0,0,1,0,0,0,-0.8711,-0.1592,-0.1794,0.0595,0.3982,0.1
210,4,0,207.6115,550.0,-6417.0174,-399.2475,-2561.7826,100.0,97.06,139.26,61.085,276.762,51.52,0,0,0,1,0,0,0,-0.7152,0.0292,-0.1444,-0.1579,-0.1,0.1
210,5,1,134.0139,550.0,-4063.8494,-3947.6368,3975.1142,100.0,97.06,141.09,257.007,48.669,5.154,0,0,0,1,0,0,0,-0.5007,-0.2047,-0.1222,0.0037,0.0027,0.1
210,6,1,111.0635,550.0,-4370.9079,-1479.8923,5158.0349,100.0,95.77,164.8,40.488,25.707,85.174,0,0,0,1,0,0,0,0.3319,0.1347,-0.1231,-0.2854,-0.1,0.1
210,7,1,58.2532,550.0,-2562.4852,4386.3995,4700.3627,100.0,98.86,138.93,17.441,106.85,304.033,0,0,0,1,0,0,0,-0.5741,-0.2331,-0.1704,0.046,0.1162,0.1
210,8,1,221.3169,550.0,1419.4243,-5706.851,-3649.2914,100.0,96.88,140.5,214.015,359.478,57.035,0,0,0,1,0,0,0,-0.478,0.0053,-0.0712,-0.2049,-0.1,0.1
210,9,1,182.5614,550.0,-1481.7386,-6756.0101,-247.0206,100.0,96.97,138.69,288.326,205.044,237.847,0,0,0,1,0,0,0,-0.5795,-0.189,-0.1579,0.0496,-0.1,0.1
211,0,0,161.6312,550.0,-6056.77,2860.3731,1741.8507,100.0,96.97,142.23,290.505,305.114,178.059,0,0,0,1,0,0,0,-0.8185,-0.0358,-0.2258,-0.0183,-0.0204,0.1
211,1,0,116.214,550.0,-2063.9785,4364.612,4958.8704,100.0,96.97,143.64,284.705,156.425,36.139,0,0,0,1,0,0,0,0.1268,-0.1246,-0.1149,-0.1021,-0.1,0.1
211,2,0,136.3603,550.0,-4165.9917,3999.2486,3814.5466,100.0,97.0,135.4,98.211,130.146,290.306,0,0,0,1,0,0,0,-0.2669,-0.2725,-0.0045,0.1048,-0.1,0.1
211,3,0,36.1638,550.0,6015.8007,1035.3174,3261.6715,100.0,96.22,125.99,59.264,347.942,17.613,0,0,0,1,0,0,0,-0.6889,-0.229,-0.1281,0.0692,0.3975,0.1
211,4,0,208.6616,550.0,-6375.6876,-471.6047,-2651.12,100.0,97.06,139.71,51.321,276.271,42.562,0,0,0,1,0,0,0,-0.7873,0.0613,-0.1979,-0.156,-0.1,0.1
211,5,1,135.2573,550.0,-4032.6031,-4061.9848,3890.8395,100.0,97.06,141.52,252.218,44.606,355.193,0,0,0,1,0,0,0,-0.6686,-0.1722,-0.1522,0.0334,0.0061,0.1
211,6,1,110.6074,550.0,-4371.622,-1422.0327,5173.682,100.0,95.77,165.25,44.599,22.312,75.174,0,0,0,1,0,0,0,0.3782,0.0916,-0.1076,-0.27,-0.1,0.1
211,7,1,59.5565,550.0,-2637.4583,4270.3634,4765.2966,100.0,98.86,139.37,7.441,106.55,298.074,0,0,0,1,0,0,0,-0.4066,-0.2792,-0.1069,0.0468,0.081,0.1
211,8,1,222.1438,550.0,1472.4118,-5654.8132,-3708.8181,100.0,96.88,140.94,204.055,357.467,51.228,0,0,0,1,0,0,0,-0.6116,0.0699,-0.1479,-0.222,-0.1,0.1
211,9,1,183.9654,550.0,-1388.3412,-6769.5379,-382.2382,100.0,96.97,139.12,285.293,202.234,229.581,0,0,0,1,0,0,0,-0.7462,-0.1258,-0.2117,0.0407,-0.1,0.1
212,0,0,163.0844,550.0,-6129.4998,2782.623,1608.2546,100.0,96.97,142.66,282.503,301.976,168.512,0,0,0,1,0,0,0,-0.8115,-0.0352,-0.2262,-0.0207,-0.0285,0.1
212,1,0,117.0333,550.0,-2151.2308,4362.5745,4923.4532,100.0,96.97,144.07,284.972,154.325,26.139,0,0,0,1,0,0,0,0.1287,-0.1298,-0.114,-0.0987,-0.1,0.1
212,2,0,138.7092,550.0,-4377.757,3928.3573,3647.3954,100.0,97.0,135.84,88.211,127.204,292.092,0,0,0,1,0,0,0,-0.4053,-0.2857,-0.0337,0.1072,-0.1,0.1
212,3,0,36.9586,550.0,5972.7793,1087.2575,3323.2543,100.0,96.22,126.43,52.083,343.413,7.926,0,0,0,1,0,0,0,-0.6733,-0.2331,-0.1267,0.0692,0.3963,0.1
212,4,0,209.687,550.0,-6333.451,-542.0235,-2737.4897,100.0,97.06,140.15,41.588,275.681,33.523,0,0,0,1,0,0,0,-0.7822,0.062,-0.1983,-0.16,-0.1,0.1
212,5,1,136.5173,550.0,-3999.21,-4176.0543,3803.5682,100.0,97.06,141.96,247.368,40.45,345.246,0,0,0,1,0,0,0,-0.7569,-0.1214,-0.1868,0.0266,0.009,0.1
212,6,1,110.1922,550.0,-4372.0615,-1368.8153,5187.6453,99.17,95.77,164.49,48.752,18.864,65.174,0,0,0,1,0,1,0,0.3864,0.0834,-0.1045,-0.2641,-0.1,0.1
212,7,1,60.882,550.0,-2712.6699,4150.2162,4828.8061,100.0,98.86,139.81,357.441,106.198,292.136,0,0,0,1,0,0,0,-0.3876,-0.2788,-0.1045,0.0424,0.0462,0.1
212,8,1,222.9551,550.0,1524.1077,-5602.7645,-3766.4794,100.0,96.88,141.39,194.131,355.381,45.31,0,0,0,1,0,0,0,-0.6083,0.0712,-0.1479,-0.2249,-0.1,0.1
212,9,1,185.3589,550.0,-1294.8991,-6779.1584,-516.2255,100.0,96.97,139.56,282.196,199.319,221.335,0,0,0,1,0,0,0,-0.7457,-0.1264,-0.2104,0.04,-0.1,0.1
213,0,0,164.5398,550.0,-6198.5819,2703.1192,1473.421,100.0,96.97,143.09,274.484,298.724,158.954,0,0,0,1,0,0,0,-0.8046,-0.0345,-0.2266,-0.0233,-0.0371,0.1
213,1,0,117.8917,550.0,-2242.4333,4359.5808,4885.2625,100.0,96.97,144.51,285.172,152.169,16.139,0,0,0,1,0,0,0,0.1304,-0.1349,-0.113,-0.0954,-0.1,0.1
213,2,0,141.0733,550.0,-4583.6619,3850.8026,3472.982,100.0,97.0,136.28,78.211,124.248,293.931,0,0,0,1,0,0,0,-0.3955,-0.2859,-0.0312,0.1042,-0.1,0.1
213,3,0,37.7824,550.0,5927.0598,1141.2332,3386.4126,100.0,96.22,126.87,44.784,338.821,358.274,0,0,0,1,0,0,0,-0.6576,-0.2371,-0.1254,0.0692,0.3945,0.1
213,4,0,210.6871,550.0,-6290.4863,-610.4525,-2820.8811,100.0,97.06,140.59,31.886,274.991,24.402,0,0,0,1,0,0,0,-0.7771,0.0628,-0.1987,-0.1639,-0.1,0.1
213,5,1,137.7934,550.0,-3963.6281,-4289.6662,3713.3081,100.0,97.06,142.39,242.456,36.201,335.311,0,0,0,1,0,0,0,-0.7404,-0.1258,-0.1845,0.0261,0.0113,0.1
213,6,1,109.8178,550.0,-4372.3105,-1320.2749,5200.0015,98.31,95.77,163.75,52.978,15.362,55.174,0,0,0,1,0,1,0,0.2959,0.1473,-0.1089,-0.3264,-0.1,0.1
213,7,1,62.2301,550.0,-2788.0438,4025.8726,4890.7466,100.0,98.86,140.26,347.441,105.784,286.252,0,0,0,1,0,0,0,-0.4842,-0.2621,-0.1239,0.1057,0.0118,0.1
213,8,1,223.7506,550.0,1574.4916,-5550.8004,-3822.281,100.0,96.88,141.83,184.243,353.222,39.277,0,0,0,1,0,0,0,-0.6051,0.0723,-0.1477,-0.2278,-0.1,0.1
213,9,1,186.7412,550.0,-1201.5387,-6784.9516,-648.8279,100.0,96.97,140.0,279.036,196.3,213.108,0,0,0,1,0,0,0,-0.7453,-0.1269,-0.209,0.0392,-0.1,0.1
214,0,0,165.9965,550.0,-6263.9194,2621.9489,1337.5121,100.0,96.97,143.52,266.421,295.389,149.375,0,0,0,1,0,0,0,-0.3729,-0.0886,-0.1672,-0.0408,-0.0462,0.1
214,1,0,118.7891,550.0,-2337.4738,4355.5136,4844.1675,100.0,96.97,144.94,285.301,149.957,6.139,0,0,0,1,0,0,0,0.1318,-0.1399,-0.1118,-0.0921,-0.1,0.1
214,2,0,143.4513,550.0,-4783.1331,3766.6201,3291.5728,100.0,97.0,136.73,68.211,121.276,295.821,0,0,0,1,0,0,0,-0.3859,-0.2859,-0.0289,0.1011,-0.1,0.1
214,3,0,38.6356,550.0,5878.5049,1197.2464,3451.09,100.0,96.22,127.31,37.39,334.148,348.653,0,0,0,1,0,0,0,-0.7415,-0.1896,-0.1618,0.0643,0.3923,0.1
214,4,0,211.6613,550.0,-6246.9704,-676.8447,-2901.2899,100.0,97.06,141.03,22.216,274.202,15.198,0,0,0,1,0,0,0,-0.7719,0.0635,-0.1989,-0.1679,-0.1,0.1
214,5,1,139.0851,550.0,-3925.8203,-4402.6391,3620.0753,100.0,97.06,142.83,237.456,31.878,325.405,0,0,0,1,0,0,0,-0.7976,-0.1741,-0.1488,0.0575,0.0131,0.1
214,6,1,109.4843,550.0,-4372.4469,-1276.4418,5210.82,97.46,95.77,163.01,57.276,11.806,45.174,0,0,0,1,0,1,0,0.2937,0.1429,-0.1079,-0.3226,-0.1,0.1
214,7,1,63.6011,550.0,-2863.4968,3897.2514,4950.9655,100.0,98.86,140.71,337.441,105.309,280.417,0,0,0,1,0,0,0,-0.4649,-0.2622,-0.1215,0.1015,-0.0223,0.1
214,8,1,224.5299,550.0,1623.5451,-5499.0155,-3876.2316,100.0,96.88,142.28,174.392,350.989,33.128,0,0,0,1,0,0,0,-0.602,0.0734,-0.1475,-0.2307,-0.1,0.1
214,9,1,188.1114,550.0,-1108.3851,-6787.0086,-779.8962,100.0,96.97,140.44,275.813,193.177,204.901,0,0,0,1,0,0,0,-0.7448,-0.1274,-0.2076,0.0383,-0.1,0.1
215,0,0,167.4537,550.0,-6325.4259,2539.2047,1200.6946,100.0,96.97,143.95,258.311,291.971,139.775,0,0,0,1,0,0,0,-0.354,-0.0915,-0.1637,-0.0425,-0.0558,0.1
215,1,0,119.7251,550.0,-2436.2301,4350.2511,4800.0354,100.0,96.97,145.37,285.359,147.69,356.139,0,0,0,1,0,0,0,0.1329,-0.145,-0.1104,-0.0888,-0.1,0.1
215,2,0,145.8422,550.0,-4975.6086,3675.8727,3103.4691,100.0,97.0,137.16,58.211,118.333,297.711,0,0,0,1,0,0,0,-0.0973,-0.2699,0.0552,0.0017,-0.1,0.1
215,3,0,39.5187,550.0,5826.9722,1255.2969,3517.2242,100.0,96.22,127.76,29.899,329.394,339.065,0,0,0,1,0,0,0,-0.7248,-0.194,-0.1604,0.0644,0.3897,0.1
215,4,0,212.6251,550.0,-6202.3089,-742.363,-2980.0173,100.0,97.06,141.48,12.578,273.313,5.908,0,0,0,1,0,0,0,-0.7667,0.0642,-0.1989,-0.1718,-0.1,0.1
215,5,1,140.3916,550.0,-3885.7544,-4514.7897,3523.8939,100.0,97.06,143.27,232.369,27.481,315.528,0,0,0,1,0,0,0,-0.7901,-0.1759,-0.1483,0.0571,0.0144,0.1
215,6,1,109.1918,550.0,-4372.5418,-1237.3415,5220.1633,96.61,95.77,162.26,61.643,8.197,35.174,0,0,0,1,0,1,0,0.2912,0.1385,-0.1069,-0.3187,-0.1,0.1
215,7,1,64.9955,550.0,-2938.9385,3764.2761,5009.3021,100.0,98.86,141.16,327.441,104.774,274.632,0,0,0,1,0,0,0,-0.4456,-0.2624,-0.1188,0.0973,-0.0561,0.1
215,8,1,225.2926,550.0,1671.2517,-5447.5025,-3928.3425,100.0,96.88,142.72,164.578,348.683,26.864,0,0,0,1,0,0,0,-0.5989,0.0745,-0.1471,-0.2334,-0.1,0.1
215,9,1,189.4686,550.0,-1015.5622,-6785.4308,-909.2874,100.0,96.97,140.87,272.525,189.95,196.712,0,0,0,1,0,0,0,-0.7444,-0.1279,-0.2062,0.0373,-0.1,0.1
216,0,0,168.9106,550.0,-6383.0267,2454.9845,1063.138,100.0,96.97,144.38,250.099,288.529,130.131,0,0,0,1,0,0,0,0.0483,-0.2071,-0.0501,-0.0881,-0.0657,0.1
216,1,0,120.6995,550.0,-2538.5696,4343.6668,4752.7322,100.0,96.97,145.81,285.358,145.353,346.139,0,0,0,1,0,0,0,0.0849,-0.1161,-0.1396,-0.0739,-0.1,0.1
216,2,0,148.2447,550.0,-5160.5406,3578.651,2909.0065,100.0,97.0,137.59,48.211,115.417,299.6,0,0,0,1,0,0,0,-0.0903,-0.2693,0.0564,-0.0022,-0.1,0.1
216,3,0,40.4321,550.0,5772.314,1315.3808,3584.7462,100.0,96.22,128.2,22.309,324.562,329.509,0,0,0,1,0,0,0,-0.7079,-0.1985,-0.1589,0.0645,0.3866,0.1
216,4,0,213.578,550.0,-6156.593,-806.96,-3057.0278,100.0,97.06,141.92,2.972,272.325,356.53,0,0,0,1,0,0,0,-0.7641,0.064,-0.1987,-0.1738,-0.1,0.1
216,5,1,141.7125,550.0,-3843.4034,-4625.9335,3424.7965,100.0,97.06,143.7,227.192,23.01,305.679,0,0,0,1,0,0,0,-0.7826,-0.1777,-0.1479,0.0566,0.0151,0.1
216,6,1,108.9404,550.0,-4372.66,-1202.9955,5228.0863,95.75,95.77,161.52,66.078,4.534,25.174,0,0,0,1,0,1,0,0.2885,0.1341,-0.1061,-0.3148,-0.1,0.1
216,7,1,66.4136,550.0,-3014.2712,3626.8757,5065.588,100.0,98.86,141.61,317.441,104.182,268.893,0,0,0,1,0,0,0,-0.4266,-0.2625,-0.1158,0.093,-0.0895,0.1
216,8,1,226.0385,550.0,1717.5968,-5396.3531,-3978.6273,100.0,96.88,143.17,154.801,346.303,20.48,0,0,0,1,0,0,1,-0.5958,0.0755,-0.1465,-0.2366,-0.1,0.1
216,9,1,190.812,550.0,-923.192,-6780.3296,-1036.8648,100.0,96.97,141.31,269.173,186.622,188.542,0,0,0,1,0,0,0,-0.7433,-0.1279,-0.2049,0.0357,-0.1,0.1
217,0,0,170.3661,550.0,-6436.6588,2369.3908,925.0147,100.0,96.97,144.82,241.782,285.063,120.441,0,0,0,1,0,0,0,0.0564,-0.2081,-0.0473,-0.0918,-0.0758,0.1
217,1,0,121.7121,550.0,-2644.3488,4335.6307,4702.1237,100.0,96.97,146.24,285.296,142.947,336.139,0,0,0,1,0,0,0,0.0877,-0.1221,-0.138,-0.0702,-0.1,0.1
217,2,0,150.6576,550.0,-5337.4002,3475.0738,2708.5535,100.0,97.0,138.02,38.211,112.53,301.487,0,0,0,1,0,0,0,-0.0832,-0.2687,0.0575,-0.0061,-0.1,0.1
217,3,0,41.3761,550.0,5714.3776,1377.4911,3653.5801,100.0,96.22,128.64,14.617,319.65,319.986,0,0,0,1,0,0,0,-0.6906,-0.2031,-0.1574,0.0647,0.3832,0.1
217,4,0,214.5196,550.0,-6109.9159,-870.5903,-3132.2901,100.0,97.06,142.37,353.406,271.227,347.072,0,0,0,1,0,0,0,-0.7741,0.0799,-0.2196,-0.1621,-0.1,0.1
217,5,1,143.047,550.0,-3798.746,-4735.8854,3322.8239,100.0,97.06,144.14,221.926,18.465,295.858,0,0,0,1,0,0,0,-0.7753,-0.1793,-0.1475,0.056,0.0153,0.1
217,6,1,108.7301,550.0,-4372.8596,-1173.4215,5234.6367,94.91,95.77,160.77,70.577,0.819,15.174,0,0,0,1,0,1,0,0.2856,0.1297,-0.1054,-0.3108,-0.1,0.1
217,7,1,67.8558,550.0,-3089.3899,3484.9858,5119.647,100.0,98.86,142.05,307.441,103.533,263.198,0,0,0,1,0,0,0,-0.4077,-0.2627,-0.1126,0.0887,-0.1,0.1
217,8,1,226.7672,550.0,1762.5673,-5345.6568,-4027.102,100.0,96.88,143.6,144.988,343.921,13.96,0,0,0,1,0,0,1,-0.2909,-0.0735,-0.0049,-0.275,-0.1,0.1
217,9,1,192.1409,550.0,-831.3943,-6771.8256,-1162.4984,100.0,96.97,141.75,265.758,183.191,180.388,0,0,0,1,0,0,0,-0.7421,-0.1279,-0.2036,0.0339,-0.1,0.1
218,0,0,171.8195,550.0,-6486.2711,2282.5309,786.4991,100.0,96.97,145.25,233.36,281.575,110.704,0,0,0,1,0,0,0,0.0643,-0.209,-0.0445,-0.0955,-0.086,0.1
218,1,0,122.7464,550.0,-2751.6816,4326.2129,4648.9108,100.0,96.97,146.67,285.169,140.473,326.139,0,0,0,1,0,0,0,0.0902,-0.1281,-0.1363,-0.0666,-0.1,0.1
218,2,0,153.0797,550.0,-5505.681,3365.2876,2502.5103,100.0,97.0,138.46,28.211,109.67,303.351,0,0,0,1,0,0,0,0.1008,-0.2496,0.0521,-0.0443,-0.1,0.1
218,3,0,42.3513,550.0,5653.0053,1441.6169,3723.6424,100.0,96.22,129.08,6.821,314.661,310.495,0,0,0,1,0,0,0,-0.6732,-0.2078,-0.1558,0.0649,0.3802,0.1
218,4,0,215.4494,550.0,-6062.3721,-933.211,-3205.7764,100.0,97.06,142.81,343.882,270.011,337.563,0,0,0,1,0,0,0,-0.8533,0.0837,-0.2354,-0.1018,-0.1,0.1
218,5,1,144.3946,550.0,-3751.7668,-4844.4603,3218.026,100.0,97.06,144.58,216.57,13.847,286.065,0,0,0,1,0,0,0,-0.7682,-0.1807,-0.1472,0.0554,0.0149,0.1
218,6,1,108.5609,550.0,-4373.192,-1148.6335,5239.8544,94.06,95.77,160.03,75.143,357.072,5.174,0,0,0,1,0,1,0,0.5492,0.1351,-0.0644,-0.3408,-0.1,0.1
218,7,1,69.3224,550.0,-3164.1815,3338.5487,5171.2947,100.0,98.86,142.5,297.441,102.83,257.546,0,0,0,1,0,0,0,-0.3889,-0.2629,-0.1091,0.0843,-0.1,0.1
218,8,1,227.4784,550.0,1806.1522,-5295.5014,-4073.7845,100.0,96.88,144.04,135.139,341.537,7.3,0,0,0,1,0,0,1,-0.2919,-0.0714,-0.005,-0.2786,-0.1,0.1
218,9,1,193.4545,550.0,-740.2863,-6760.0483,-1286.0656,100.0,96.97,142.18,262.278,179.659,172.25,0,0,0,1,0,0,0,-0.741,-0.1278,-0.2022,0.0321,-0.1,0.1
219,0,0,173.2699,550.0,-6531.8251,2194.5158,647.7667,100.0,96.97,145.69,224.834,278.066,100.916,0,0,0,1,0,0,0,0.0721,-0.2099,-0.0417,-0.0994,-0.0964,0.1
219,1,0,123.8021,550.0,-2860.445,4315.3384,4593.0328,100.0,96.97,147.11,284.977,137.932,316.139,0,0,0,1,0,0,0,0.0949,-0.1322,-0.1348,-0.0648,-0.1,0.1
219,2,0,155.5097,550.0,-5664.9024,3249.4668,2291.3068,100.0,97.0,138.89,18.211,106.837,305.19,0,0,0,1,0,0,0,0.1063,-0.2491,0.0549,-0.0485,-0.1,0.1
219,3,0,43.3581,550.0,5588.0345,1507.7428,3794.8416,100.0,96.22,129.53,358.919,309.594,301.036,0,0,0,1,0,0,0,-0.6575,-0.2126,-0.1544,0.0657,0.3778,0.1
219,4,0,216.3669,550.0,-6014.0574,-994.781,-3277.4633,100.0,97.06,143.25,334.399,268.678,328.002,0,0,0,1,0,0,0,-0.8506,0.0834,-0.2348,-0.1039,-0.1,0.1
219,5,1,145.7545,550.0,-3702.4562,-4951.4736,3110.4611,100.0,97.06,145.02,211.122,9.155,276.3,0,0,0,1,0,0,0,-0.7619,-0.1825,-0.1468,0.0551,0.014,0.1
219,6,1,108.433,550.0,-4373.7017,-1128.6424,5243.7716,93.2,95.77,159.28,79.782,353.286,355.174,0,0,0,1,0,1,0,0.5198,0.1447,-0.0774,-0.3428,-0.1,0.1
219,7,1,70.8137,550.0,-3238.5251,3187.5152,5220.3394,100.0,98.86,142.94,287.441,102.075,251.934,0,0,0,1,0,0,0,-0.372,-0.2631,-0.1053,0.0805,-0.1,0.1
219,8,1,228.1718,550.0,1848.3415,-5245.9727,-4118.6946,100.0,96.88,144.48,125.256,339.15,0.499,0,0,0,1,0,0,1,-0.293,-0.0694,-0.0049,-0.2822,-0.1,0.1
219,9,1,194.7519,550.0,-649.9823,-6745.135,-1407.4508,100.0,96.97,142.62,258.735,176.027,164.127,0,0,0,1,0,0,0,-0.7398,-0.1277,-0.2008,0.0302,-0.1,0.1
220,0,0,174.7164,550.0,-6573.2946,2105.4605,508.9938,100.0,96.97,146.12,216.202,274.538,91.077,0,0,0,1,0,0,0,0.0798,-0.2107,-0.0388,-0.1032,-0.1,0.1
220,1,0,124.879,550.0,-2970.5105,4302.9327,4534.4325,100.0,96.97,147.54,284.717,135.324,306.139,0,0,0,1,0,0,0,0.0995,-0.1363,-0.1331,-0.063,-0.1,0.1
220,2,0,157.9461,550.0,-5814.6141,3127.8133,2075.4007,100.0,97.0,139.33,8.211,104.032,307.004,0,0,0,1,0,0,0,0.1119,-0.2487,0.0578,-0.0528,-0.1,0.1
220,3,0,44.3809,550.0,5520.3976,1574.7041,3865.9744,100.0,96.22,129.98,350.92,304.449,291.645,0,0,0,1,0,0,0,-0.7629,-0.1939,-0.1576,0.1326,0.3751,0.1
220,4,0,217.2716,550.0,-5965.0683,-1055.2619,-3347.3308,100.0,97.06,143.69,324.959,267.228,318.387,0,0,0,1,0,0,0,-0.848,0.0831,-0.2341,-0.1061,-0.1,0.1
220,5,1,147.1262,550.0,-3650.8111,-5056.7422,3000.1963,100.0,97.06,145.46,205.583,4.39,266.562,0,0,0,1,0,0,0,-0.7559,-0.1842,-0.1464,0.0549,0.0125,0.1
220,6,1,108.3462,550.0,-4374.4267,-1113.4557,5246.4129,92.34,95.77,158.54,84.508,349.446,345.174,0,0,0,1,0,1,0,0.4494,0.1737,-0.1065,-0.33,-0.1,0.1
220,7,1,72.3301,550.0,-3312.2917,3031.8447,5266.5817,100.0,98.86,143.39,277.441,101.268,246.36,0,0,0,1,0,0,0,-0.3553,-0.2633,-0.1012,0.0766,-0.1,0.1
220,8,1,228.8471,550.0,1889.1271,-5197.1542,-4161.854,100.0,96.88,144.91,115.338,336.76,353.555,0,0,0,1,0,0,1,-0.294,-0.0674,-0.0048,-0.2857,-0.1,0.1
220,9,1,196.0324,550.0,-560.5932,-6727.2307,-1526.5464,100.0,96.97,143.05,255.128,172.295,156.019,0,0,0,1,0,0,0,-0.7386,-0.1276,-0.1994,0.0282,-0.1,0.1
221,0,0,176.1581,550.0,-6610.6661,2015.4829,370.3563,100.0,96.97,146.56,207.465,270.992,81.185,0,0,0,1,0,0,0,0.0874,-0.2114,-0.036,-0.1072,-0.1,0.1
221,1,0,125.9765,550.0,-3081.7437,4288.9226,4473.0571,100.0,96.97,147.97,284.386,132.65,296.139,0,0,0,1,0,0,0,0.1038,-0.1404,-0.1312,-0.0612,-0.1,0.1
221,2,0,160.3877,550.0,-5954.3987,3000.5552,1855.275,100.0,97.0,139.77,358.211,101.258,308.788,0,0,0,1,0,0,0,0.1175,-0.2482,0.0607,-0.0571,-0.1,0.1
221,3,0,45.4202,550.0,5450.0042,1642.4961,3936.9914,100.0,96.22,130.42,342.823,299.226,282.318,0,0,0,1,0,0,0,-0.7483,-0.1972,-0.1556,0.1315,0.3722,0.1
221,4,0,218.1631,550.0,-5915.5021,-1114.6173,-3415.363,100.0,97.06,144.14,315.559,265.662,308.719,0,0,0,1,0,0,0,-0.8454,0.0828,-0.2332,-0.1083,-0.1,0.1
221,5,1,148.5089,550.0,-3596.8347,-5160.085,2887.3075,100.0,97.06,145.9,199.95,359.552,256.851,0,0,0,1,0,0,0,-0.7499,-0.1858,-0.1461,0.0545,0.0105,0.1
221,6,1,108.3006,550.0,-4375.3981,-1103.0785,5247.7948,91.49,95.77,157.8,89.316,345.527,335.174,0,0,0,1,0,1,0,0.1459,0.1641,-0.1603,-0.2573,-0.1,0.1
221,7,1,73.8718,550.0,-3385.3441,2871.5067,5309.815,100.0,98.86,143.83,267.441,100.413,240.822,0,0,0,1,0,0,0,-0.3388,-0.2636,-0.097,0.0732,-0.1,0.1
221,8,1,229.504,550.0,1928.502,-5149.1272,-4203.2856,100.0,96.88,145.35,105.412,334.353,346.462,0,0,0,1,0,0,1,-0.3792,-0.0188,-0.0356,-0.297,-0.1,0.1
221,9,1,197.2952,550.0,-472.2266,-6706.4867,-1643.2525,100.0,96.97,143.49,251.5,168.429,147.939,0,0,0,1,0,0,0,-1.0,-0.0409,-0.2697,0.0581,-0.1,0.1
222,0,0,177.5941,550.0,-6643.9385,1924.7038,232.0293,100.0,96.97,146.99,198.621,267.429,71.237,0,0,0,1,0,0,0,0.0948,-0.2121,-0.0332,-0.1112,-0.1,0.1
222,1,0,127.0944,550.0,-3194.0047,4273.2359,4408.8581,100.0,96.97,148.41,283.983,129.912,286.139,0,0,0,1,0,0,0,0.1079,-0.1446,-0.1291,-0.0594,-0.1,0.1
222,2,0,162.8331,550.0,-6083.8757,2867.9464,1631.4353,100.0,97.0,140.2,348.211,98.506,310.574,0,0,0,1,0,0,0,0.037,-0.2423,0.0443,0.0019,-0.1,0.1
222,3,0,46.4764,550.0,5376.7626,1711.1109,4007.8379,100.0,96.22,130.87,334.625,293.926,273.057,0,0,0,1,0,0,0,-0.7334,-0.2005,-0.1535,0.1303,0.3691,0.1
222,4,0,219.041,550.0,-5865.4564,-1172.8131,-3481.5474,100.0,97.06,144.58,306.201,263.979,298.995,0,0,0,1,0,0,0,-0.8429,0.0824,-0.2323,-0.1105,-0.1,0.1
222,5,1,149.9018,550.0,-3540.5369,-5261.3235,2771.8791,100.0,97.06,146.33,194.232,354.636,247.164,0,0,0,1,0,0,0,-0.7606,-0.1714,-0.1561,0.0479,0.0079,0.1
222,6,1,108.2963,550.0,-4376.6401,-1097.5125,5247.9261,90.63,95.77,157.06,94.203,341.527,325.174,0,0,0,1,0,1,0,0.1422,0.16,-0.1598,-0.2531,-0.1,0.1
222,7,1,75.4392,550.0,-3457.5369,2706.4817,5349.8259,99.17,98.86,143.07,257.441,99.512,235.32,0,0,0,1,0,1,0,-0.3226,-0.2638,-0.0927,0.0697,-0.1,0.1
222,8,1,230.1423,550.0,1966.4607,-5101.9708,-4243.0139,100.0,96.88,145.78,95.476,331.928,339.219,0,0,0,1,0,0,1,-0.3796,-0.0172,-0.0352,-0.3003,-0.1,0.1
222,9,1,198.5396,550.0,-384.9863,-6683.0608,-1757.477,100.0,96.97,143.93,247.852,164.428,139.888,0,0,0,1,0,0,0,-1.0,-0.0407,-0.2686,0.0562,-0.1,0.1
223,0,0,179.0236,550.0,-6673.1236,1833.2462,94.1865,100.0,96.97,147.43,189.672,263.851,61.237,0,0,0,1,0,0,0,0.1022,-0.2128,-0.0304,-0.1152,-0.1,0.1
223,1,0,128.2322,550.0,-3307.148,4255.8024,4341.7921,100.0,96.97,148.84,283.506,127.11,276.139,0,0,0,1,0,0,0,0.1118,-0.1487,-0.1268,-0.0575,-0.1,0.1
223,2,0,165.2807,550.0,-6202.7039,2730.2649,1404.4069,100.0,97.0,140.64,338.211,95.737,312.42,0,0,0,1,0,0,0,-0.3103,-0.265,-0.0345,0.1202,-0.1,0.1
223,3,0,47.55,550.0,5300.5791,1780.5373,4078.4542,100.0,96.22,131.32,326.325,288.55,263.861,0,0,0,1,0,0,0,-0.7183,-0.2039,-0.1515,0.1292,0.3659,0.1
223,4,0,219.9048,550.0,-5815.0288,-1229.8174,-3545.8751,100.0,97.06,145.02,296.884,262.181,289.216,0,0,0,1,0,0,0,-0.8405,0.082,-0.2313,-0.1127,-0.1,0.1
223,5,1,151.3043,550.0,-3481.9344,-5360.2831,2654.0043,100.0,97.06,146.77,188.427,349.642,237.5,0,0,0,1,0,0,0,-0.7551,-0.1726,-0.1559,0.0474,0.0047,0.1
223,6,1,108.3332,550.0,-4378.1702,-1096.7572,5246.8076,89.78,95.77,156.32,99.169,337.448,315.174,0,0,0,1,0,1,0,0.1386,0.1558,-0.1594,-0.249,-0.0806,0.1
223,7,1,77.0325,550.0,-3528.716,2536.7622,5386.3942,98.38,98.86,142.3,247.441,98.621,229.789,0,0,0,1,0,1,0,0.0124,-0.2206,0.0206,-0.0575,-0.1,0.1
223,8,1,230.7618,550.0,2002.9987,-5055.7615,-4281.0644,100.0,96.88,146.22,85.533,329.486,331.825,0,0,0,1,0,0,1,-0.3799,-0.0157,-0.0347,-0.3034,-0.1,0.1
223,9,1,199.7649,550.0,-298.9719,-6657.1156,-1869.136,100.0,96.97,144.36,244.184,160.293,131.864,0,0,0,1,0,0,0,-1.0,-0.0405,-0.2675,0.0542,-0.1,0.1
224,0,0,180.4457,550.0,-6698.2455,1741.235,-43.0007,100.0,96.97,147.87,180.615,260.259,51.237,0,0,0,1,0,0,0,0.1095,-0.2134,-0.0276,-0.1194,-0.1,0.1
224,1,0,129.3894,550.0,-3421.0232,4236.5537,4271.8209,100.0,96.97,149.27,282.953,124.246,266.139,0,0,0,1,0,0,0,0.1154,-0.1529,-0.1244,-0.0557,-0.1,0.1
224,2,0,167.7293,550.0,-6310.5845,2587.8119,1174.7317,100.0,97.0,141.09,328.211,92.901,314.35,0,0,0,1,0,0,0,-0.6973,-0.1865,-0.1352,0.1688,-0.1,0.1
224,3,0,48.6415,550.0,5221.3591,1850.7608,4148.7751,100.0,96.22,131.77,317.922,283.1,254.729,0,0,0,1,0,0,0,-0.703,-0.2073,-0.1494,0.128,0.3626,0.1
224,4,0,220.7542,550.0,-5764.3169,-1285.6005,-3608.3407,100.0,97.06,145.46,287.607,260.267,279.378,0,0,0,1,0,0,0,-0.8381,0.0816,-0.2302,-0.1149,-0.1,0.1
224,5,1,152.7156,550.0,-3421.0507,-5456.793,2533.7844,100.0,97.06,147.21,182.535,344.57,227.861,0,0,0,1,0,0,0,-0.7498,-0.1738,-0.1558,0.0469,0.001,0.1
224,6,1,108.4113,550.0,-4379.9988,-1100.8091,5244.4323,88.93,95.77,155.57,104.211,333.29,305.174,0,0,0,1,0,1,0,0.135,0.1516,-0.159,-0.2449,-0.0539,0.1
224,7,1,78.6518,550.0,-3598.7192,2362.3536,5419.2939,97.57,98.86,141.53,237.441,97.742,224.228,0,0,0,1,0,1,0,0.0188,-0.22,0.0227,-0.0583,-0.1,0.1
224,8,1,231.3622,550.0,2038.1126,-5010.5732,-4317.4638,100.0,96.88,146.65,75.583,327.027,324.278,0,0,0,1,0,0,1,-0.3803,-0.0144,-0.034,-0.3065,-0.1,0.1
224,9,1,200.9703,550.0,-214.2792,-6628.8185,-1978.1535,100.0,96.97,144.8,240.496,156.025,123.866,0,0,0,1,0,0,0,-1.0,-0.0404,-0.2663,0.0522,-0.1,0.1
225,0,0,181.8596,550.0,-6719.3408,1648.7961,-179.3638,100.0,96.97,148.3,171.451,256.655,41.237,0,0,0,1,0,0,0,0.1183,-0.2142,-0.0242,-0.1237,-0.1,0.1
225,1,0,130.5658,550.0,-3535.4747,4215.4237,4198.9121,100.0,96.97,149.71,282.349,121.281,256.139,0,0,0,1,0,0,0,-0.352,-0.0991,-0.2024,-0.0336,-0.1,0.1
225,2,0,170.1773,550.0,-6407.2631,2440.9092,942.9647,100.0,97.0,141.54,318.211,89.998,316.364,0,0,0,1,0,0,0,-0.6896,-0.1874,-0.1324,0.1672,-0.1,0.1
225,3,0,49.7512,550.0,5139.0065,1921.7631,4218.7296,100.0,96.22,132.22,309.413,277.576,245.66,0,0,0,1,0,0,0,-0.6876,-0.2107,-0.1473,0.1269,0.3593,0.1
225,4,0,221.5887,550.0,-5713.4177,-1340.1351,-3668.9422,100.0,97.06,145.91,278.371,258.239,269.482,0,0,0,1,0,0,0,-0.8358,0.0812,-0.229,-0.1172,-0.1,0.1
225,5,1,154.1349,550.0,-3357.9162,-5550.6876,2411.329,100.0,97.06,147.65,176.556,339.42,218.244,0,0,0,1,0,0,0,-0.7446,-0.1748,-0.1557,0.0463,-0.0033,0.1
225,6,1,108.5306,550.0,-4382.1298,-1109.6623,5240.7852,88.08,95.77,154.83,109.326,329.052,295.174,0,0,0,1,0,1,0,0.1313,0.1473,-0.1586,-0.2408,-0.0279,0.1
225,7,1,80.2975,550.0,-3667.3761,2183.2756,5448.2934,96.78,98.86,140.76,227.441,96.822,218.651,0,0,0,1,0,1,0,-0.2517,-0.1449,-0.0808,-0.0334,-0.1,0.1
225,8,1,231.9432,550.0,2071.8,-4966.4774,-4352.2394,100.0,96.88,147.09,65.626,324.551,316.575,0,0,0,1,0,0,1,-0.3805,-0.0131,-0.0332,-0.3095,-0.1,0.1
225,9,1,202.1552,550.0,-130.9992,-6598.3407,-2084.4616,100.0,96.97,145.24,236.787,151.625,115.892,0,0,0,1,0,0,0,-1.0,-0.0402,-0.2651,0.0501,-0.1,0.1
226,0,0,183.2643,550.0,-6736.4582,1556.0567,-314.7378,100.0,96.97,148.74,162.18,253.04,31.237,0,0,0,1,0,0,0,0.1269,-0.2149,-0.0208,-0.1281,-0.1,0.1
226,1,0,131.7607,550.0,-3650.342,4192.3491,4123.0394,100.0,96.97,150.14,281.694,118.216,246.139,0,0,0,1,0,0,0,-0.3501,-0.1035,-0.2012,-0.0305,-0.1,0.1
226,2,0,172.6233,550.0,-6492.5322,2289.8983,709.6708,100.0,97.0,141.98,308.211,87.03,318.461,0,0,0,1,0,0,0,-0.6821,-0.1883,-0.1296,0.1655,-0.1,0.1
226,3,0,50.8796,550.0,5053.4246,1993.522,4288.241,100.0,96.22,132.67,300.797,271.979,236.653,0,0,0,1,0,0,0,-0.6719,-0.2143,-0.1452,0.1258,0.3559,0.1
226,4,0,222.408,550.0,-5662.4278,-1393.3957,-3727.6804,100.0,97.06,146.35,269.176,256.097,259.526,0,0,0,1,0,0,0,-0.8335,0.0808,-0.2277,-0.1194,-0.1,0.1
226,5,1,155.5615,550.0,-3292.5681,-5641.8069,2286.7556,100.0,97.06,148.08,170.49,334.192,208.65,0,0,0,1,0,0,0,-0.7396,-0.1757,-0.1557,0.0457,-0.0081,0.1
226,6,1,108.6911,550.0,-4384.5597,-1123.308,5235.8434,87.24,95.77,154.08,114.501,324.738,285.174,0,0,0,1,0,1,0,-0.0569,0.1201,-0.1513,-0.2259,-0.0026,0.1
226,7,1,81.9696,550.0,-3734.5079,1999.563,5473.1563,95.99,98.86,139.98,217.441,95.863,213.057,0,0,0,1,0,1,0,-0.2444,-0.1464,-0.0778,-0.0336,-0.1,0.1
226,8,1,232.5046,550.0,2104.0594,-4923.5429,-4385.4191,100.0,96.88,147.52,55.663,322.059,308.717,0,0,0,1,0,0,1,-0.3807,-0.012,-0.0322,-0.3124,-0.1,0.1
226,9,1,203.319,550.0,-49.219,-6565.8566,-2188.0003,100.0,96.97,145.67,233.059,147.093,107.943,0,0,0,1,0,0,0,-1.0,-0.0401,-0.2638,0.0481,-0.1,0.1
227,0,0,184.659,550.0,-6749.6581,1463.1439,-448.9617,100.0,96.97,149.17,152.801,249.417,21.237,0,0,0,1,0,0,0,0.1355,-0.2156,-0.0174,-0.1326,-0.1,0.1
227,1,0,132.9737,550.0,-3765.4603,4167.2695,4044.1829,100.0,96.97,150.57,280.985,115.05,236.139,0,0,0,1,0,0,0,-0.3486,-0.108,-0.1999,-0.0273,-0.1,0.1
227,2,0,175.0658,550.0,-6566.2321,2135.1375,475.4207,100.0,97.0,142.43,298.211,83.999,320.64,0,0,0,1,0,0,0,-0.6749,-0.1891,-0.1268,0.1637,-0.1,0.1
227,3,0,52.0271,550.0,4964.516,2066.0111,4357.2263,100.0,96.22,133.12,292.072,266.311,227.71,0,0,0,1,0,0,0,-0.6562,-0.2179,-0.1431,0.1246,0.3527,0.1
227,4,0,223.2117,550.0,-5611.4426,-1445.3591,-3784.5594,100.0,97.06,146.79,260.021,253.843,249.526,0,0,0,1,0,0,0,-0.8313,0.0804,-0.2263,-0.1217,-0.1,0.1
227,5,1,156.9946,550.0,-3225.0508,-5729.9975,2160.1891,100.0,97.06,148.52,164.335,328.887,199.079,0,0,0,1,0,0,0,-0.7347,-0.1765,-0.1556,0.045,-0.0135,0.1
227,6,1,108.8928,550.0,-4387.2787,-1141.7346,5229.5763,86.4,95.77,153.33,119.734,320.349,275.174,0,0,0,1,0,1,0,-0.0637,0.1156,-0.1511,-0.2214,0.022,0.1
227,7,1,83.6685,550.0,-3799.9279,1811.267,5493.6418,95.2,98.86,139.21,207.441,94.867,207.446,0,0,0,1,0,1,0,-0.237,-0.1481,-0.0746,-0.0336,-0.1,0.1
227,8,1,233.0463,550.0,2134.8898,-4881.8357,-4417.0315,100.0,96.88,147.96,45.695,319.552,300.701,0,0,0,1,0,0,1,-0.3808,-0.011,-0.0312,-0.3151,-0.1,0.1
227,9,1,204.4608,550.0,30.9792,-6531.5429,-2288.7176,100.0,96.97,146.11,229.31,142.429,100.017,0,0,0,1,0,0,0,-1.0,-0.04,-0.2624,0.0459,-0.1,0.1
228,0,0,186.0429,550.0,-6759.0125,1370.1851,-581.8795,100.0,96.97,149.61,143.314,245.787,11.237,0,0,0,1,0,0,0,0.144,-0.2162,-0.014,-0.1371,-0.1,0.1
228,1,0,134.2043,550.0,-3880.6606,4140.1279,3962.3296,100.0,96.97,151.01,280.235,111.763,226.145,0,0,0,1,0,0,0,-0.8785,-0.0833,-0.2437,0.0132,-0.1,0.1
228,2,0,177.5032,550.0,-6628.2526,1977.0002,240.7876,100.0,97.0,142.88,288.211,80.906,322.899,0,0,0,1,0,0,0,-0.668,-0.1897,-0.1241,0.1617,-0.1,0.1
228,3,0,53.1943,550.0,4872.1827,2139.1995,4425.5962,100.0,96.22,133.56,283.236,260.572,218.828,0,0,0,1,0,0,0,-0.6402,-0.2215,-0.141,0.1235,0.3495,0.1
228,4,0,223.9994,550.0,-5560.5568,-1496.0041,-3839.586,100.0,97.06,147.24,250.905,251.475,239.526,0,0,0,1,0,0,0,-0.829,0.0799,-0.2247,-0.1241,-0.1,0.1
228,5,1,158.4334,550.0,-3155.4154,-5815.113,2031.7618,100.0,97.06,148.96,158.072,323.51,189.523,0,0,0,1,0,0,0,-0.4608,-0.2144,-0.1424,0.0309,-0.0195,0.1
228,6,1,109.1356,550.0,-4390.2697,-1164.9278,5221.9456,85.57,95.77,152.57,125.023,315.885,265.174,0,0,0,1,0,1,0,-0.0708,0.1111,-0.151,-0.2169,0.046,0.1
228,7,1,85.3941,550.0,-3863.4415,1618.4564,5509.5063,94.41,98.86,138.44,197.441,93.835,201.819,0,0,0,1,0,1,0,-0.2296,-0.1498,-0.0713,-0.0336,-0.1,0.1
228,8,1,233.5681,550.0,2164.2912,-4841.4192,-4447.1052,100.0,96.88,148.4,35.721,317.029,292.526,0,0,0,1,0,0,1,-0.3809,-0.0101,-0.03,-0.3178,-0.1,0.1
228,9,1,205.5802,550.0,109.5178,-6495.5782,-2386.5688,100.0,96.97,146.54,225.541,137.635,92.113,0,0,0,1,0,0,0,-1.0,-0.04,-0.261,0.0437,-0.1,0.1
229,0,0,187.4151,550.0,-6764.6045,1277.3068,-713.3401,100.0,96.97,150.05,133.719,242.152,1.237,0,0,0,1,0,0,0,0.1524,-0.2168,-0.0106,-0.1416,-0.1,0.1
229,1,0,135.452,550.0,-3995.7701,4110.871,3877.4736,100.0,96.97,151.44,279.441,108.354,216.16,0,0,0,1,0,0,0,-0.8748,-0.0865,-0.2422,0.0158,-0.099,0.1
229,2,0,179.9342,550.0,-6678.5335,1815.8722,6.3436,100.0,97.0,143.33,278.211,77.752,325.238,0,0,0,1,0,0,0,-0.6614,-0.1903,-0.1214,0.1596,-0.1,0.1
229,3,0,54.3814,550.0,4776.3273,2213.0516,4493.2551,100.0,96.22,134.01,274.288,254.764,210.007,0,0,0,1,0,0,0,-0.6242,-0.2252,-0.1388,0.1224,0.3465,0.1
229,4,0,224.7709,550.0,-5509.8636,-1545.3114,-3892.7698,100.0,97.06,147.68,241.83,248.997,229.526,0,0,0,1,0,0,0,-0.8262,0.0794,-0.2229,-0.1267,-0.1,0.1
229,5,1,159.877,550.0,-3083.7197,-5897.0147,1901.6127,100.0,97.06,149.4,151.701,318.064,179.983,0,0,0,1,0,0,0,-0.4483,-0.2178,-0.1395,0.0302,-0.0259,0.1
229,6,1,109.4194,550.0,-4393.5088,-1192.8702,5212.9054,84.75,95.77,151.81,130.326,311.386,255.174,0,0,0,1,0,1,0,0.2824,0.0285,-0.069,-0.2676,0.0692,0.1
229,7,1,87.1466,550.0,-3924.8469,1421.2182,5520.5033,93.62,98.86,137.66,187.441,92.769,196.175,0,0,0,1,0,1,0,-0.2221,-0.1517,-0.0678,-0.0334,-0.1,0.1
229,8,1,234.0696,550.0,2192.264,-4802.3539,-4475.6693,100.0,96.88,148.83,25.743,314.493,284.19,0,0,0,1,0,0,1,-0.3809,-0.0093,-0.0286,-0.3204,-0.1,0.1
229,9,1,206.6765,550.0,186.3235,-6458.142,-2481.5171,100.0,96.97,146.97,221.753,132.712,84.229,0,0,0,1,0,0,0,-1.0,-0.0399,-0.2595,0.0415,-0.1,0.1
230,0,0,188.7747,550.0,-6766.5278,1184.6346,-843.1981,100.0,96.97,150.49,124.014,238.513,351.237,0,0,0,1,0,0,0,0.1608,-0.2174,-0.0073,-0.1461,-0.1,0.1
230,1,0,136.7163,550.0,-4110.6129,4079.4496,3789.6166,100.0,96.97,151.88,278.602,104.826,206.184,0,0,0,1,0,0,0,-0.8712,-0.0897,-0.2406,0.0184,-0.0756,0.1
230,2,0,182.3573,550.0,-6717.0647,1652.1491,-227.3447,100.0,97.0,143.77,268.211,74.539,327.656,0,0,0,1,0,0,0,-0.6551,-0.1908,-0.1187,0.1574,-0.1,0.1
230,3,0,55.5891,550.0,4676.8523,2287.527,4560.1002,100.0,96.22,134.46,265.226,248.888,201.247,0,0,0,1,0,0,0,-0.608,-0.229,-0.1366,0.1213,0.3436,0.1
230,4,0,225.5256,550.0,-5459.4548,-1593.2636,-3944.1229,100.0,97.06,148.12,232.793,246.407,219.526,0,0,0,1,0,0,0,-0.8234,0.0788,-0.221,-0.1294,-0.1,0.1
230,5,1,161.3247,550.0,-3010.0285,-5975.5727,1769.8871,100.0,97.06,149.84,145.219,312.549,170.457,0,0,0,1,0,0,0,-0.4359,-0.221,-0.1367,0.0293,-0.033,0.1
230,6,1,109.7443,550.0,-4396.9653,-1225.5409,5202.402,83.94,95.77,151.04,135.64,306.853,245.174,0,0,0,1,0,1,0,0.2775,0.0229,-0.0672,-0.2627,0.0916,0.1
230,7,1,88.926,550.0,-3983.9348,1219.6593,5526.3854,92.83,98.86,136.89,177.441,91.672,190.514,0,0,0,1,0,1,0,-0.2146,-0.1537,-0.0642,-0.0331,-0.1,0.1
230,8,1,234.5508,550.0,2218.8091,-4764.6979,-4502.7527,100.0,96.88,149.27,15.761,311.942,275.694,0,0,0,1,0,0,1,-0.3808,-0.0087,-0.0272,-0.3228,-0.1,0.1
230,9,1,207.749,550.0,261.3278,-6419.4142,-2573.5326,100.0,96.97,147.41,217.906,127.746,76.288,0,0,0,1,0,0,0,0.0693,-0.1165,-0.0827,-0.1164,-0.1,0.1
231,0,0,190.1211,550.0,-6764.8862,1092.2927,-971.3146,100.0,96.97,150.92,114.214,234.855,341.237,0,0,0,1,0,0,0,0.1327,-0.1929,-0.0376,-0.1406,-0.1,0.1
231,1,0,137.9966,550.0,-4225.0098,4045.8187,3698.768,100.0,96.97,152.31,277.717,101.177,196.218,0,0,0,1,0,0,0,-0.8678,-0.0927,-0.239,0.021,-0.0528,0.1
231,2,0,184.7709,550.0,-6743.8867,1486.2343,-459.7189,100.0,97.0,144.21,258.211,71.319,330.128,0,0,0,1,0,0,0,-0.2697,-0.2686,-0.0135,0.108,-0.1,0.1
231,3,0,56.8176,550.0,4573.6612,2362.5798,4626.0221,100.0,96.22,134.91,256.047,242.944,192.547,0,0,0,1,0,0,0,-0.5918,-0.2328,-0.1343,0.1202,0.341,0.1
231,4,0,226.2634,550.0,-5409.4207,-1639.8452,-3993.6595,100.0,97.06,148.56,223.796,243.709,209.526,0,0,0,1,0,0,0,-0.8207,0.0782,-0.219,-0.1321,-0.1,0.1
231,5,1,162.7756,550.0,-2934.4127,-6050.6659,1636.7362,100.0,97.06,150.28,138.626,306.967,160.945,0,0,0,1,0,0,0,-0.4238,-0.2241,-0.1339,0.0283,-0.0405,0.1
231,6,1,110.1101,550.0,-4400.6017,-1262.9157,5190.3747,83.13,95.77,150.28,140.963,302.288,235.174,0,0,0,1,0,1,0,0.2723,0.0172,-0.0653,-0.2577,0.1133,0.1
231,7,1,90.7325,550.0,-4040.4898,1013.9071,5526.9047,92.04,98.86,136.11,167.441,90.544,184.837,0,0,0,1,0,1,0,-0.2071,-0.1557,-0.0604,-0.0327,-0.1,0.1
231,8,1,235.0115,550.0,2243.9277,-4728.5059,-4528.384,100.0,96.88,149.7,5.774,309.379,267.035,0,0,0,1,0,0,1,-0.3806,-0.0082,-0.0256,-0.3252,-0.1,0.1
231,9,1,208.7973,550.0,334.4669,-6379.5747,-2662.5925,100.0,96.97,147.84,214.002,122.741,68.286,0,0,0,1,0,0,0,0.0779,-0.1153,-0.0807,-0.1204,-0.1,0.1
232,0,0,191.4532,550.0,-6759.7931,1000.4035,-1097.5569,100.0,96.97,151.36,104.316,231.18,331.237,0,0,0,1,0,0,0,0.142,-0.1938,-0.034,-0.145,-0.1,0.1
232,1,0,139.2923,550.0,-4338.7796,4009.9382,3604.945,100.0,96.97,152.75,276.784,97.41,186.264,0,0,0,1,0,0,0,-0.8643,-0.0958,-0.2374,0.0236,-0.0304,0.1
232,2,0,187.1736,550.0,-6759.0889,1318.5355,-690.2332,100.0,97.0,144.65,248.211,68.095,332.652,0,0,0,1,0,0,0,-0.2621,-0.269,-0.0093,0.1038,-0.1,0.1
232,3,0,58.0674,550.0,4466.6588,2438.1586,4690.9042,100.0,96.22,135.36,246.749,236.935,183.906,0,0,0,1,0,0,0,-0.5756,-0.2366,-0.1321,0.1191,0.3388,0.1
232,4,0,226.9839,550.0,-5359.8497,-1685.0423,-4041.3964,100.0,97.06,149.01,214.838,240.901,199.526,0,0,0,1,0,0,0,-0.818,0.0777,-0.2168,-0.1348,-0.1,0.1
232,5,1,164.2288,550.0,-2856.9497,-6122.183,1502.3163,100.0,97.06,150.72,131.919,301.32,151.446,0,0,0,1,0,0,0,-0.412,-0.2269,-0.1311,0.0271,-0.0486,0.1
232,6,1,110.5167,550.0,-4404.3735,-1304.9667,5176.7554,85.27,95.77,150.71,146.292,297.691,225.174,0,0,0,1,0,0,0,0.2666,0.0115,-0.0635,-0.2528,0.1342,0.1
232,7,1,92.5659,550.0,-4094.2902,804.1106,5521.8145,91.25,98.86,135.34,157.441,89.387,179.143,0,0,0,1,0,1,0,-0.1996,-0.1579,-0.0566,-0.0322,-0.1,0.1
232,8,1,235.4516,550.0,2267.6212,-4693.8304,-4552.5917,100.0,96.88,150.14,355.784,306.804,258.212,0,0,0,1,0,0,1,-0.3803,-0.0078,-0.0239,-0.3274,-0.1,0.1
232,9,1,209.8207,550.0,405.6813,-6338.8025,-2748.6809,100.0,96.97,148.27,210.04,117.696,60.222,0,0,0,1,0,0,0,0.0863,-0.1141,-0.0786,-0.1242,-0.1,0.1
233,0,0,192.7705,550.0,-6751.3708,909.0871,-1221.7993,100.0,96.97,151.8,94.322,227.49,321.237,0,0,0,1,0,0,0,0.1511,-0.1946,-0.0303,-0.1494,-0.1,0.1
233,1,0,140.6028,550.0,-4451.739,3971.7729,3508.1734,100.0,96.97,153.18,275.801,93.537,176.294,0,0,0,1,0,0,0,-0.5104,-0.0994,-0.2126,-0.0322,-0.0086,0.1
233,2,0,189.5639,550.0,-6762.8098,1149.463,-918.357,100.0,97.0,145.08,238.211,64.904,335.166,0,0,0,1,0,0,0,0.0305,-0.2513,0.0681,-0.0193,-0.1,0.1
233,3,0,59.3389,550.0,4355.7517,2514.2064,4754.6225,100.0,96.22,135.81,237.332,230.86,175.325,0,0,0,1,0,0,0,-0.5595,-0.2405,-0.1296,0.118,0.3368,0.1
233,4,0,227.6869,550.0,-5310.8283,-1728.8427,-4087.352,100.0,97.06,149.45,205.918,237.987,189.526,0,0,0,1,0,0,0,-0.8153,0.0771,-0.2146,-0.1376,-0.1,0.1
233,5,1,165.6836,550.0,-2777.7231,-6190.023,1366.7885,100.0,97.06,151.15,125.097,295.608,141.961,0,0,0,1,0,0,0,-0.4003,-0.2296,-0.1283,0.0257,-0.0573,0.1
233,6,1,110.9642,550.0,-4408.2296,-1351.6617,5161.4691,87.41,95.77,151.14,151.601,293.054,215.174,0,0,0,1,0,0,0,0.4447,-0.0385,-0.0791,-0.191,0.1544,0.1
233,7,1,94.4263,550.0,-4145.1089,590.4415,5510.8704,90.46,98.86,134.56,147.441,88.205,173.434,0,0,0,1,0,1,0,-0.1924,-0.1602,-0.0527,-0.0318,-0.1,0.1
233,8,1,235.8708,550.0,2289.8915,-4660.7206,-4575.404,100.0,96.88,150.57,345.797,304.209,249.251,0,0,0,1,0,0,1,-0.487,0.0065,-0.0406,-0.2754,-0.1,0.1
233,9,1,210.8186,550.0,474.916,-6297.2751,-2831.7878,100.0,96.97,148.7,206.022,112.613,52.094,0,0,0,1,0,0,0,0.0943,-0.1129,-0.0765,-0.1281,-0.1,0.1
234,0,0,194.072,550.0,-6739.7502,818.4609,-1343.9235,100.0,96.97,152.23,84.322,223.787,311.237,0,0,0,1,0,0,0,0.1602,-0.1954,-0.0267,-0.1538,-0.1,0.1
234,1,0,141.9275,550.0,-4563.7037,3931.2931,3408.487,100.0,96.97,153.62,274.766,89.559,166.309,0,0,0,1,0,0,0,-0.4947,-0.1043,-0.2089,-0.0299,0.0127,0.1
234,2,0,191.9404,550.0,-6755.2345,979.4262,-1143.5788,100.0,97.0,145.52,228.211,61.749,337.668,0,0,0,1,0,0,0,0.036,-0.2512,0.0714,-0.024,-0.1,0.1
234,3,0,60.6325,550.0,4240.8484,2590.6597,4817.0455,100.0,96.22,136.26,227.792,224.722,166.802,0,0,0,1,0,0,0,-0.5435,-0.2445,-0.1272,0.1168,0.3352,0.1
234,4,0,228.3719,550.0,-5262.4412,-1771.2359,-4131.5466,100.0,97.06,149.89,197.037,234.967,179.526,0,0,0,1,0,0,0,-0.8126,0.0764,-0.2122,-0.1403,-0.1,0.1
234,5,1,167.139,550.0,-2696.8221,-6254.0954,1230.3181,100.0,97.06,151.59,118.158,289.834,132.487,0,0,0,1,0,0,0,-0.389,-0.2322,-0.1255,0.0242,-0.0664,0.1
234,6,1,111.4523,550.0,-4412.1119,-1402.9643,5144.434,89.55,95.77,151.57,156.887,288.379,205.174,0,0,0,1,0,0,0,0.4451,-0.0466,-0.0765,-0.1832,0.1737,0.1
234,7,1,96.3136,550.0,-4192.7143,373.0947,5493.8318,89.67,98.86,133.78,137.441,86.998,167.709,0,0,0,1,0,1,0,-0.1852,-0.1625,-0.0487,-0.0314,-0.1,0.1
234,8,1,236.269,550.0,2310.7403,-4629.2232,-4596.8481,100.0,96.88,151.0,335.813,301.594,240.152,0,0,0,1,0,0,1,-0.4853,0.0065,-0.0384,-0.2778,-0.1,0.1
234,9,1,211.8067,550.0,543.3451,-6254.4511,-2913.2214,100.0,96.97,149.13,201.949,107.493,43.9,0,0,0,1,0,0,0,0.102,-0.1117,-0.0745,-0.1319,-0.1,0.1
235,0,0,195.3569,550.0,-6725.0696,728.6395,-1463.8185,100.0,96.97,152.67,74.322,220.072,301.237,0,0,0,1,0,0,0,0.1726,-0.1954,-0.0232,-0.1588,-0.1,0.1
235,1,0,143.2658,550.0,-4674.4886,3888.4744,3305.9286,100.0,96.97,154.05,273.677,85.479,156.31,0,0,0,1,0,0,0,-0.4785,-0.1091,-0.2051,-0.0278,0.0335,0.1
235,2,0,194.3017,550.0,-6736.5934,808.8319,-1365.4087,100.0,97.0,145.95,218.211,58.632,340.156,0,0,0,1,0,0,0,0.0431,-0.2507,0.0746,-0.0291,-0.1,0.1
235,3,0,61.9486,550.0,4121.8608,2667.4491,4878.0344,100.0,96.22,136.71,218.127,218.522,158.336,0,0,0,1,0,0,0,-0.5275,-0.2485,-0.1247,0.1157,0.3341,0.1
235,4,0,229.0388,550.0,-5214.7705,-1812.2126,-4174.0023,100.0,97.06,150.34,188.193,231.841,169.526,0,0,0,1,0,0,0,-0.8084,0.0763,-0.2099,-0.1436,-0.1,0.1
235,5,1,168.5942,550.0,-2614.3414,-6314.321,1093.0737,100.0,97.06,152.03,111.103,283.998,123.025,0,0,0,1,0,0,0,-0.3799,-0.2339,-0.1234,0.0226,-0.0757,0.1
235,6,1,111.981,550.0,-4415.9558,-1458.833,5125.5616,91.68,95.77,152.0,162.146,283.667,195.174,0,0,0,1,0,0,0,0.445,-0.0546,-0.074,-0.1757,0.1923,0.1
235,7,1,98.2277,550.0,-4236.8711,152.2893,5470.4637,88.88,98.86,133.01,127.441,85.768,161.969,0,0,0,1,0,1,0,-0.178,-0.1649,-0.0447,-0.0309,-0.1,0.1
235,8,1,236.6461,550.0,2330.1694,-4599.3821,-4616.9509,100.0,96.88,151.44,325.832,298.961,230.912,0,0,0,1,0,0,1,-0.4823,0.007,-0.0362,-0.2807,-0.1,0.1
235,9,1,212.7843,550.0,610.9158,-6210.4206,-2992.9415,100.0,96.97,149.56,197.818,102.337,35.639,0,0,0,1,0,0,0,0.1063,-0.1131,-0.0723,-0.1342,-0.1,0.1
236,0,0,196.6247,550.0,-6707.4746,639.7343,-1581.381,100.0,96.97,153.11,64.322,216.347,291.237,0,0,0,1,0,0,0,0.1848,-0.1953,-0.0197,-0.1638,-0.1,0.1
236,1,0,144.6171,550.0,-4783.9085,3843.2985,3200.5494,100.0,96.97,154.48,272.531,81.298,146.31,0,0,0,1,0,0,0,-0.4619,-0.1138,-0.2011,-0.0257,0.0537,0.1
236,2,0,196.6463,550.0,-6707.1601,638.0809,-1583.3814,100.0,97.0,146.39,208.211,55.553,342.626,0,0,0,1,0,0,0,0.0502,-0.2502,0.0778,-0.0343,-0.1,0.1
236,3,0,63.2876,550.0,3998.7037,2744.4983,4937.4425,100.0,96.22,137.15,208.337,212.261,149.928,0,0,0,1,0,0,0,-0.5115,-0.2525,-0.1221,0.1146,0.3335,0.1
236,4,0,229.6872,550.0,-5167.8963,-1851.765,-4214.7425,100.0,97.06,150.78,179.388,228.612,159.526,0,0,0,1,0,0,0,-0.8042,0.0761,-0.2075,-0.1469,-0.1,0.1
236,5,1,170.0483,550.0,-2530.381,-6370.6322,955.2267,100.0,97.06,152.46,103.939,278.138,113.535,0,0,0,1,0,0,0,0.1276,-0.2181,-0.0477,-0.0551,-0.0853,0.1
236,6,1,112.5502,550.0,-4419.69,-1519.2215,5104.7574,93.82,95.77,152.43,167.374,278.92,185.174,0,0,0,1,0,0,0,0.4444,-0.0624,-0.0714,-0.1683,0.21,0.1
236,7,1,100.1685,550.0,-4277.341,-71.731,5440.5377,88.1,98.86,132.23,117.441,84.519,156.214,0,0,0,1,0,1,0,-0.1709,-0.1674,-0.0406,-0.0304,-0.1,0.1
236,8,1,237.002,550.0,2348.1807,-4571.2382,-4635.7384,100.0,96.88,151.87,315.856,296.312,221.53,0,0,0,1,0,0,1,-0.4792,0.0074,-0.0339,-0.2836,-0.1,0.1
236,9,1,213.751,550.0,677.5777,-6165.2761,-3070.9119,100.0,96.97,150.0,193.631,97.145,27.309,0,0,0,1,0,0,0,0.1102,-0.1144,-0.0701,-0.1364,-0.1,0.1
237,0,0,197.8744,550.0,-6687.117,551.8531,-1696.5155,100.0,96.97,153.54,54.322,212.614,281.237,0,0,0,1,0,0,0,0.0398,-0.1694,-0.0179,-0.1543,-0.1,0.1
237,1,0,145.9806,550.0,-4891.779,3795.7533,3092.4094,100.0,96.97,154.92,271.292,77.047,136.31,0,0,0,1,0,0,0,-0.2648,-0.1853,-0.1406,-0.0129,0.0733,0.1
237,2,0,198.9729,550.0,-6667.2485,467.5665,-1797.0586,100.0,97.0,146.83,198.211,52.511,345.068,0,0,0,1,0,0,0,0.1393,-0.267,0.0715,-0.0582,-0.1,0.1
237,3,0,64.6498,550.0,3871.2964,2821.724,4995.1155,100.0,96.22,137.6,198.418,205.94,141.577,0,0,0,1,0,0,0,-0.4956,-0.2565,-0.1195,0.1134,0.3335,0.1
237,4,0,230.317,550.0,-5121.8965,-1889.8866,-4253.7919,100.0,97.06,151.22,170.622,225.3,149.526,0,0,0,1,0,0,0,-0.6151,0.0788,-0.1657,-0.2144,-0.1,0.1
237,5,1,171.5005,550.0,-2445.0456,-6422.9732,816.9506,100.0,97.06,152.9,96.657,272.256,104.01,0,0,0,1,0,0,0,0.1364,-0.2365,-0.0439,-0.0707,-0.095,0.1
237,6,1,113.1597,550.0,-4423.2366,-1584.0774,5081.9207,95.96,95.77,152.86,172.566,274.138,175.174,0,0,0,1,0,0,0,0.4434,-0.07,-0.0689,-0.1611,0.2268,0.1
237,7,1,102.1357,550.0,-4313.884,-298.697,5403.8344,87.31,98.86,131.46,107.441,83.251,150.443,0,0,0,1,0,1,0,-0.1638,-0.1698,-0.0365,-0.0298,-0.1,0.1
237,8,1,237.3366,550.0,2364.7756,-4544.8297,-4653.2354,100.0,96.88,152.3,305.863,293.673,211.996,0,0,0,1,0,0,1,-0.1952,-0.0327,0.0213,-0.3038,-0.1,0.1
237,9,1,214.7062,550.0,743.2824,-6119.1119,-3147.1006,100.0,96.97,150.43,189.399,91.918,18.913,0,0,0,1,0,0,0,0.0925,-0.0896,-0.0723,-0.1332,-0.1,0.1
238,0,0,199.1053,550.0,-6664.1545,465.1,-1809.1346,100.0,96.97,153.98,44.322,208.872,271.237,0,0,0,1,0,0,0,0.0513,-0.1708,-0.0166,-0.1587,-0.1,0.1
238,1,0,147.3557,550.0,-4997.9169,3745.8329,2981.5775,100.0,96.97,155.35,269.959,72.727,126.31,0,0,0,1,0,0,0,-0.2471,-0.1874,-0.1377,-0.0139,0.0923,0.1
238,2,0,201.2801,550.0,-6617.2103,297.6715,-2006.0311,100.0,97.0,147.27,188.211,49.505,347.477,0,0,0,1,0,0,0,0.1466,-0.2652,0.0746,-0.0643,-0.1,0.1
238,3,0,66.0357,550.0,3739.5628,2899.0358,5050.8913,100.0,96.22,138.05,188.418,199.56,133.282,0,0,0,1,0,0,0,-0.4798,-0.2605,-0.1168,0.1123,0.334,0.1
238,4,0,230.9278,550.0,-5076.8463,-1926.572,-4291.1762,100.0,97.06,151.67,161.895,221.906,139.526,0,0,0,1,0,0,0,-0.6077,0.0784,-0.1624,-0.2178,-0.1,0.1
238,5,1,172.9498,550.0,-2358.4443,-6471.3003,678.4205,100.0,97.06,153.33,89.256,266.354,94.448,0,0,0,1,0,0,0,0.138,-0.2378,-0.0413,-0.0737,-0.1,0.1
238,6,1,113.8093,550.0,-4426.5113,-1653.3424,5056.9455,98.1,95.77,153.29,177.72,269.322,165.174,0,0,0,1,0,0,0,0.4418,-0.0774,-0.0664,-0.1541,0.2428,0.1
238,7,1,104.1291,550.0,-4346.2597,-528.3142,5360.1447,86.52,98.86,130.68,97.441,81.967,144.658,0,0,0,1,0,1,0,-0.1567,-0.1722,-0.0323,-0.0293,-0.1,0.1
238,8,1,237.6497,550.0,2379.9557,-4520.1922,-4669.4662,100.0,96.88,152.74,295.863,291.046,202.31,0,0,0,1,0,0,1,-0.1913,-0.0324,0.0238,-0.3063,-0.1,0.1
238,9,1,215.6495,550.0,807.9838,-6072.0238,-3221.4796,100.0,96.97,150.86,185.121,86.655,10.45,0,0,0,1,0,0,0,0.0949,-0.0915,-0.0699,-0.1349,-0.1,0.1
239,0,0,200.3168,550.0,-6638.7494,379.5751,-1919.1587,100.0,96.97,154.41,34.322,205.122,261.237,0,0,0,1,0,0,0,0.0628,-0.1722,-0.0153,-0.163,-0.1,0.1
239,1,0,148.7417,550.0,-5102.141,3693.5379,2868.131,100.0,96.97,155.79,268.532,68.34,116.31,0,0,0,1,0,0,0,-0.2296,-0.1892,-0.1348,-0.0152,0.0915,0.1
239,2,0,203.5666,550.0,-6557.4317,128.7666,-2209.9207,100.0,97.0,147.71,178.211,46.538,349.851,0,0,0,1,0,0,0,0.1539,-0.2636,0.0777,-0.0704,-0.1,0.1
239,3,0,67.4456,550.0,3603.4324,2976.336,5104.5999,100.0,96.22,138.5,178.418,193.124,125.042,0,0,0,1,0,0,0,-0.4634,-0.2646,-0.1141,0.111,0.3352,0.1
239,4,0,231.5195,550.0,-5032.8183,-1961.8168,-4326.9222,100.0,97.06,152.12,153.208,218.434,129.526,0,0,0,1,0,0,0,-0.6004,0.0778,-0.159,-0.221,-0.1,0.1
239,5,1,174.3955,550.0,-2270.6902,-6515.5821,539.8119,100.0,97.06,153.77,81.735,260.432,84.848,0,0,0,1,0,0,0,0.1396,-0.2391,-0.0387,-0.0767,-0.1,0.1
239,6,1,114.499,550.0,-4429.4234,-1726.9519,5029.7203,100.0,95.77,153.72,182.832,264.475,155.174,0,0,0,1,0,0,0,0.4397,-0.0847,-0.064,-0.1473,0.2579,0.1
239,7,1,106.1484,550.0,-4374.2282,-760.2622,5309.2721,85.74,98.86,129.9,87.441,80.669,138.859,0,0,0,1,0,1,0,-0.1497,-0.1747,-0.0281,-0.0287,-0.1,0.1
239,8,1,237.9412,550.0,2393.7221,-4497.3582,-4684.4535,100.0,96.88,153.18,285.863,288.432,192.469,0,0,0,1,0,0,1,-0.1874,-0.0323,0.0264,-0.3087,-0.1,0.1
239,9,1,216.5803,550.0,871.638,-6024.1089,-3294.025,100.0,96.97,151.3,180.737,81.42,1.884,0,0,0,1,0,0,0,0.2977,-0.212,0.0544,-0.2042,-0.1,0.1
240,0,0,201.5082,550.0,-6611.0686,295.3744,-2026.5161,100.0,96.97,154.85,24.322,201.366,251.237,0,0,0,1,0,0,0,0.0743,-0.1736,-0.014,-0.1673,-0.1,0.1
240,1,0,150.1378,550.0,-5204.2732,3638.8758,2752.1563,100.0,96.97,156.22,267.009,63.886,106.31,0,0,0,1,0,0,0,-0.2122,-0.1908,-0.1319,-0.0167,0.0874,0.1
240,2,0,205.8311,550.0,-6488.3306,-38.7919,-2408.3817,100.0,97.0,148.16,168.211,43.553,352.282,0,0,0,1,0,0,0,-0.3448,-0.2878,-0.0366,0.1149,-0.1,0.1
240,3,0,68.8798,550.0,3462.8411,3053.5191,5156.0637,100.0,96.22,138.95,168.418,186.631,116.858,0,0,0,1,0,0,0,-0.4458,-0.2688,-0.1113,0.1096,0.3371,0.1
240,4,0,232.0917,550.0,-4989.8828,-1995.6177,-4361.0573,100.0,97.06,152.56,144.558,214.883,119.526,0,0,0,1,0,0,0,-0.5932,0.0772,-0.1555,-0.2242,-0.1,0.1
240,5,1,175.8365,550.0,-2181.9,-6555.7998,401.3005,100.0,97.06,154.2,74.094,254.492,75.208,0,0,0,1,0,0,0,0.141,-0.2404,-0.036,-0.0798,-0.1,0.1
240,6,1,115.2285,550.0,-4431.8761,-1804.8337,5000.1291,100.0,95.77,154.15,187.897,259.597,145.174,0,0,0,1,0,0,0,0.4376,-0.0917,-0.0615,-0.141,0.2722,0.1
240,7,1,108.1934,550.0,-4397.5514,-994.1948,5251.0341,84.95,98.86,129.13,77.441,79.359,133.045,0,0,0,1,0,1,0,-0.1428,-0.1771,-0.024,-0.0282,-0.1,0.1
240,8,1,238.211,550.0,2406.0757,-4476.3579,-4698.2189,100.0,96.88,153.61,275.863,285.833,182.472,0,0,0,1,0,0,1,-0.1836,-0.0323,0.029,-0.311,-0.1,0.1
240,9,1,217.4984,550.0,934.2036,-5975.4653,-3364.7168,100.0,96.97,151.75,176.246,76.213,353.216,0,0,0,1,0,0,0,0.2978,-0.2127,0.0568,-0.2064,-0.1,0.1
241,0,0,202.6787,550.0,-6581.2822,212.5897,-2131.1432,100.0,96.97,155.29,14.322,197.603,241.237,0,0,0,1,0,0,0,0.0857,-0.1748,-0.0127,-0.1715,-0.1,0.1
241,1,0,151.5434,550.0,-5304.1385,3581.8608,2633.748,100.0,96.97,156.65,265.391,59.368,96.31,0,0,0,1,0,0,0,-0.1946,-0.192,-0.1291,-0.0185,0.0827,0.1
241,2,0,208.0724,550.0,-6410.3526,-204.6636,-2601.1022,100.0,97.0,148.6,158.211,40.552,354.769,0,0,0,1,0,0,0,-0.3385,-0.2872,-0.0331,0.1101,-0.1,0.1
241,3,0,70.3386,550.0,3317.732,3130.4718,5205.0977,100.0,96.22,139.4,158.418,180.085,108.727,0,0,0,1,0,0,0,-0.4283,-0.2729,-0.1084,0.1082,0.3398,0.1
241,4,0,232.6443,550.0,-4948.1073,-2027.9723,-4393.6094,100.0,97.06,153.01,135.948,211.256,109.526,0,0,0,1,0,0,0,-0.5861,0.0766,-0.1519,-0.2274,-0.1,0.1
241,5,1,177.2721,550.0,-2092.1936,-6591.947,263.0613,100.0,97.06,154.64,66.344,248.493,65.567,0,0,0,1,0,0,0,-0.2096,-0.2173,-0.1198,-0.0024,-0.1,0.1
241,6,1,115.9977,550.0,-4433.7665,-1886.9083,4968.0512,100.0,95.77,154.58,192.914,254.69,135.174,0,0,0,1,0,0,0,0.4395,-0.0979,-0.0586,-0.1368,0.2855,0.1
241,7,1,110.2636,550.0,-4415.995,-1229.7401,5185.2646,84.16,98.86,128.35,67.441,78.039,127.218,0,0,0,1,0,1,0,-0.1358,-0.1794,-0.0197,-0.0276,-0.1,0.1
241,8,1,238.4591,550.0,2417.0168,-4457.2183,-4710.7829,100.0,96.88,154.05,265.863,283.249,172.472,0,0,0,1,0,0,1,-0.1799,-0.0324,0.0317,-0.3131,-0.1,0.1
241,9,1,218.4031,550.0,995.6413,-5926.1918,-3433.5391,100.0,96.97,152.19,171.66,71.021,344.449,0,0,0,1,0,0,0,0.2742,-0.1928,0.0307,-0.1959,-0.1,0.1
242,0,0,203.8277,550.0,-6549.5634,131.3082,-2232.9842,100.0,96.97,155.72,4.322,193.834,231.237,0,0,0,1,0,0,0,0.097,-0.1759,-0.0115,-0.1757,-0.1,0.1
242,1,0,152.9576,550.0,-5401.5663,3522.5143,2513.0093,100.0,96.97,157.09,263.676,54.788,86.31,0,0,0,1,0,0,0,-0.1771,-0.193,-0.1262,-0.0205,0.0774,0.1
242,2,0,210.2892,550.0,-6323.9682,-368.5256,-2787.8049,100.0,97.0,149.04,148.211,37.592,357.256,0,0,0,1,0,0,0,-0.0386,-0.2974,0.0837,0.0031,-0.1,0.1
242,3,0,71.8224,550.0,3168.0561,3207.0725,5251.5091,100.0,96.22,139.85,148.418,173.486,100.65,0,0,0,1,0,0,0,-0.4111,-0.2768,-0.1055,0.1067,0.3432,0.1
242,4,0,233.1772,550.0,-4907.5566,-2058.8787,-4424.6071,100.0,97.06,153.45,127.375,207.556,99.526,0,0,0,1,0,0,0,-0.579,0.0758,-0.1482,-0.2304,-0.1,0.1
242,5,1,178.7014,550.0,-2001.6932,-6624.03,125.2678,100.0,97.06,155.07,58.486,242.434,55.923,0,0,0,1,0,0,0,-0.202,-0.2182,-0.1177,-0.0052,-0.1,0.1
242,6,1,116.8064,550.0,-4434.9858,-1973.0881,4933.3625,100.0,95.77,155.01,197.879,249.755,125.174,0,0,0,1,0,0,0,0.4411,-0.1039,-0.0556,-0.1328,0.2979,0.1
242,7,1,112.3586,550.0,-4429.3293,-1466.5014,5111.8154,86.32,98.86,128.77,57.441,76.712,121.377,0,0,0,1,0,0,0,-0.1288,-0.1817,-0.0155,-0.0271,-0.1,0.1
242,8,1,238.6854,550.0,2426.5454,-4439.9642,-4722.1644,100.0,96.88,154.49,255.863,280.684,162.472,0,0,0,1,0,0,1,-0.173,-0.0332,0.0352,-0.3157,-0.1,0.1
242,9,1,219.2941,550.0,1055.9142,-5876.3875,-3500.4794,100.0,96.97,152.64,166.976,65.846,335.583,0,0,0,1,0,0,0,0.2748,-0.1938,0.0335,-0.1981,-0.1,0.1
243,0,0,204.9546,550.0,-6516.0874,51.6128,-2331.9909,100.0,96.97,156.16,354.322,190.06,221.237,0,0,0,1,0,0,0,0.1082,-0.177,-0.0102,-0.1798,-0.1,0.1
243,1,0,154.3798,550.0,-5496.3909,3460.8644,2390.0513,100.0,96.97,157.52,261.864,50.145,76.31,0,0,0,1,0,0,0,-0.1604,-0.194,-0.1234,-0.0227,0.0715,0.1
243,2,0,212.4804,550.0,-6229.6684,-530.074,-2968.2476,100.0,97.0,149.48,138.211,34.676,359.743,0,0,0,1,0,0,0,-0.0325,-0.2964,0.0875,-0.0027,-0.1,0.1
243,3,0,73.3315,550.0,3013.7735,3283.1918,5295.0979,100.0,96.22,140.3,138.418,166.835,92.625,0,0,0,1,0,0,0,-0.3945,-0.2808,-0.1024,0.1051,0.3476,0.1
243,4,0,233.69,550.0,-4868.2929,-2088.3359,-4454.0789,100.0,97.06,153.9,118.839,203.783,89.526,0,0,0,1,0,0,0,-0.572,0.075,-0.1445,-0.2333,-0.1,0.1
243,5,1,180.1234,550.0,-1910.5235,-6652.0673,-11.9083,100.0,97.06,155.51,50.517,236.318,46.275,0,0,0,1,0,0,0,-0.1947,-0.219,-0.1156,-0.008,-0.1,0.1
243,6,1,117.6543,550.0,-4435.4196,-2063.2768,4895.9353,100.0,95.77,155.44,202.789,244.793,115.174,0,0,0,1,0,0,0,0.4418,-0.1099,-0.0526,-0.1291,0.3235,0.1
243,7,1,114.478,550.0,-4437.3313,-1704.0572,5030.5587,88.44,98.86,129.21,47.441,75.322,115.585,0,0,0,1,0,0,0,-0.4749,-0.1963,-0.1235,0.0976,-0.1,0.1
243,8,1,238.8897,550.0,2434.6611,-4424.6172,-4732.3809,100.0,96.88,154.93,245.863,278.137,152.472,0,0,0,1,0,0,1,-0.1662,-0.034,0.0388,-0.3181,-0.1,0.1
243,9,1,220.1709,550.0,1114.9878,-5826.1518,-3565.5291,100.0,96.97,153.08,162.195,60.689,326.617,0,0,0,1,0,0,0,0.2754,-0.1948,0.0363,-0.2002,-0.1,0.1
244,0,0,206.0587,550.0,-6481.031,-26.4184,-2428.1227,100.0,96.97,156.59,344.322,186.27,211.237,0,0,0,1,0,0,0,-0.0176,-0.1637,-0.0322,-0.1201,-0.1,0.1
244,1,0,155.8091,550.0,-5588.4525,3396.9466,2264.993,100.0,96.97,157.96,259.954,45.442,66.31,0,0,0,1,0,0,0,-0.1437,-0.1947,-0.1205,-0.0251,0.065,0.1
244,2,0,214.6447,550.0,-6127.9619,-689.0247,-3142.2235,100.0,97.0,149.92,128.211,31.806,2.225,0,0,0,1,0,0,0,-0.0264,-0.2955,0.0912,-0.0086,-0.1,0.1
244,3,0,74.8661,550.0,2854.8543,3358.6915,5335.6573,99.16,96.22,139.55,128.418,160.136,84.652,0,0,0,1,0,1,0,-0.3782,-0.2847,-0.0991,0.1036,0.3528,0.1
244,4,0,234.1825,550.0,-4830.3755,-2116.3435,-4482.0536,100.0,97.06,154.34,110.341,199.94,79.526,0,0,0,1,0,0,0,-0.565,0.0741,-0.1406,-0.2362,-0.1,0.1
244,5,1,181.5374,550.0,-1818.8109,-6676.0898,-148.2984,100.0,97.06,155.94,42.439,230.145,36.621,0,0,0,1,0,0,0,-0.1875,-0.2197,-0.1135,-0.0109,-0.1,0.1
244,6,1,118.5412,550.0,-4434.9483,-2157.369,4855.6394,100.0,95.77,155.87,207.641,239.807,105.174,0,0,0,1,0,0,0,0.4423,-0.1157,-0.0495,-0.1256,0.3498,0.1
244,7,1,116.6213,550.0,-4439.7861,-1941.9623,4941.3887,90.59,98.86,129.64,37.441,73.918,109.796,0,0,0,1,0,0,0,-0.1096,-0.2133,-0.0299,0.0066,-0.1,0.1
244,8,1,239.0721,550.0,2441.3629,-4411.1965,-4741.4485,100.0,96.88,155.37,235.863,275.612,142.472,0,0,0,1,0,0,1,-0.1596,-0.0349,0.0424,-0.3204,-0.1,0.1
244,9,1,221.0331,550.0,1172.8298,-5775.5839,-3628.6832,100.0,96.97,153.52,157.316,55.552,317.55,0,0,0,1,0,0,0,0.2759,-0.1957,0.0391,-0.2024,-0.1,0.1
245,0,0,207.1395,550.0,-6444.5717,-102.7114,-2521.3464,100.0,96.97,157.02,334.322,182.465,201.237,0,0,0,1,0,0,0,-0.0061,-0.1653,-0.0308,-0.1244,-0.1,0.1
245,1,0,157.2447,550.0,-5677.5975,3330.8032,2137.9612,100.0,96.97,158.39,257.947,40.68,56.31,0,0,0,1,0,0,0,-0.1272,-0.1953,-0.1177,-0.0277,0.0579,0.1
245,2,0,216.7812,550.0,-6019.3711,-845.1147,-3309.561,100.0,97.0,150.36,118.211,28.955,4.74,0,0,0,1,0,0,0,-0.2094,-0.3083,0.0396,0.0649,-0.1,0.1
245,3,0,76.4264,550.0,2691.2795,3433.4252,5372.9738,98.37,96.22,138.77,118.418,153.448,76.667,0,0,0,1,0,1,0,0.0346,-0.236,0.0251,-0.0237,-9.5409,0.1
245,4,0,234.6548,550.0,-4793.861,-2142.9014,-4508.5598,100.0,97.06,154.79,101.879,196.028,69.526,0,0,0,1,0,0,0,-0.558,0.0731,-0.1366,-0.239,-0.1,0.1
245,5,1,182.9425,550.0,-1726.6827,-6696.1408,-283.7369,100.0,97.06,156.37,34.251,223.916,26.961,0,0,0,1,0,0,0,-0.1806,-0.2204,-0.1113,-0.0138,-0.1,0.1
245,6,1,119.4668,550.0,-4433.4469,-2255.2495,4812.3424,100.0,95.77,156.3,212.432,234.798,95.174,0,0,0,1,0,0,0,0.4426,-0.1213,-0.0465,-0.1225,0.3738,0.1
245,7,1,118.7879,550.0,-4436.4888,-2179.7492,4844.2235,92.74,98.86,130.06,27.441,72.501,104.01,0,0,0,1,0,0,0,-0.1017,-0.2154,-0.0251,0.0052,-0.1,0.1
245,8,1,239.2325,550.0,2446.6491,-4399.7187,-4749.3815,100.0,96.88,155.81,225.863,273.11,132.472,0,0,0,1,0,0,1,-0.1531,-0.0359,0.0461,-0.3226,-0.1,0.1
245,9,1,221.8804,550.0,1229.4101,-5724.7826,-3689.9399,100.0,96.97,153.97,152.339,50.436,308.381,0,0,0,1,0,0,0,0.2763,-0.1966,0.0418,-0.2045,-0.1,0.1
246,0,0,208.1962,550.0,-6406.887,-177.1972,-2611.6356,100.0,96.97,157.45,324.322,178.638,191.237,0,0,0,1,0,0,0,-0.0331,-0.0983,-0.0428,-0.1502,-0.1,0.1
246,1,0,158.6859,550.0,-5763.6794,3262.4837,2009.0895,100.0,96.97,158.82,255.877,35.853,46.31,0,0,0,1,0,0,0,-0.171,-0.1265,-0.13,-0.0609,0.0502,0.1
246,2,0,218.8887,550.0,-5904.4285,-998.1026,-3470.1235,100.0,97.0,150.79,108.211,26.121,7.28,0,0,0,1,0,0,0,-0.2006,-0.2749,0.0332,0.0495,-0.1,0.1
246,3,0,78.0128,550.0,2523.0419,3507.238,5406.8274,97.57,96.22,138.0,108.418,146.764,68.652,0,0,0,1,0,1,0,-0.0003,-0.1881,0.007,-0.0596,-9.5337,0.1
246,4,0,235.1064,550.0,-4758.8033,-2168.0099,-4533.6261,100.0,97.06,155.24,93.48,192.04,59.526,0,0,0,1,0,0,0,-0.5657,0.1259,-0.1528,-0.2681,-0.1,0.1
246,5,1,184.3377,550.0,-1634.2673,-6712.275,-418.0624,100.0,97.06,156.81,25.984,217.626,17.279,0,0,0,1,0,0,0,-0.2287,-0.1579,-0.123,-0.0433,-0.1,0.1
246,6,1,120.4309,550.0,-4430.7858,-2356.7931,4765.9106,100.0,95.77,156.73,217.189,229.76,85.174,0,0,0,1,0,0,0,0.4221,-0.0687,-0.0569,-0.1508,0.3953,0.1
246,7,1,120.9771,550.0,-4427.2459,-2416.9291,4739.0071,94.9,98.86,130.48,17.441,71.067,98.219,0,0,0,1,0,0,0,-0.1141,-0.1623,-0.0344,-0.0109,0.468,0.1
246,8,1,239.3708,550.0,2450.5176,-4390.1977,-4756.1927,100.0,96.88,156.25,215.882,270.621,122.472,0,0,0,1,0,0,1,-0.2115,0.0378,0.0275,-0.367,-0.1,0.1
246,9,1,222.7123,550.0,1284.7011,-5673.846,-3749.3006,100.0,96.97,154.41,147.288,45.336,299.099,0,0,0,1,0,0,0,0.2834,-0.1473,0.0331,-0.2258,-0.1,0.1
247,0,0,209.2285,550.0,-6368.1545,-249.8111,-2698.9709,100.0,96.97,157.88,314.322,174.791,181.237,0,0,0,1,0,0,0,-0.021,-0.0999,-0.0413,-0.1545,-0.1,0.1
247,1,0,160.1318,550.0,-5846.5599,3192.0445,1878.5183,100.0,96.97,159.25,253.761,30.956,36.31,0,0,0,1,0,0,0,-0.2003,-0.0905,-0.1413,-0.0627,0.0419,0.1
247,2,0,220.9662,550.0,-5783.6735,-1147.7689,-3623.8086,100.0,97.0,151.23,98.211,23.306,9.841,0,0,0,1,0,0,0,-0.1942,-0.2742,0.0373,0.0435,-0.1,0.1
247,3,0,79.6255,550.0,2350.1475,3579.9662,5436.9927,96.8,96.22,137.22,98.418,140.074,60.609,0,0,0,1,0,1,0,0.1591,-0.1221,-0.012,-0.0579,0.3747,0.1
247,4,0,235.5374,550.0,-4725.2533,-2191.6697,-4557.2805,100.0,97.06,155.7,85.144,187.978,49.526,0,0,0,1,0,0,0,-0.56,0.1255,-0.149,-0.2713,-0.1,0.1
247,5,1,185.7223,550.0,-1541.693,-6724.5589,-551.118,100.0,97.06,157.24,17.637,211.275,7.574,0,0,0,1,0,0,0,-0.2208,-0.1587,-0.1207,-0.046,-0.1,0.1
247,6,1,121.4332,550.0,-4426.8311,-2461.8637,4716.2098,100.0,95.77,157.16,221.939,224.682,75.174,0,0,0,1,0,0,0,0.2139,-0.0153,-0.0798,-0.1973,0.4145,0.1
247,7,1,123.1883,550.0,-4411.8775,-2652.9939,4625.7109,97.04,98.86,130.91,7.441,69.608,92.425,0,0,0,1,0,0,0,-0.0032,-0.2434,-0.0508,-0.005,0.4267,0.1
247,8,1,239.487,550.0,2452.9656,-4382.6446,-4761.8932,100.0,96.88,156.7,205.919,268.149,112.472,0,0,0,1,0,0,1,-0.2053,0.0369,0.031,-0.3692,-0.1,0.1
247,9,1,223.5284,550.0,1338.677,-5622.8717,-3806.7702,100.0,96.97,154.85,142.163,40.254,289.702,0,0,0,1,0,0,0,0.2842,-0.1483,0.0359,-0.2279,-0.1,0.1
248,0,0,210.2356,550.0,-6328.5502,-320.4929,-2783.3393,100.0,96.97,158.31,304.322,170.923,171.237,0,0,0,1,0,0,0,-0.0089,-0.1014,-0.0399,-0.1588,-0.1,0.1
248,1,0,161.5815,550.0,-5926.1086,3119.5487,1746.3944,100.0,96.97,159.68,251.599,25.99,26.31,0,0,0,1,0,0,0,-0.1796,-0.0925,-0.1377,-0.0641,0.0331,0.1
248,2,0,223.0127,550.0,-5657.649,-1293.9166,-3770.5474,100.0,97.0,151.66,88.211,20.511,12.421,0,0,0,1,0,0,0,-0.1879,-0.2736,0.0413,0.0375,-0.1,0.1
248,3,0,81.2645,550.0,2172.6163,3651.4379,5463.2391,96.02,96.22,136.44,88.418,133.38,52.536,0,0,0,1,0,1,0,0.1612,-0.1262,-0.0097,-0.0575,0.3841,0.1
248,4,0,235.9475,550.0,-4693.2594,-2213.8817,-4579.5507,100.0,97.06,156.15,76.87,183.843,39.526,0,0,0,1,0,0,0,-0.5542,0.1251,-0.145,-0.2745,-0.1,0.1
248,5,1,187.0954,550.0,-1449.0882,-6733.0702,-682.7519,100.0,97.06,157.67,9.211,204.865,357.845,0,0,0,1,0,0,0,-0.213,-0.1596,-0.1185,-0.0486,-0.1,0.1
248,6,1,122.4574,550.0,-4421.5822,-2568.5736,4663.9341,100.0,95.77,157.58,226.677,219.566,65.174,0,0,0,1,0,0,0,0.2181,-0.0226,-0.0784,-0.1942,-0.1,0.1
248,7,1,125.4209,550.0,-4390.2186,-2887.4179,4504.3357,99.18,98.86,131.34,357.441,68.124,86.627,0,0,0,1,0,0,0,0.0048,-0.2443,-0.0483,-0.0061,0.2935,0.1
248,8,1,239.581,550.0,2453.9897,-4377.0681,-4766.4925,100.0,96.88,157.14,195.974,265.693,102.472,0,0,0,1,0,0,1,-0.2,0.0362,0.0337,-0.3717,-0.1,0.1
248,9,1,224.3285,550.0,1391.3143,-5571.9558,-3862.3561,100.0,96.97,155.29,136.963,35.192,280.191,0,0,0,1,0,0,0,0.2849,-0.1493,0.0387,-0.23,-0.1,0.1
249,0,0,211.2171,550.0,-6288.2489,-389.1868,-2864.7339,100.0,96.97,158.74,294.322,167.037,161.237,0,0,0,1,0,0,0,0.0032,-0.1028,-0.0384,-0.1631,-0.1,0.1
249,1,0,163.0344,550.0,-6002.2047,3045.0664,1612.8701,100.0,96.97,160.11,249.39,20.956,16.31,0,0,0,1,0,0,0,-0.1619,-0.0947,-0.1342,-0.0651,0.0237,0.1
249,2,0,225.0275,550.0,-5526.8985,-1436.3712,-3910.3033,100.0,97.0,152.1,78.211,17.739,15.017,0,0,0,1,0,0,0,-0.1817,-0.273,0.0454,0.0315,-0.1,0.1
249,3,0,82.9302,550.0,1990.4835,3721.4726,5485.3312,95.24,96.22,135.66,78.418,126.681,44.436,0,0,0,1,0,1,0,0.1628,-0.1303,-0.0075,-0.0566,0.4948,0.1
249,4,0,236.3366,550.0,-4662.8669,-2234.6468,-4600.4638,100.0,97.06,156.61,68.659,179.638,29.526,0,0,0,1,0,0,0,-0.5486,0.1246,-0.1409,-0.2775,-0.1,0.1
249,5,1,188.4562,550.0,-1356.5804,-6737.8972,-812.8177,100.0,97.06,158.1,0.728,198.38,348.09,0,0,0,1,0,0,0,-0.2869,-0.1131,-0.1504,-0.0503,-0.1,0.1
249,6,1,123.503,550.0,-4414.9601,-2676.805,4609.022,100.0,95.77,158.01,231.402,214.41,55.174,0,0,0,1,0,0,0,0.2248,-0.0271,-0.0777,-0.1931,-0.1,0.1
249,7,1,127.6739,550.0,-4362.1211,-3119.6599,4374.9129,100.0,98.86,131.78,347.441,66.606,80.863,0,0,0,1,0,0,0,-0.1163,-0.2371,-0.0685,0.0649,0.2756,0.1
249,8,1,239.6528,550.0,2453.5858,-4373.4742,-4769.9981,100.0,96.88,157.59,186.047,263.255,92.472,0,0,0,1,0,0,1,-0.1947,0.0354,0.0365,-0.3742,-0.1,0.1
249,9,1,225.1121,550.0,1442.5917,-5521.1934,-3916.0687,100.0,96.97,155.73,131.688,30.15,270.564,0,0,0,1,0,0,0,0.2855,-0.1503,0.0416,-0.2321,-0.1,0.1
250,0,0,212.1885,550.0,-6246.7172,-457.0782,-2944.46,100.0,96.97,159.17,284.322,163.132,151.237,0,0,0,1,0,0,0,0.0152,-0.1042,-0.0369,-0.1673,-0.1,0.1
250,1,0,164.4894,550.0,-6074.7368,2968.6739,1478.1032,100.0,96.97,160.54,247.133,15.858,6.31,0,0,0,1,0,0,0,-0.1442,-0.0966,-0.1307,-0.0663,0.014,0.1
250,2,0,227.0094,550.0,-5391.9626,-1574.9803,-4043.0703,100.0,97.0,152.54,68.211,15.026,17.561,0,0,0,1,0,0,0,0.1133,-0.2485,0.1175,-0.1035,-0.1,0.1
250,3,0,84.6226,550.0,1803.8004,3789.8819,5503.0301,94.46,96.22,134.88,68.418,119.98,36.307,0,0,0,1,0,1,0,0.1643,-0.1345,-0.0053,-0.0556,0.5067,0.1
250,4,0,236.7045,550.0,-4634.1185,-2253.9659,-4620.0459,100.0,97.06,157.06,60.51,175.364,19.526,0,0,0,1,0,0,0,-0.5429,0.1241,-0.1368,-0.2805,-0.1,0.1
250,5,1,189.8039,550.0,-1264.296,-6739.1383,-941.1754,100.0,97.06,158.54,352.188,191.821,338.309,0,0,0,1,0,0,0,-0.2784,-0.1142,-0.1477,-0.0526,-0.1,0.1
250,6,1,124.5699,550.0,-4406.886,-2786.434,4551.4154,100.0,95.77,158.44,236.11,209.216,45.174,0,0,0,1,0,0,0,0.2317,-0.0316,-0.0769,-0.192,-0.1,0.1
250,7,1,129.9467,550.0,-4327.4555,-3349.1662,4237.5058,100.0,98.86,132.22,337.441,65.056,75.129,0,0,0,1,0,0,0,-0.1032,-0.2381,-0.0653,0.0618,0.2571,0.1
250,8,1,239.7025,550.0,2451.749,-4371.8662,-4772.4159,100.0,96.88,158.03,176.138,260.837,82.472,0,0,0,1,0,0,1,-0.1896,0.0345,0.0394,-0.3765,-0.1,0.1
250,9,1,225.8789,550.0,1492.4897,-5470.6782,-3967.9209,100.0,96.97,156.18,126.338,25.131,260.82,0,0,0,1,0,0,1,0.2861,-0.1512,0.0444,-0.2341,-0.1,0.1
251,0,0,213.1493,550.0,-6204.0438,-524.1148,-3022.48,100.0,96.97,159.6,274.322,159.201,141.237,0,0,0,1,0,0,0,0.1773,-0.0308,-0.0527,-0.1672,-0.1,0.1
251,1,0,165.9459,550.0,-6143.6037,2890.4539,1342.2558,100.0,96.97,160.97,244.827,10.695,356.31,0,0,0,1,0,0,0,-0.129,-0.0974,-0.1281,-0.0678,0.0041,0.1
251,2,0,228.9577,550.0,-5253.3766,-1709.6137,-4168.8724,100.0,97.0,152.98,58.211,12.326,20.132,0,0,0,1,0,0,0,-0.3045,-0.2679,0.0263,0.0553,-0.1,0.1
251,3,0,86.3418,550.0,1612.636,3856.4691,5516.0939,93.68,96.22,134.1,58.418,113.277,28.152,0,0,0,1,0,1,0,0.1656,-0.1387,-0.003,-0.0546,0.5198,0.1
251,4,0,237.0513,550.0,-4607.0541,-2271.8402,-4638.3226,100.0,97.06,157.52,52.434,171.021,9.526,0,0,0,1,0,0,0,-0.5627,0.1458,-0.1372,-0.2719,-0.1,0.1
251,5,1,191.1375,550.0,-1172.3601,-6736.902,-1067.691,100.0,97.06,158.97,343.621,185.147,328.551,0,0,0,1,0,0,0,-0.7382,-0.0529,-0.2313,0.0451,-0.1,0.1
251,6,1,125.6576,550.0,-4397.282,-2897.3315,4491.0603,100.0,95.77,158.87,240.801,203.983,35.174,0,0,0,1,0,0,0,0.2385,-0.0359,-0.076,-0.1909,-0.1,0.1
251,7,1,132.2383,550.0,-4286.1127,-3575.3726,4092.2109,100.0,98.86,132.65,327.441,63.474,69.424,0,0,0,1,0,0,0,-0.0889,-0.2387,-0.0617,0.0575,0.238,0.1
251,8,1,239.7299,550.0,2448.4741,-4372.245,-4773.75,100.0,96.88,158.48,166.262,258.435,72.472,0,0,0,1,0,0,1,-0.2408,0.0686,0.0333,-0.3873,-0.1,0.1
251,9,1,226.6285,550.0,1540.9908,-5420.5021,-4017.928,100.0,96.97,156.64,120.877,20.165,250.934,0,0,0,1,0,0,1,0.2476,-0.2206,0.1066,-0.2828,-0.1,0.1
252,0,0,214.0989,550.0,-6160.3193,-590.2462,-3098.7605,100.0,96.97,160.02,264.322,155.244,131.237,0,0,0,1,0,0,0,0.1839,-0.0354,-0.0505,-0.1687,-0.1,0.1
252,1,0,167.4028,550.0,-6208.7151,2810.4949,1205.4942,100.0,96.97,161.4,242.5,5.45,346.31,0,0,0,1,0,0,0,-0.2075,-0.0419,-0.1648,-0.074,-0.0061,0.1
252,2,0,230.8717,550.0,-5111.6679,-1840.1627,-4287.7609,100.0,97.0,153.41,48.211,9.641,22.729,0,0,0,1,0,0,0,-0.2998,-0.2674,0.0296,0.0499,-0.1,0.1
252,3,0,88.0879,550.0,1417.0773,3921.03,5524.2788,92.9,96.22,133.32,48.418,106.574,19.969,0,0,0,1,0,1,0,0.1666,-0.143,-0.0007,-0.0534,0.5343,0.1
252,4,0,237.3766,550.0,-4581.7106,-2288.2703,-4655.3183,100.0,97.06,157.97,44.43,166.612,359.526,0,0,0,1,0,0,0,-0.5596,0.1452,-0.1339,-0.2746,-0.1,0.1
252,5,1,192.4565,550.0,-1080.8955,-6731.3056,-1192.2378,100.0,97.06,159.4,335.027,178.358,318.814,0,0,0,1,0,0,0,-0.7271,-0.0551,-0.2273,0.043,-0.1,0.1
252,6,1,126.7657,550.0,-4386.0711,-3009.3625,4427.9068,100.0,95.77,159.31,245.463,198.679,25.174,0,0,0,1,0,0,0,-0.2029,-0.0583,-0.1445,-0.1146,-0.1,0.1
252,7,1,134.5478,550.0,-4238.005,-3797.7076,3939.1587,100.0,98.86,133.09,317.441,61.864,63.745,0,0,0,1,0,0,0,-0.075,-0.239,-0.058,0.0529,0.2182,0.1
252,8,1,239.7351,550.0,2443.755,-4374.6088,-4774.0026,100.0,96.88,158.93,156.421,256.052,62.472,0,0,0,1,0,0,1,-0.2384,0.068,0.0353,-0.3896,-0.1,0.1
252,9,1,227.3608,550.0,1588.0792,-5370.7554,-4066.1077,100.0,96.97,157.07,115.301,15.196,240.999,0,0,0,1,0,0,1,-0.4726,-0.2307,-0.0054,-0.0983,-0.1,0.1
253,0,0,215.0368,550.0,-6115.6361,-655.4244,-3173.2719,100.0,96.97,160.45,254.322,151.263,121.237,0,0,0,1,0,0,0,0.1903,-0.04,-0.0482,-0.1702,-0.1,0.1
253,1,0,168.8593,550.0,-6269.9917,2728.8913,1067.9879,100.0,96.97,161.83,240.151,0.124,336.31,0,0,0,1,0,0,0,-0.1906,-0.043,-0.1618,-0.075,-0.0164,0.1
253,2,0,232.7505,550.0,-4967.3537,-1966.5396,-4399.8137,100.0,97.0,153.85,38.211,6.972,25.348,0,0,0,1,0,0,0,-0.2952,-0.2669,0.0328,0.0445,-0.1,0.1
253,3,0,89.8611,550.0,1217.2309,3983.353,5527.3401,92.12,96.22,132.54,38.418,99.872,11.761,0,0,0,1,0,1,0,0.1674,-0.1474,0.0017,-0.0521,0.5501,0.1
253,4,0,237.6805,550.0,-4558.1224,-2303.257,-4671.0564,100.0,97.06,158.43,36.508,162.126,349.526,0,0,0,1,0,0,0,-0.5708,0.1632,-0.1529,-0.2642,-0.1,0.1
253,5,1,193.7598,550.0,-990.023,-6722.475,-1314.6959,100.0,97.06,159.83,326.405,171.458,309.098,0,0,0,1,0,0,0,-0.7159,-0.0574,-0.2233,0.0409,-0.1,0.1
253,6,1,127.8939,550.0,-4373.1777,-3122.3867,4361.91,100.0,95.77,159.74,250.093,193.303,15.174,0,0,0,1,0,0,0,-0.1951,-0.0633,-0.1433,-0.1116,-0.1,0.1
253,7,1,136.8742,550.0,-4183.0682,-4015.5959,3778.5144,100.0,98.86,133.52,307.441,60.227,58.09,0,0,0,1,0,0,0,-0.0616,-0.2392,-0.0544,0.048,0.1977,0.1
253,8,1,239.7181,550.0,2437.5848,-4378.9531,-4773.1741,100.0,96.88,159.38,146.613,253.687,52.472,0,0,0,1,0,0,1,-0.2361,0.0673,0.0374,-0.3919,-0.1,0.1
253,9,1,228.0752,550.0,1633.741,-5321.5263,-4112.4796,100.0,96.97,157.5,109.609,10.225,231.015,0,0,0,1,0,0,1,-0.4703,-0.2309,-0.0038,-0.1,-0.1,0.1
254,0,0,215.9627,550.0,-6070.0881,-719.6035,-3245.9887,100.0,96.97,160.87,244.322,147.26,111.237,0,0,0,1,0,0,0,0.1966,-0.0446,-0.0458,-0.1718,-0.1,0.1
254,1,0,170.3146,550.0,-6327.3656,2645.7427,929.9091,100.0,96.97,162.25,237.78,354.718,326.31,0,0,0,1,0,0,0,-0.1739,-0.0441,-0.1588,-0.0761,-0.027,0.1
254,2,0,234.5934,550.0,-4820.9388,-2088.677,-4505.1325,100.0,97.0,154.28,28.211,4.321,27.986,0,0,0,1,0,0,0,-0.2906,-0.2664,0.0361,0.0389,-0.1,0.1
254,3,0,91.6612,550.0,1013.2238,4043.2198,5525.0333,91.34,96.22,131.76,28.418,93.172,3.527,0,0,0,1,0,1,0,0.1679,-0.1518,0.0042,-0.0507,0.5673,0.1
254,4,0,237.9628,550.0,-4536.3212,-2316.8008,-4685.5592,100.0,97.06,158.89,28.667,157.566,339.526,0,0,0,1,0,0,0,-0.5683,0.1627,-0.1495,-0.267,-0.1,0.1
254,5,1,195.0469,550.0,-899.8606,-6710.5441,-1434.9529,100.0,97.06,160.26,317.752,164.449,299.401,0,0,0,1,0,0,0,-0.7047,-0.0596,-0.2192,0.0387,-0.1,0.1
254,6,1,129.0417,550.0,-4358.528,-3236.2581,4293.0302,100.0,95.77,160.17,254.689,187.856,5.174,0,0,0,1,0,0,0,-0.1873,-0.0682,-0.142,-0.1087,-0.1,0.1
254,7,1,139.2166,550.0,-4121.2626,-4228.4611,3610.4781,100.0,98.86,133.95,297.441,58.564,52.457,0,0,0,1,0,0,0,-0.0486,-0.2392,-0.0507,0.043,0.1766,0.1
254,8,1,239.6788,550.0,2429.9563,-4385.2709,-4771.2632,100.0,96.88,159.83,136.839,251.341,42.472,0,0,0,1,0,0,1,-0.2337,0.0665,0.0396,-0.394,-0.1,0.1
254,9,1,228.7717,550.0,1677.9639,-5272.9012,-4157.0652,100.0,96.97,157.94,103.802,5.253,221.015,0,0,0,1,0,0,1,-0.468,-0.231,-0.0022,-0.1018,-0.1,0.1
255,0,0,216.8761,550.0,-6023.7701,-782.7396,-3316.8891,100.0,96.97,161.3,234.322,143.235,101.237,0,0,0,1,0,0,0,0.2027,-0.0492,-0.0434,-0.1733,-0.1,0.1
255,1,0,171.7678,550.0,-6380.7811,2561.1537,791.432,100.0,96.97,162.68,235.395,349.228,316.31,0,0,0,1,0,0,0,-0.1874,-0.0282,-0.1694,-0.0843,-0.0378,0.1
255,2,0,236.3998,550.0,-4672.9138,-2206.5269,-4603.8415,100.0,97.0,154.71,18.211,1.685,30.621,0,0,0,1,0,0,0,-0.2599,-0.2218,0.0298,-0.0069,-0.1,0.1
255,3,0,93.4884,550.0,805.2046,4100.4056,5517.1152,90.56,96.22,130.98,18.418,86.475,355.269,0,0,0,1,0,1,0,0.1681,-0.1562,0.0067,-0.0492,0.586,0.1
255,4,0,238.2234,550.0,-4516.3356,-2328.9016,-4698.8478,100.0,97.06,159.35,20.907,152.933,329.526,0,0,0,1,0,0,0,-0.5659,0.1622,-0.1461,-0.2699,-0.1,0.1
255,5,1,196.3168,550.0,-810.5233,-6695.654,-1552.904,100.0,97.06,160.7,309.069,157.332,289.723,0,0,0,1,0,0,0,-0.6935,-0.0618,-0.2151,0.0364,-0.1,0.1
255,6,1,130.2087,550.0,-4342.0499,-3350.826,4221.2331,100.0,95.77,160.6,259.248,182.338,355.174,0,0,0,1,0,0,0,-0.1797,-0.0731,-0.1408,-0.1058,-0.1,0.1
255,7,1,141.5738,550.0,-4052.5742,-4435.7299,3435.2852,100.0,98.86,134.39,287.441,56.877,46.843,0,0,0,1,0,0,0,-0.036,-0.239,-0.047,0.0378,0.1549,0.1
255,8,1,239.6173,550.0,2420.8613,-4393.5527,-4768.2666,100.0,96.88,160.28,127.097,249.017,32.472,0,0,0,1,0,0,1,-0.2314,0.0656,0.0418,-0.396,-0.1,0.1
255,9,1,229.4498,550.0,1720.7371,-5224.964,-4199.8876,100.0,96.97,158.37,97.88,0.281,211.015,0,0,0,1,0,0,1,-0.4651,-0.2314,-0.0004,-0.1038,-0.1,0.1
256,0,0,217.7764,550.0,-5976.7781,-844.7913,-3385.9552,100.0,96.97,161.73,224.322,139.189,91.237,0,0,0,1,0,0,0,0.2086,-0.0537,-0.0409,-0.1749,-0.1,0.1
256,1,0,173.218,550.0,-6430.1944,2475.2337,652.7321,100.0,96.97,163.11,232.996,343.654,306.31,0,0,0,1,0,0,0,-0.171,-0.029,-0.1664,-0.0856,-0.0488,0.1
256,2,0,238.169,550.0,-4523.7534,-2320.0598,-4696.0855,100.0,97.0,155.14,8.211,359.065,33.25,0,0,0,1,0,0,0,-0.2549,-0.2205,0.033,-0.0129,-0.1,0.1
256,3,0,95.3424,550.0,593.344,4154.6804,5503.3458,89.78,96.22,130.2,8.418,79.764,346.984,0,0,0,1,0,1,0,0.1059,-0.123,-0.0297,-0.0532,0.6062,0.1
256,4,0,238.4622,550.0,-4498.1919,-2339.5593,-4710.9418,100.0,97.06,159.8,13.229,148.228,319.526,0,0,0,1,0,0,0,-0.5635,0.1616,-0.1426,-0.2726,-0.1,0.1
256,5,1,197.569,550.0,-722.1227,-6677.9523,-1668.4521,100.0,97.06,161.13,300.353,150.109,280.061,0,0,0,1,0,0,0,-0.6822,-0.0641,-0.2109,0.0341,-0.1,0.1
256,6,1,131.3944,550.0,-4323.6741,-3465.9344,4146.4904,100.0,95.77,161.03,263.794,176.735,345.174,0,0,0,1,0,0,0,-0.2569,-0.0279,-0.1708,-0.1039,-0.1,0.1
256,7,1,143.9448,550.0,-3977.0157,-4636.8349,3253.206,100.0,98.86,134.82,277.441,55.169,41.245,0,0,0,1,0,0,0,-0.0238,-0.2386,-0.0432,0.0323,0.1325,0.1
256,8,1,239.5337,550.0,2410.2914,-4403.7861,-4764.1793,100.0,96.88,160.73,117.388,246.715,22.472,0,0,0,1,0,0,1,-0.2292,0.0646,0.044,-0.3979,-0.1,0.1
256,9,1,230.1093,550.0,1762.0514,-5177.7964,-4240.9716,100.0,96.97,158.8,91.841,355.31,201.015,0,0,0,1,0,0,1,-0.4618,-0.2318,0.0016,-0.1059,-0.1,0.1
257,0,0,218.6633,550.0,-5929.2082,-905.7193,-3453.173,100.0,96.97,162.16,214.322,135.088,81.237,0,0,0,1,0,0,0,-0.3047,-0.0919,-0.1112,-0.0958,-0.1,0.1
257,1,0,174.6644,550.0,-6475.5739,2388.0959,513.9854,100.0,96.97,163.54,230.582,337.999,296.31,0,0,0,1,0,0,0,-0.1548,-0.0297,-0.1635,-0.0869,-0.06,0.1
257,2,0,239.9006,550.0,-4373.9152,-2429.2637,-4782.0273,100.0,97.0,155.56,358.211,356.456,35.867,0,0,0,1,0,0,0,-0.2807,-0.2024,0.0204,-0.0225,-0.1,0.1
257,3,0,97.2233,550.0,377.8358,4205.809,5483.489,88.99,96.22,129.42,358.418,73.039,338.673,0,0,0,1,0,1,0,0.1069,-0.1285,-0.0269,-0.0513,0.6279,0.1
257,4,0,238.6793,550.0,-4481.9133,-2348.7733,-4721.8596,100.0,97.06,160.24,5.567,143.518,309.526,0,0,0,1,0,0,0,-0.3587,0.0337,-0.0091,-0.2968,-0.1,0.1
257,5,1,198.8025,550.0,-634.7671,-6657.5927,-1781.5082,100.0,97.06,161.56,291.605,142.783,270.415,0,0,0,1,0,0,0,-0.671,-0.0663,-0.2067,0.0316,-0.1,0.1
257,6,1,132.5983,550.0,-4303.3335,-3581.4228,4068.7801,100.0,95.77,161.46,268.322,171.048,335.174,0,0,0,1,0,0,0,-0.2479,-0.0333,-0.169,-0.1002,-0.1,0.1
257,7,1,146.3284,550.0,-3894.6276,-4831.2193,3064.5452,100.0,98.86,135.25,267.441,53.442,35.66,0,0,0,1,0,0,0,-0.012,-0.2382,-0.0394,0.0267,0.1095,0.1
257,8,1,239.4278,550.0,2398.2374,-4415.9562,-4758.9945,100.0,96.88,161.18,107.71,244.436,12.472,0,0,0,1,0,0,1,-0.2269,0.0636,0.0464,-0.3997,-0.1,0.1
257,9,1,230.75,550.0,1801.8988,-5131.4779,-4280.3431,100.0,96.97,159.24,85.694,350.335,191.015,0,0,0,1,0,0,1,-0.4769,-0.2165,-0.0083,-0.1138,-0.1,0.1
258,0,0,219.5363,550.0,-5881.1572,-965.4865,-3518.5319,100.0,96.97,162.58,204.322,130.941,71.237,0,0,0,1,0,0,0,-0.4496,-0.1374,-0.0904,-0.0305,-0.1,0.1
258,1,0,176.106,550.0,-6516.9007,2299.8576,375.368,100.0,96.97,163.97,228.153,332.264,286.31,0,0,0,1,0,0,0,-0.1388,-0.0303,-0.1605,-0.0884,-0.0714,0.1
258,2,0,241.5938,550.0,-4223.8384,-2534.1429,-4861.8463,100.0,97.0,155.98,348.211,353.873,38.486,0,0,0,1,0,0,0,-0.4358,-0.1062,0.0525,0.0041,-0.1,0.1
258,3,0,99.131,550.0,158.8978,4253.5523,5457.3149,88.22,96.22,128.64,348.418,66.298,330.37,0,0,0,1,0,1,0,-0.0301,-0.1313,-0.0318,0.0143,0.6512,0.1
258,4,0,238.8744,550.0,-4467.5207,-2356.5424,-4731.6178,100.0,97.06,160.7,357.978,138.719,299.526,0,0,0,1,0,0,0,-0.3599,0.147,-0.1807,-0.2913,-0.1,0.1
258,5,1,200.0168,550.0,-548.5609,-6634.7338,-1891.9909,100.0,97.06,161.99,282.783,135.398,260.791,0,0,0,1,0,0,0,-0.4413,-0.1469,-0.1185,0.0436,-0.1,0.1
258,6,1,133.82,550.0,-4280.9646,-3697.1265,3988.087,100.0,95.77,161.89,272.832,165.277,325.174,0,0,0,1,0,0,0,-0.239,-0.0388,-0.1672,-0.0966,-0.1,0.1
258,7,1,148.7234,550.0,-3805.4784,-5018.3399,2869.6411,100.0,98.86,135.68,257.441,51.696,30.086,0,0,0,1,0,0,0,-0.0004,-0.2376,-0.0355,0.0209,0.0859,0.1
258,8,1,239.2999,550.0,2384.6895,-4430.0457,-4752.7037,100.0,96.88,161.62,98.044,242.176,2.472,0,0,0,1,0,0,1,-0.4781,0.0226,0.0382,-0.3668,-0.1,0.1
258,9,1,231.3715,550.0,1840.2726,-5086.0852,-4318.0291,100.0,96.97,159.67,79.444,345.351,181.015,0,0,0,1,0,0,1,-0.3193,-0.2066,-0.0171,-0.1379,-0.1,0.1
259,0,0,220.395,550.0,-5832.7218,-1024.0583,-3582.0249,100.0,96.97,163.02,194.322,126.796,61.237,0,0,0,1,0,0,0,0.0429,-0.1612,0.0016,-0.1489,-0.1,0.1
259,1,0,177.542,550.0,-6554.1682,2210.6392,237.055,100.0,96.97,164.39,225.708,326.45,276.31,0,0,0,1,0,0,0,-0.1231,-0.0308,-0.1575,-0.09,-0.0829,0.1
259,2,0,243.2482,550.0,-4073.943,-2634.7173,-4935.7365,100.0,97.0,156.39,338.211,351.317,41.104,0,0,0,1,0,0,0,-0.4334,-0.1054,0.0534,-0.0013,-0.1,0.1
259,3,0,101.0651,550.0,-63.228,4297.6682,5424.6006,87.44,96.22,127.86,338.418,59.543,322.074,0,0,0,1,0,1,0,-0.0271,-0.1377,-0.0286,0.0164,0.6762,0.1
259,4,0,239.0476,550.0,-4455.0321,-2362.8651,-4740.2319,100.0,97.06,161.16,350.46,133.82,289.526,0,0,0,1,0,0,0,-0.4761,0.14,-0.198,-0.2268,-0.1,0.1
259,5,1,201.2111,550.0,-463.6044,-6609.5388,-1999.8271,100.0,97.06,162.42,273.887,127.956,251.187,0,0,0,1,0,0,0,-0.4315,-0.1483,-0.1149,0.0394,-0.1,0.1
259,6,1,135.059,550.0,-4256.507,-3812.8766,3904.4027,100.0,95.77,162.32,277.319,159.423,315.174,0,0,0,1,0,0,0,-0.2302,-0.0442,-0.1654,-0.0931,-0.1,0.1
259,7,1,151.1285,550.0,-3709.6652,-5197.6713,2668.8645,100.0,98.86,136.11,247.441,49.935,24.519,0,0,0,1,0,0,0,0.0108,-0.2369,-0.0315,0.015,0.0617,0.1
259,8,1,239.1498,550.0,2369.6376,-4446.0342,-4745.2965,100.0,96.88,162.07,88.373,239.972,352.472,0,0,0,1,0,0,1,0.0934,-0.0083,0.1124,-0.3728,-0.1,0.1
259,9,1,231.9738,550.0,1877.1673,-5041.6927,-4354.0577,100.0,96.97,160.11,73.09,340.359,171.015,0,0,0,1,0,0,1,-0.317,-0.2071,-0.015,-0.1404,-0.1,0.1
260,0,0,221.2391,550.0,-5783.9984,-1081.402,-3643.6483,100.0,96.97,163.44,184.322,122.564,51.244,0,0,0,1,0,0,0,-0.9045,-0.0638,-0.1708,0.0136,-0.1,0.1
260,1,0,178.9714,550.0,-6587.3823,2120.5639,99.2198,100.0,96.97,164.82,223.248,320.558,266.31,0,0,0,1,0,0,0,-0.1075,-0.0312,-0.1546,-0.0917,-0.0946,0.1
260,2,0,244.8634,550.0,-3924.6288,-2731.0205,-5003.9041,100.0,97.0,156.81,328.211,348.788,43.719,0,0,0,1,0,0,0,-0.4309,-0.1045,0.0543,-0.0068,-0.1,0.1
260,3,0,103.0257,550.0,-288.2747,4337.9125,5385.1327,86.66,96.22,127.07,328.418,52.775,313.788,0,0,0,1,0,1,0,-0.0244,-0.144,-0.0253,0.0187,0.7027,0.1
260,4,0,239.1987,550.0,-4444.4628,-2367.7392,-4747.7154,100.0,97.06,161.61,343.01,128.823,279.526,0,0,0,1,0,0,0,-0.4741,0.1377,-0.1971,-0.2277,-0.1,0.1
260,5,1,202.3847,550.0,-379.9939,-6582.1748,-2104.9513,100.0,97.06,162.85,264.916,120.457,241.6,0,0,0,1,0,0,0,-0.4217,-0.1496,-0.1115,0.0351,-0.1,0.1
260,6,1,136.3147,550.0,-4229.9042,-3928.5007,3817.7263,100.0,95.77,162.75,281.781,153.487,305.174,0,0,0,1,0,0,0,-0.2217,-0.0496,-0.1635,-0.0897,-0.1,0.1
260,7,1,153.5426,550.0,-3607.3141,-5368.7097,2462.617,100.0,98.86,136.53,237.441,48.16,18.957,0,0,0,1,0,0,0,0.0218,-0.2361,-0.0275,0.0089,0.0368,0.1
260,8,1,238.9777,550.0,2353.071,-4463.899,-4736.7609,100.0,96.88,162.52,78.72,237.813,342.472,0,0,0,1,0,0,1,0.0247,0.0346,0.0897,-0.379,-0.1,0.1
260,9,1,232.5564,550.0,1912.5786,-4998.372,-4388.4577,100.0,96.97,160.55,66.633,335.361,161.015,0,0,0,1,0,0,1,-0.3147,-0.2075,-0.0128,-0.1428,-0.1,0.1
261,0,0,222.0681,550.0,-5735.0832,-1137.4873,-3703.4017,100.0,96.97,163.87,174.322,118.252,41.256,0,0,0,1,0,0,0,-0.8834,-0.0749,-0.1637,0.0119,-0.1,0.1
261,1,0,180.3936,550.0,-6616.5614,2029.7574,-37.9659,100.0,96.97,165.25,220.78,314.54,256.31,0,0,0,1,0,0,0,-0.8044,-0.016,-0.2534,-0.0088,-0.1,0.1
261,2,0,246.4389,550.0,-3776.2756,-2823.0993,-5066.5663,100.0,97.0,157.23,318.211,346.287,46.33,0,0,0,1,0,0,0,-0.4481,-0.1125,0.0574,-0.0098,-0.1,0.1
261,3,0,105.0123,550.0,-515.95,4374.0402,5338.7085,85.89,96.22,126.29,318.418,45.996,305.513,0,0,0,1,0,1,0,-0.0221,-0.1503,-0.022,0.021,0.7309,0.1
261,4,0,239.3278,550.0,-4435.8257,-2371.1621,-4754.0805,100.0,97.06,162.07,335.632,123.742,269.526,0,0,0,1,0,0,0,-0.338,0.143,-0.1677,-0.2702,-0.1,0.1
261,5,1,203.5371,550.0,-297.8214,-6552.8119,-2207.3061,100.0,97.06,163.28,255.862,112.913,232.027,0,0,0,1,0,0,0,-0.3712,-0.1651,-0.0924,0.0276,-0.1,0.1
261,6,1,137.5866,550.0,-4201.1036,-4043.8232,3728.0644,100.0,95.77,163.18,286.216,147.471,295.174,0,0,0,1,0,0,0,-0.2133,-0.0549,-0.1617,-0.0864,-0.1,0.1
261,7,1,155.9642,550.0,-3498.5795,-5530.9762,2251.3295,100.0,98.86,136.98,227.441,46.303,13.462,0,0,0,1,0,0,0,-0.5917,-0.1998,-0.165,0.1361,0.0115,0.1
261,8,1,238.7836,550.0,2334.9787,-4483.6145,-4727.0832,100.0,96.88,162.97,69.097,235.685,332.472,0,0,0,1,0,0,1,-0.1242,0.0595,0.0627,-0.3742,-0.1,0.1
261,9,1,233.1193,550.0,1946.5027,-4956.1922,-4421.2585,100.0,96.97,160.99,60.084,330.38,151.015,0,0,0,1,0,0,1,0.1405,-0.1821,0.0342,-0.2489,-0.1,0.1
262,0,0,222.8816,550.0,-5686.0715,-1192.2859,-3761.2878,100.0,96.97,164.29,164.322,113.859,31.274,0,0,0,1,0,0,0,-0.8752,-0.0775,-0.1597,0.0104,-0.1,0.1
262,1,0,181.8074,550.0,-6641.7361,1938.3472,-174.3337,100.0,96.97,165.68,218.304,308.395,246.31,0,0,0,1,0,0,0,-0.8011,-0.0156,-0.2529,-0.0097,-0.1,0.1
262,2,0,247.9744,550.0,-3629.2419,-2911.0122,-5123.9489,100.0,97.0,157.65,308.211,343.816,48.932,0,0,0,1,0,0,0,-0.4453,-0.1116,0.0586,-0.0154,-0.1,0.1
262,3,0,107.0248,550.0,-745.9364,4405.8068,5285.1382,85.11,96.22,125.51,308.418,39.208,297.249,0,0,0,1,0,1,0,-0.0201,-0.1565,-0.0186,0.0234,0.7609,0.1
262,4,0,239.4348,550.0,-4429.1307,-2373.1306,-4759.3375,100.0,97.06,162.51,328.279,118.556,259.526,0,0,0,1,0,0,0,-0.7388,0.0508,-0.2097,-0.155,-0.1,0.1
262,5,1,204.6674,550.0,-217.1743,-6521.6223,-2306.8416,100.0,97.06,163.7,246.726,105.324,222.465,0,0,0,1,0,0,0,-0.3617,-0.1663,-0.0889,0.0229,-0.1,0.1
262,6,1,138.8741,550.0,-4170.0574,-4158.6657,3635.4315,100.0,95.77,163.61,290.621,141.375,285.174,0,0,0,1,0,0,0,-0.2051,-0.0602,-0.1597,-0.0831,-0.1,0.1
262,7,1,158.3921,550.0,-3383.6442,-5684.0212,2035.4598,100.0,98.86,137.43,217.441,44.365,8.035,0,0,0,1,0,0,0,-0.5826,-0.201,-0.162,0.1352,-0.0145,0.1
262,8,1,238.5676,550.0,2315.3495,-4505.1526,-4716.2483,100.0,96.88,163.41,59.49,233.557,322.472,0,0,0,1,0,0,1,-0.4931,0.0342,-0.0017,-0.3265,-0.1,0.1
262,9,1,233.6621,550.0,1978.9372,-4915.2195,-4452.4898,100.0,96.97,161.44,53.444,325.418,141.015,0,0,0,1,0,0,1,0.1447,-0.1827,0.0373,-0.2525,-0.1,0.1
263,0,0,223.6793,550.0,-5637.0579,-1245.7719,-3817.3122,100.0,96.97,164.71,154.322,109.388,21.297,0,0,0,1,0,0,0,-0.8668,-0.0802,-0.1557,0.0089,-0.1,0.1
263,1,0,183.2122,550.0,-6662.9493,1846.462,-309.7184,100.0,96.97,166.1,215.82,302.125,236.31,0,0,0,1,0,0,0,-0.7979,-0.0152,-0.2523,-0.0106,-0.1,0.1
263,2,0,249.4694,550.0,-3483.8656,-2994.8284,-5176.2848,100.0,97.0,158.06,298.211,341.375,51.524,0,0,0,1,0,0,0,-0.4425,-0.1106,0.0598,-0.0212,-0.1,0.1
263,3,0,109.0627,550.0,-977.8911,4432.9694,5224.2466,84.33,96.22,124.73,298.418,32.412,288.998,0,0,0,1,0,1,0,-0.0184,-0.1627,-0.0151,0.0258,0.7925,0.1
263,4,0,239.5197,550.0,-4424.3854,-2373.6407,-4763.495,100.0,97.06,162.95,320.951,113.266,249.526,0,0,0,1,0,0,0,-0.7378,0.0481,-0.2075,-0.1555,-0.1,0.1
263,5,1,205.7751,550.0,-138.1358,-6488.7805,-2403.5156,100.0,97.06,164.13,237.505,97.692,212.913,0,0,0,1,0,0,0,-0.3524,-0.1674,-0.0855,0.018,-0.1,0.1
263,6,1,140.1766,550.0,-4136.7225,-4272.8478,3539.8503,100.0,95.77,164.04,294.994,135.2,275.174,0,0,0,1,0,0,0,-0.1971,-0.0655,-0.1578,-0.08,-0.1,0.1
263,7,1,160.8249,550.0,-3262.7188,-5827.4268,1815.4901,100.0,98.86,137.88,207.441,42.347,2.676,0,0,0,1,0,0,0,-0.5739,-0.2021,-0.1588,0.1341,-0.041,0.1
263,8,1,238.3297,550.0,2294.1716,-4528.4822,-4704.2392,100.0,96.88,163.85,49.901,231.429,312.472,0,0,0,1,0,0,1,-0.4898,0.0334,0.0012,-0.3284,-0.1,0.1
263,9,1,234.1848,550.0,2009.88,-4875.5174,-4482.1818,100.0,96.97,161.89,46.713,320.476,131.015,0,0,0,1,0,0,1,0.149,-0.1833,0.0404,-0.2561,-0.1,0.1
264,0,0,224.4609,550.0,-5588.1356,-1297.921,-3871.4833,100.0,96.97,165.14,144.322,104.842,11.323,0,0,0,1,0,0,0,-0.8583,-0.0829,-0.1516,0.0073,-0.1,0.1
264,1,0,184.607,550.0,-6680.2555,1754.2315,-443.9591,100.0,96.97,166.54,213.262,295.778,226.31,0,0,0,1,0,0,0,-0.4507,-0.1489,-0.152,-0.0319,-0.1,0.1
264,2,0,250.9236,550.0,-3340.4637,-3074.6261,-5223.8126,100.0,97.0,158.48,288.211,338.964,54.103,0,0,0,1,0,0,0,-0.4397,-0.1096,0.0611,-0.027,-0.1,0.1
264,3,0,111.1257,550.0,-1211.4461,4455.2882,5155.8749,86.48,96.22,125.15,288.418,25.611,280.762,0,0,0,1,0,0,0,-0.0171,-0.1689,-0.0116,0.0284,1.0,0.1
264,4,0,239.5824,550.0,-4421.5946,-2372.6881,-4766.5599,100.0,97.06,163.39,313.645,107.874,239.526,0,0,0,1,0,0,0,-0.7368,0.0454,-0.205,-0.1559,-0.1,0.1
264,5,1,206.8596,550.0,-60.7843,-6454.4615,-2497.2931,100.0,97.06,164.56,228.201,90.019,203.367,0,0,0,1,0,0,0,-0.3431,-0.1684,-0.082,0.0131,-0.1,0.1
264,6,1,141.4935,550.0,-4101.0608,-4386.1874,3441.3517,100.0,95.77,164.47,299.33,128.947,265.174,0,0,0,1,0,0,0,-0.1893,-0.0707,-0.1558,-0.0769,-0.1,0.1
264,7,1,163.2612,550.0,-3136.0406,-5960.8108,1591.9249,100.0,98.86,138.33,197.441,40.252,357.382,0,0,0,1,0,0,0,-0.5654,-0.2031,-0.1556,0.1329,-0.068,0.1
264,8,1,238.07,550.0,2271.4334,-4553.5696,-4691.0378,100.0,96.88,164.28,40.328,229.303,302.472,0,0,0,1,0,0,1,-0.4866,0.0327,0.0042,-0.3303,-0.1,0.1
264,9,1,234.6871,550.0,2039.33,-4837.1466,-4510.3644,100.0,96.97,162.34,39.889,315.556,121.015,0,0,0,1,0,0,1,0.1532,-0.1839,0.0435,-0.2597,-0.1,0.1
265,0,0,225.2259,550.0,-5539.3969,-1348.7112,-3923.8121,100.0,96.97,165.56,134.322,100.222,1.352,0,0,0,1,0,0,0,-0.8496,-0.0856,-0.1475,0.0057,-0.1,0.1
265,1,0,185.991,550.0,-6693.7206,1661.7859,-576.8995,100.0,96.97,166.97,210.629,289.356,216.31,0,0,0,1,0,0,0,-0.4489,-0.1498,-0.1503,-0.0329,-0.1,0.1
265,2,0,252.3367,550.0,-3199.3325,-3150.4921,-5266.7743,100.0,97.0,158.9,278.211,336.585,56.665,0,0,0,1,0,0,0,-0.4368,-0.1085,0.0624,-0.033,-0.1,0.1
265,3,0,113.2133,550.0,-1446.2088,4472.5283,5079.883,88.58,96.22,125.61,278.418,18.746,272.609,0,0,0,1,0,0,0,-0.4386,-0.2158,-0.1269,0.1679,0.9,0.1
265,4,0,239.6229,550.0,-4420.7606,-2370.2677,-4768.5373,100.0,97.06,163.83,306.36,102.381,229.526,0,0,0,1,0,0,0,-0.7359,0.0426,-0.2024,-0.1562,-0.1,0.1
265,5,1,207.9203,550.0,14.8059,-6418.8411,-2588.1463,100.0,97.06,164.98,218.811,82.307,193.825,0,0,0,1,0,0,0,-0.334,-0.1694,-0.0785,0.0082,-0.1,0.1
265,6,1,142.8242,550.0,-4063.0398,-4498.5013,3339.9752,100.0,95.77,164.91,303.629,122.617,255.174,0,0,0,1,0,0,0,-0.1821,-0.0759,-0.1538,-0.074,-0.1,0.1
265,7,1,165.6996,550.0,-3003.8726,-6083.8294,1365.2874,100.0,98.86,138.78,187.441,38.027,352.16,0,0,0,1,0,0,0,-1.0,-0.069,-0.2578,0.1417,-0.0956,0.1
265,8,1,237.7886,550.0,2247.1228,-4580.3784,-4676.6241,100.0,96.88,164.72,30.77,227.181,292.472,0,0,0,1,0,0,1,-0.4833,0.0318,0.0072,-0.332,-0.1,0.1
265,9,1,235.1688,550.0,2067.2862,-4800.165,-4537.0679,100.0,96.97,162.79,32.974,310.659,111.015,0,0,0,1,0,0,1,0.1575,-0.1846,0.0466,-0.2633,-0.1,0.1
266,0,0,225.9741,550.0,-5490.9323,-1398.1224,-3974.3121,100.0,96.97,165.99,124.322,95.53,351.383,0,0,0,1,0,0,0,-0.8409,-0.0883,-0.1434,0.004,-0.1,0.1
266,1,0,187.3633,550.0,-6703.4219,1569.2553,-708.3884,100.0,96.97,167.4,207.921,282.86,206.31,0,0,0,1,0,0,0,-0.4472,-0.1505,-0.1485,-0.034,-0.1,0.1
266,2,0,253.7085,550.0,-3060.748,-3222.5201,-5305.4149,100.0,97.0,159.33,268.211,334.237,59.207,0,0,0,1,0,0,0,-0.4339,-0.1073,0.0638,-0.039,-0.1,0.1
266,3,0,115.3251,550.0,-1681.7625,4484.4611,4996.151,90.68,96.22,126.06,268.418,11.82,264.542,0,0,0,1,0,0,0,-0.4261,-0.2243,-0.1216,0.1718,0.9,0.1
266,4,0,239.6412,550.0,-4421.883,-2366.3738,-4769.4304,100.0,97.06,164.27,299.095,96.787,219.526,0,0,0,1,0,0,0,-0.735,0.0398,-0.1997,-0.1565,-0.1,0.1
266,5,1,208.9566,550.0,88.5656,-6382.0946,-2676.0541,100.0,97.06,165.41,209.337,74.558,184.284,0,0,0,1,0,0,0,-0.3251,-0.1703,-0.0751,0.0031,-0.1,0.1
266,6,1,144.1681,550.0,-4022.6328,-4609.6058,3235.7689,100.0,95.77,165.34,307.888,116.211,245.174,0,0,0,1,0,0,0,-0.1751,-0.0811,-0.1518,-0.0711,-0.1,0.1
266,7,1,168.1386,550.0,-2866.5023,-6196.1799,1136.1165,100.0,98.86,139.23,177.441,35.675,347.008,0,0,0,1,0,0,0,-1.0,-0.0692,-0.2559,0.1403,-0.1,0.1
266,8,1,237.4856,550.0,2221.2281,-4608.8694,-4660.9773,100.0,96.88,165.17,21.227,225.099,282.472,0,0,0,1,0,0,1,-0.0311,0.0288,0.0801,-0.3599,-0.1,0.1
266,9,1,235.6298,550.0,2093.7486,-4764.6276,-4562.3219,100.0,96.97,163.24,25.965,305.787,101.015,0,0,0,1,0,0,1,0.1618,-0.1852,0.0497,-0.2669,-0.1,0.1
267,0,0,226.7051,550.0,-5442.831,-1446.1364,-4022.999,100.0,96.97,166.41,114.322,90.752,341.412,0,0,0,1,0,0,0,-0.9062,-0.0509,-0.1722,-0.003,-0.1,0.1
267,1,0,188.7232,550.0,-6709.4471,1476.769,-838.2804,100.0,96.97,167.84,205.137,276.29,196.31,0,0,0,1,0,0,0,-0.4454,-0.1513,-0.1468,-0.0352,-0.1,0.1
267,2,0,255.0386,550.0,-2924.9661,-3290.8099,-5339.9798,100.0,97.0,159.75,258.211,331.922,61.727,0,0,0,1,0,0,0,-0.431,-0.1061,0.0652,-0.045,-0.1,0.1
267,3,0,117.4605,550.0,-1917.6673,4490.8656,4904.5814,92.77,96.22,126.51,258.418,4.836,256.563,0,0,0,1,0,0,0,-0.4139,-0.2326,-0.1162,0.1755,0.9,0.1
267,4,0,239.6373,550.0,-4424.9588,-2361.0001,-4769.2409,100.0,97.06,164.73,291.885,91.115,209.526,0,0,0,1,0,0,0,-0.2562,0.1091,-0.1576,-0.2651,-0.1,0.1
267,5,1,209.968,550.0,160.4295,-6344.3969,-2761.002,100.0,97.06,165.83,199.777,66.772,174.743,0,0,0,1,0,0,0,-0.3163,-0.1712,-0.0717,-0.0019,-0.1,0.1
267,6,1,145.5244,550.0,-3979.8189,-4719.3177,3128.7894,100.0,95.77,165.77,312.103,109.73,235.174,0,0,0,1,0,0,0,-0.1683,-0.0863,-0.1497,-0.0683,-0.1,0.1
267,7,1,170.5769,550.0,-2724.2395,-6297.6027,904.9639,100.0,98.86,139.67,167.441,33.195,341.925,0,0,0,1,0,0,0,-1.0,-0.0694,-0.2538,0.1389,-0.1,0.1
267,8,1,237.1611,550.0,2193.7371,-4639.0005,-4644.075,100.0,96.88,165.63,11.653,223.093,272.472,0,0,0,1,0,0,1,0.3247,-0.0633,0.1528,-0.3787,-0.1,0.1
267,9,1,236.0699,550.0,2118.7171,-4730.5867,-4586.1561,100.0,96.97,163.69,18.864,300.942,91.015,0,0,0,1,0,0,1,0.166,-0.1858,0.0528,-0.2706,-0.1,0.1
268,0,0,227.4187,550.0,-5395.1802,-1492.7365,-4069.8905,100.0,96.97,166.83,104.322,85.89,331.439,0,0,0,1,0,0,0,-0.8983,-0.0534,-0.1681,-0.0048,-0.1,0.1
268,1,0,190.0697,550.0,-6711.8943,1384.4556,-966.4362,100.0,96.97,168.27,202.277,269.648,186.31,0,0,0,1,0,0,0,-0.4438,-0.152,-0.145,-0.0365,-0.1,0.1
268,2,0,256.327,550.0,-2792.2235,-3355.4661,-5370.7147,100.0,97.0,160.17,248.211,329.64,64.221,0,0,0,1,0,0,0,-0.428,-0.1047,0.0666,-0.0512,-0.1,0.1
268,3,0,119.619,550.0,-2153.4617,4491.531,4805.1008,94.87,96.22,126.96,248.418,357.796,248.673,0,0,0,1,0,0,0,-0.4009,-0.2384,-0.1129,0.1769,0.9,0.1
268,4,0,239.6112,550.0,-4429.9825,-2354.1398,-4767.9684,100.0,97.06,165.18,284.728,85.366,199.526,0,0,0,1,0,0,0,-0.2479,0.1069,-0.1547,-0.2663,-0.1,0.1
268,5,1,210.9538,550.0,230.3372,-6305.9211,-2842.9817,100.0,97.06,166.26,190.131,58.953,165.198,0,0,0,1,0,0,0,-0.3075,-0.1721,-0.0683,-0.007,-0.1,0.1
268,6,1,146.8926,550.0,-3934.5837,-4827.4542,3019.1022,100.0,95.77,166.2,316.272,103.176,225.174,0,0,0,1,0,0,0,-0.1618,-0.0913,-0.1475,-0.0656,-0.1,0.1
268,7,1,173.0128,550.0,-2577.4154,-6387.884,672.3901,100.0,98.86,140.12,157.441,30.59,336.911,0,0,0,1,0,0,0,-1.0,-0.0696,-0.2517,0.1373,-0.1,0.1
268,8,1,236.8151,550.0,2164.6384,-4670.7268,-4625.8937,100.0,96.88,166.09,2.046,221.165,262.472,0,0,0,1,0,0,1,0.3285,-0.0644,0.1554,-0.3807,-0.1,0.1
268,9,1,236.489,550.0,2142.1922,-4698.0917,-4608.5994,100.0,96.97,164.14,11.67,296.124,81.015,0,0,0,1,0,0,1,0.1703,-0.1864,0.0559,-0.2742,-0.1,0.1
269,0,0,228.1145,550.0,-5348.0653,-1537.908,-4115.0065,100.0,96.97,167.25,94.322,80.946,321.463,0,0,0,1,0,0,0,-0.8902,-0.0559,-0.1639,-0.0066,-0.1,0.1
269,1,0,191.4021,550.0,-6710.8711,1292.4422,-1092.723,100.0,96.97,168.7,199.341,262.935,176.31,0,0,0,1,0,0,0,-0.4421,-0.1526,-0.1432,-0.0379,-0.1,0.1
269,2,0,257.5734,550.0,-2662.738,-3416.5973,-5397.8635,100.0,97.0,160.59,238.211,327.393,66.687,0,0,0,1,0,0,0,-0.425,-0.1034,0.068,-0.0574,-0.1,0.1
269,3,0,121.8,550.0,-2388.6632,4486.2573,4697.6616,96.96,96.22,127.42,238.418,350.692,240.867,0,0,0,1,0,0,0,-0.4182,-0.2257,-0.1263,0.1703,0.6801,0.1
269,4,0,239.5629,550.0,-4436.9457,-2345.7853,-4765.6107,100.0,97.06,165.63,277.624,79.541,189.526,0,0,0,1,0,0,0,-0.2397,0.1045,-0.1515,-0.2674,-0.1,0.1
269,5,1,211.9297,550.0,299.4848,-6266.1681,-2923.3008,100.0,97.06,166.68,180.398,51.101,155.647,0,0,0,1,0,0,0,-0.299,-0.1729,-0.065,-0.0122,-0.1,0.1
269,6,1,148.2718,550.0,-3886.9192,-4933.8344,2906.7814,100.0,95.77,166.63,320.394,96.549,215.174,0,0,0,1,0,0,0,-0.1555,-0.0963,-0.1453,-0.063,-0.1,0.1
269,7,1,175.445,550.0,-2426.3796,-6466.8568,438.961,100.0,98.86,140.56,147.441,27.86,331.964,0,0,0,1,0,0,0,-1.0,-0.0697,-0.2495,0.1357,-0.1,0.1
269,8,1,236.4479,550.0,2133.9202,-4704.0008,-4606.4088,100.0,96.88,166.55,352.406,219.316,252.472,0,0,0,1,0,0,1,0.3322,-0.0655,0.158,-0.3827,-0.1,0.1
269,9,1,236.8869,550.0,2164.1742,-4667.189,-4629.6801,100.0,96.97,164.59,4.382,291.336,71.015,0,0,0,1,0,0,1,0.1746,-0.187,0.0591,-0.2778,-0.1,0.1
270,0,0,228.7922,550.0,-5301.5694,-1581.6375,-4158.3682,100.0,96.97,167.68,84.322,75.913,311.478,0,0,0,1,0,0,0,-0.8498,-0.0346,-0.1782,-0.0175,-0.1,0.1
270,1,0,192.7196,550.0,-6706.4943,1200.854,-1217.015,100.0,96.97,169.14,196.328,256.151,166.31,0,0,0,1,0,0,0,-0.4393,-0.1527,-0.1415,-0.04,-0.1,0.1
270,2,0,258.7775,550.0,-2536.7095,-3474.3152,-5421.6676,100.0,97.0,161.01,228.211,325.178,69.123,0,0,0,1,0,0,0,-0.4379,-0.0879,0.0666,-0.0591,-0.1,0.1
270,3,0,124.0026,550.0,-2622.7705,4474.8581,4582.244,99.06,96.22,127.87,228.418,343.526,233.148,0,0,0,1,0,0,0,-0.4077,-0.2299,-0.1243,0.1714,0.6358,0.1
270,4,0,239.4925,550.0,-4445.8378,-2335.9287,-4762.1639,100.0,97.06,166.08,270.546,73.65,179.526,0,0,0,1,0,0,0,-0.3355,0.0537,-0.1317,-0.2679,-0.1,0.1
270,5,1,212.8951,550.0,367.8175,-6225.2249,-3001.9205,100.0,97.06,167.11,170.592,43.2,146.109,0,0,0,1,0,0,0,-0.4756,-0.1488,-0.0974,0.0252,-0.1,0.1
270,6,1,149.6615,550.0,-3836.8241,-5038.2796,2791.9098,100.0,95.77,167.06,324.456,89.895,205.174,0,0,0,1,0,0,0,0.2846,-0.1177,-0.0534,-0.1269,-0.1,0.1
270,7,1,177.872,550.0,-2271.4987,-6534.402,205.2442,100.0,98.86,141.01,137.441,25.075,327.09,0,0,0,1,0,0,0,-0.462,-0.2214,-0.1107,0.1436,-0.1,0.1
270,8,1,236.0595,550.0,2101.5715,-4738.7718,-4585.5949,100.0,96.88,166.98,342.751,217.474,242.472,0,0,0,1,0,0,1,0.1175,-0.03,0.0137,-0.3351,-0.1,0.1
270,9,1,237.2635,550.0,2184.6639,-4637.9224,-4649.4258,100.0,96.97,165.06,357.016,286.654,61.015,0,0,0,1,0,0,1,0.2837,-0.156,0.2134,-0.3108,-0.1,0.1
271,0,0,229.4516,550.0,-5255.7737,-1623.9135,-4199.9987,100.0,96.97,168.1,74.322,70.792,301.483,0,0,0,1,0,0,0,-0.8443,-0.0361,-0.1749,-0.0196,-0.1,0.1
271,1,0,194.0214,550.0,-6698.889,1109.8141,-1339.1935,100.0,96.97,169.57,193.239,249.296,156.31,0,0,0,1,0,0,0,-0.4366,-0.1527,-0.1398,-0.0421,-0.1,0.1
271,2,0,259.9394,550.0,-2414.3205,-3528.7334,-5442.3652,100.0,97.0,161.44,218.211,322.998,71.527,0,0,0,1,0,0,0,-0.4362,-0.0862,0.0678,-0.0654,-0.1,0.1
271,3,0,126.2263,550.0,-2855.2656,4457.1618,4458.8572,100.0,96.22,128.32,218.418,336.3,225.514,0,0,0,1,0,0,0,-0.3975,-0.2338,-0.1223,0.1722,0.5898,0.1
271,4,0,239.3999,550.0,-4456.6452,-2324.5613,-4757.6223,100.0,97.06,166.52,263.494,67.695,169.526,0,0,0,1,0,0,0,-0.3268,0.051,-0.1281,-0.2692,-0.1,0.1
271,5,1,213.8494,550.0,435.2822,-6183.1807,-3078.8061,100.0,97.06,167.54,160.709,35.253,136.582,0,0,0,1,0,0,0,-0.466,-0.1508,-0.0929,0.0228,-0.1,0.1
271,6,1,151.0609,550.0,-3784.304,-5140.614,2674.5788,100.0,95.77,167.49,328.458,83.216,195.174,0,0,0,1,0,0,0,0.2822,-0.1215,-0.0514,-0.1254,-0.1,0.1
271,7,1,180.2923,550.0,-2113.1534,-6590.4498,-28.1944,100.0,98.86,141.46,127.441,22.237,322.285,0,0,0,1,0,0,0,-0.4477,-0.2228,-0.1052,0.1395,-0.1,0.1
271,8,1,235.6501,550.0,2067.5815,-4774.9865,-4563.4254,100.0,96.88,167.42,333.081,215.64,232.472,0,0,0,1,0,0,1,0.1261,-0.032,0.0164,-0.3365,-0.1,0.1
271,9,1,237.6186,550.0,2203.6618,-4610.3328,-4667.8633,100.0,96.97,165.52,349.579,282.072,51.015,0,0,0,1,0,0,1,0.1846,-0.1403,0.1982,-0.2729,-0.1,0.1
272,0,0,230.0924,550.0,-5210.757,-1664.7255,-4239.9223,100.0,96.97,168.52,64.322,65.586,291.483,0,0,0,1,0,0,0,-0.8389,-0.0375,-0.1717,-0.0217,-0.1,0.1
272,1,0,195.3067,550.0,-6688.1886,1019.4429,-1459.1473,100.0,96.97,170.01,190.034,242.463,146.31,0,0,0,1,0,0,0,0.096,-0.2322,0.042,-0.1222,-0.1,0.1
272,2,0,261.0588,550.0,-2295.7369,-3579.9667,-5460.1897,100.0,97.0,161.86,208.211,320.852,73.894,0,0,0,1,0,0,0,-0.4345,-0.0845,0.069,-0.0718,-0.1,0.1
272,3,0,128.4702,550.0,-3085.6153,4433.0135,4327.541,100.0,96.22,128.77,208.418,329.013,217.966,0,0,0,1,0,0,0,-0.3856,-0.2372,-0.12,0.1716,0.5418,0.1
272,4,0,239.2851,550.0,-4469.3518,-2311.6741,-4751.9784,100.0,97.06,166.97,256.466,61.677,159.526,0,0,0,1,0,0,0,-0.318,0.0482,-0.1245,-0.2704,-0.1,0.1
272,5,1,214.7923,550.0,501.828,-6140.1266,-3153.9269,100.0,97.06,167.96,150.75,27.261,127.065,0,0,0,1,0,0,0,-0.4566,-0.1529,-0.0884,0.0202,-0.1,0.1
272,6,1,152.4692,550.0,-3729.3716,-5240.6655,2554.8881,100.0,95.77,167.92,332.397,76.512,185.174,0,0,0,1,0,0,0,0.2796,-0.1253,-0.0492,-0.1238,-0.1,0.1
272,7,1,182.7044,550.0,-1951.7366,-6634.9794,-260.7946,100.0,98.86,141.9,117.441,19.349,317.548,0,0,0,1,0,0,0,-0.4339,-0.224,-0.0997,0.1352,-0.1,0.1
272,8,1,235.2198,550.0,2031.9402,-4812.5887,-4539.8733,100.0,96.88,167.86,323.42,213.787,222.472,0,0,0,1,0,0,1,-0.3996,0.0196,-0.0368,-0.3508,-0.1,0.1
272,9,1,237.9522,550.0,2221.1686,-4584.458,-4685.0182,100.0,96.97,165.96,342.096,277.556,41.015,0,0,0,1,0,0,1,-0.1746,-0.0952,0.1323,-0.1981,-0.1,0.1
273,0,0,230.7143,550.0,-5166.5959,-1704.0646,-4278.1645,100.0,96.97,168.95,54.322,60.295,281.483,0,0,0,1,0,0,0,-0.8332,-0.0391,-0.1684,-0.0238,-0.1,0.1
273,1,0,196.5748,550.0,-6674.5331,929.858,-1576.7729,100.0,96.97,170.45,186.713,235.653,136.31,0,0,0,1,0,0,0,0.1016,-0.2324,0.0455,-0.126,-0.1,0.1
273,2,0,262.1356,550.0,-2181.1092,-3628.1303,-5475.3697,100.0,97.0,162.28,198.211,318.741,76.223,0,0,0,1,0,0,0,-0.4327,-0.0827,0.0702,-0.0782,-0.1,0.1
273,3,0,130.7336,550.0,-3313.2743,4402.2765,4188.3668,100.0,96.22,129.23,198.418,321.667,210.503,0,0,0,1,0,0,0,-0.3724,-0.2403,-0.1175,0.1697,0.4921,0.1
273,4,0,239.1483,550.0,-4483.9389,-2297.2576,-4745.2229,100.0,97.06,167.41,249.46,55.6,149.526,0,0,0,1,0,0,0,-0.309,0.0454,-0.1207,-0.2716,-0.1,0.1
273,5,1,215.7232,550.0,567.4062,-6096.1552,-3227.2562,100.0,97.06,168.39,140.75,19.228,117.557,0,0,0,1,0,0,0,-0.4474,-0.1548,-0.0839,0.0176,-0.1,0.1
273,6,1,153.8856,550.0,-3672.0467,-5338.2666,2432.9456,100.0,95.77,168.35,336.272,69.784,175.174,0,0,0,1,0,0,0,0.2771,-0.1291,-0.047,-0.1222,-0.1,0.1
273,7,1,185.1068,550.0,-1787.6501,-6668.0191,-492.0052,100.0,98.86,142.35,107.441,16.414,312.876,0,0,0,1,0,0,0,-0.4204,-0.2251,-0.0943,0.1306,-0.1,0.1
273,8,1,234.7687,550.0,1994.6379,-4851.5194,-4514.9109,100.0,96.88,168.3,313.769,211.918,212.472,0,0,0,1,0,0,1,-0.3948,0.0189,-0.0346,-0.3524,-0.1,0.1
273,9,1,238.2641,550.0,2237.1846,-4560.3335,-4700.9153,100.0,96.97,166.41,334.564,273.107,31.015,0,0,0,1,0,0,1,-0.1694,-0.0965,0.1352,-0.2015,-0.1,0.1
274,0,0,231.3172,550.0,-5123.3643,-1741.923,-4314.7518,100.0,96.97,169.37,44.322,54.922,271.483,0,0,0,1,0,0,0,-0.8274,-0.0406,-0.165,-0.0259,-0.1,0.1
274,1,0,197.8249,550.0,-6658.0695,841.1736,-1691.9746,100.0,96.97,170.89,183.276,228.867,126.31,0,0,0,1,0,0,0,0.1072,-0.2327,0.049,-0.1298,-0.1,0.1
274,2,0,263.1697,550.0,-2070.5731,-3673.3393,-5488.1278,100.0,97.0,162.71,188.211,316.666,78.509,0,0,0,1,0,0,0,-0.4309,-0.0808,0.0715,-0.0847,-0.1,0.1
274,3,0,133.0154,550.0,-3537.6873,4364.8345,4041.439,100.0,96.22,129.68,188.418,314.265,203.124,0,0,0,1,0,0,0,-0.3596,-0.243,-0.1148,0.1675,0.4405,0.1
274,4,0,238.9895,550.0,-4500.3851,-2281.3018,-4737.345,100.0,97.06,167.85,242.476,49.464,139.526,0,0,0,1,0,0,0,-0.3,0.0426,-0.1167,-0.2726,-0.1,0.1
274,5,1,216.6416,550.0,631.9703,-6051.3605,-3298.771,100.0,97.06,168.82,130.75,11.201,107.987,0,0,0,1,0,0,0,0.035,-0.1883,0.0135,-0.123,-0.1,0.1
274,6,1,155.3095,550.0,-3612.3563,-5433.2546,2308.8671,100.0,95.77,168.78,340.08,63.034,165.174,0,0,0,1,0,0,0,0.2743,-0.1328,-0.0446,-0.1206,-0.1,0.1
274,7,1,187.4981,550.0,-1621.3026,-6689.6459,-721.2878,100.0,98.86,142.77,97.441,13.478,308.214,0,0,0,1,0,0,0,-0.07,-0.2335,-0.0021,0.0197,-0.1,0.1
274,8,1,234.2971,550.0,1955.666,-4891.7167,-4488.5097,100.0,96.88,168.73,304.108,210.016,202.472,0,0,0,1,0,0,1,-0.7869,-0.0186,-0.0635,-0.2135,-0.1,0.1
274,9,1,238.5542,550.0,2251.7101,-4537.9916,-4715.5779,100.0,96.97,166.84,326.998,268.7,21.015,0,0,0,1,0,0,1,-0.4465,-0.0675,0.0831,-0.1441,-0.1,0.1
275,0,0,231.9007,550.0,-5081.1337,-1778.294,-4349.7116,100.0,96.97,169.79,34.322,49.468,261.483,0,0,0,1,0,0,0,-0.8216,-0.0422,-0.1616,-0.0282,-0.1,0.1
275,1,0,199.0563,550.0,-6638.9505,753.5007,-1804.6646,100.0,96.97,171.33,179.722,222.107,116.31,0,0,0,1,0,0,0,0.1128,-0.2329,0.0525,-0.1337,-0.1,0.1
275,2,0,264.1611,550.0,-1964.2501,-3715.7073,-5498.68,100.0,97.0,163.13,178.211,314.627,80.749,0,0,0,1,0,0,0,-0.429,-0.0789,0.0728,-0.0911,-0.1,0.1
275,3,0,135.3148,550.0,-3758.2926,4320.5925,3886.8957,100.0,96.22,130.13,178.418,306.806,195.827,0,0,0,1,0,0,0,-0.3471,-0.2454,-0.112,0.1651,0.3871,0.1
275,4,0,238.8086,550.0,-4518.6662,-2263.7963,-4728.3319,100.0,97.06,168.29,235.509,43.245,129.526,0,0,0,1,0,0,0,-0.6853,0.0341,-0.1654,-0.2133,-0.1,0.1
275,5,1,217.5472,550.0,695.4757,-6005.8373,-3368.4526,100.0,97.06,169.25,120.75,3.184,98.354,0,0,0,1,0,0,0,0.0428,-0.1893,0.0184,-0.1275,-0.1,0.1
275,6,1,156.74,550.0,-3550.3346,-5525.4732,2182.776,100.0,95.77,169.21,343.82,56.263,155.174,0,0,0,1,0,0,0,0.2714,-0.1366,-0.0422,-0.119,-0.1,0.1
275,7,1,189.8769,550.0,-1453.1069,-6699.9843,-948.1198,100.0,98.86,143.2,87.441,10.544,303.558,0,0,0,1,0,0,0,-0.0602,-0.233,0.0026,0.0134,-0.1,0.1
275,8,1,233.805,550.0,1915.0166,-4933.1158,-4460.6413,100.0,96.88,169.17,294.41,208.115,192.472,0,0,0,1,0,0,1,-0.4173,-0.0743,0.0,-0.2977,-0.1,0.1
275,9,1,238.8225,550.0,2264.745,-4517.4621,-4729.0282,100.0,96.97,167.27,319.398,264.335,11.015,0,0,0,1,0,0,1,-0.4426,-0.0679,0.0853,-0.1469,-0.1,0.1
276,0,0,232.4647,550.0,-5039.9731,-1813.1721,-4383.0719,100.0,96.97,170.22,24.322,43.952,251.49,0,0,0,1,0,0,0,-0.7141,-0.1317,-0.125,0.0134,-0.1,0.1
276,1,0,200.2682,550.0,-6617.3338,666.9462,-1914.7631,100.0,96.97,171.78,176.032,215.38,106.31,0,0,0,1,0,0,0,0.1088,-0.2704,0.0662,-0.121,-0.1,0.1
276,2,0,265.1257,550.0,-1860.4518,-3756.0447,-5507.3668,100.0,97.0,163.56,168.211,312.635,82.957,0,0,0,1,0,0,0,-0.4001,-0.1567,0.093,-0.0656,-0.1,0.1
276,3,0,137.6309,550.0,-3974.5243,4269.479,3724.909,100.0,96.22,130.59,168.418,299.298,188.62,0,0,0,1,0,0,0,-0.3112,-0.2938,-0.0974,0.1793,0.3319,0.1
276,4,0,238.6058,550.0,-4538.7555,-2244.7307,-4718.1695,100.0,97.06,168.73,228.533,36.942,119.526,0,0,0,1,0,0,0,-0.7955,-0.0191,-0.1697,-0.1433,-0.1,0.1
276,5,1,218.4394,550.0,757.8805,-5959.6812,-3436.2856,100.0,97.06,169.7,110.75,355.196,88.657,0,0,0,1,0,0,0,0.0915,-0.2524,0.058,-0.1277,-0.1,0.1
276,6,1,158.1763,550.0,-3486.0231,-5614.7724,2054.8029,100.0,95.77,169.64,347.467,49.479,145.174,0,0,0,1,0,0,0,0.2533,-0.1862,-0.0265,-0.101,-0.1,0.1
276,7,1,192.2417,550.0,-1283.4769,-6699.2052,-1171.9976,100.0,98.86,143.63,77.441,7.62,298.913,0,0,0,1,0,0,0,-0.0584,-0.2731,0.021,0.0195,-0.1,0.1
276,8,1,233.2927,550.0,1872.6831,-4975.6493,-4431.2767,100.0,96.88,169.61,284.631,206.223,182.472,0,0,0,1,0,0,1,-0.2991,-0.1633,0.0188,-0.2542,-0.1,0.1
276,9,1,239.0689,550.0,2276.2891,-4498.7717,-4741.287,100.0,96.97,167.71,311.729,260.032,1.015,0,0,0,1,0,0,1,-0.3015,-0.1398,0.1217,-0.1671,-0.1,0.1
277,0,0,233.0089,550.0,-4999.9487,-1846.5525,-4414.861,100.0,96.97,170.65,14.322,38.375,241.502,0,0,0,1,0,0,0,-0.7068,-0.1337,-0.1214,0.011,-0.1,0.1
277,1,0,201.4601,550.0,-6593.3816,581.6134,-2022.1981,100.0,96.97,172.23,172.208,208.688,96.31,0,0,0,1,0,0,0,0.1141,-0.2706,0.0693,-0.1248,-0.1,0.1
277,2,0,266.0634,550.0,-1759.2527,-3794.4167,-5514.3153,100.0,97.0,163.99,158.211,310.69,85.13,0,0,0,1,0,0,0,-0.3956,-0.1569,0.0955,-0.0693,-0.1,0.1
277,3,0,139.9625,550.0,-4185.8164,4211.4466,3555.6855,100.0,96.22,131.04,158.418,291.743,181.501,0,0,0,1,0,0,0,-0.3023,-0.2946,-0.094,0.1757,0.29,0.1
277,4,0,238.3811,550.0,-4560.6235,-2224.0939,-4706.8419,100.0,97.06,169.16,221.545,30.555,109.526,0,0,0,1,0,0,0,-0.7916,-0.0215,-0.1662,-0.1439,-0.1,0.1
277,5,1,219.3179,550.0,819.1448,-5912.9881,-3502.2585,100.0,97.06,170.14,100.75,347.229,78.892,0,0,0,1,0,0,0,0.0735,-0.2404,0.0442,-0.1354,-0.1,0.1
277,6,1,159.6177,550.0,-3419.4705,-5701.0094,1925.0855,100.0,95.77,170.07,351.018,42.683,135.174,0,0,0,1,0,0,0,0.25,-0.1896,-0.0241,-0.0994,-0.1,0.1
277,7,1,194.591,550.0,-1112.8256,-6687.5236,-1392.4395,100.0,98.86,144.06,67.441,4.708,294.274,0,0,0,1,0,0,0,-0.0493,-0.2726,0.0257,0.0131,-0.1,0.1
277,8,1,232.7603,550.0,1828.6597,-5019.2468,-4400.387,100.0,96.88,170.06,274.769,204.342,172.472,0,0,0,1,0,0,1,-0.296,-0.1642,0.021,-0.2557,-0.1,0.1
277,9,1,239.2932,550.0,2286.3415,-4481.9448,-4752.3736,100.0,96.97,168.15,303.989,255.79,351.015,0,0,0,1,0,0,1,-0.2977,-0.1405,0.1236,-0.17,-0.1,0.1
278,0,0,233.5332,550.0,-4961.1241,-1878.4313,-4445.1079,100.0,96.97,171.07,4.322,32.754,231.502,0,0,0,1,0,0,0,-0.534,-0.1705,-0.0865,-0.0237,-0.1,0.1
278,1,0,202.6311,550.0,-6567.2601,497.6014,-2126.9059,100.0,96.97,172.66,168.245,202.011,86.31,0,0,0,1,0,0,0,-0.065,-0.2765,0.0286,-0.0557,-0.1,0.1
278,2,0,266.9742,550.0,-1660.7209,-3830.8885,-5519.6504,100.0,97.0,164.44,148.211,308.818,87.235,0,0,0,1,0,0,0,-0.1865,-0.1894,0.1449,-0.1359,-0.1,0.1
278,3,0,142.3087,550.0,-4391.6059,4146.4738,3379.4665,100.0,96.22,131.5,148.418,284.144,174.468,0,0,0,1,0,0,0,-0.2936,-0.2953,-0.0904,0.172,0.2664,0.1
278,4,0,238.1346,550.0,-4584.2379,-2201.8749,-4694.3317,100.0,97.06,169.59,214.554,24.084,99.526,0,0,0,1,0,0,0,-0.8046,-0.0076,-0.169,-0.1311,-0.1,0.1
278,5,1,220.1822,550.0,879.2309,-5865.8543,-3566.3633,100.0,97.06,170.58,90.75,339.282,69.055,0,0,0,1,0,0,0,0.1968,-0.1984,0.0379,-0.1431,-0.1,0.1
278,6,1,161.0632,550.0,-3350.7328,-5784.0495,1793.7676,100.0,95.77,170.5,354.474,35.876,125.174,0,0,0,1,0,0,0,0.2466,-0.1929,-0.0216,-0.0978,-0.1,0.1
278,7,1,196.9236,550.0,-941.5621,-6665.1975,-1608.9886,100.0,98.86,144.5,57.441,1.835,289.624,0,0,0,1,0,0,0,-0.003,-0.2771,0.0753,-0.0215,-0.1,0.1
278,8,1,232.208,550.0,1782.9422,-5063.8354,-4367.9434,100.0,96.88,170.49,264.84,202.462,162.472,0,0,0,1,0,0,1,-0.4809,-0.1358,0.0036,-0.2242,-0.1,0.1
278,9,1,239.4954,550.0,2294.9011,-4467.0026,-4762.3059,100.0,96.97,168.59,296.201,251.602,341.015,0,0,0,1,0,0,1,-0.3595,-0.0966,0.1069,-0.1555,-0.1,0.1
279,0,0,234.0373,550.0,-4923.5602,-1908.8055,-4473.8415,100.0,96.97,171.5,354.322,27.092,221.502,0,0,0,1,0,0,0,-0.5269,-0.1724,-0.083,-0.0266,-0.1,0.1
279,1,0,203.7806,550.0,-6539.1382,415.0048,-2228.8301,100.0,96.97,173.1,164.144,195.349,76.31,0,0,0,1,0,0,0,-0.0611,-0.277,0.0317,-0.0591,-0.1,0.1
279,2,0,267.858,550.0,-1564.9175,-3865.5253,-5523.4942,100.0,97.0,164.89,138.211,307.02,89.271,0,0,0,1,0,0,0,-0.181,-0.1895,0.1473,-0.1399,-0.1,0.1
279,3,0,144.6682,550.0,-4591.3362,4074.5657,3196.5274,100.0,96.22,131.96,138.418,276.501,167.519,0,0,0,1,0,0,0,-0.2852,-0.2958,-0.0866,0.1682,0.2422,0.1
279,4,0,237.8664,550.0,-4609.5638,-2178.0626,-4680.6203,100.0,97.06,170.02,207.558,17.53,89.526,0,0,0,1,0,0,0,-0.8016,-0.0102,-0.1655,-0.1313,-0.1,0.1
279,5,1,221.0319,550.0,938.1035,-5818.3758,-3628.5956,100.0,97.06,171.02,80.75,331.356,59.145,0,0,0,1,0,0,0,0.2016,-0.1992,0.0425,-0.1471,-0.1,0.1
279,6,1,162.5121,550.0,-3279.8726,-5863.7666,1660.999,100.0,95.77,170.93,357.831,29.059,115.174,0,0,0,1,0,0,0,0.2431,-0.1962,-0.019,-0.0962,-0.1,0.1
279,7,1,199.2379,550.0,-770.0892,-6632.5244,-1821.2149,100.0,98.86,144.95,47.441,358.911,285.071,0,0,0,1,0,0,0,-0.6239,-0.2403,-0.101,0.1938,-0.1,0.1
279,8,1,231.6361,550.0,1735.5276,-5109.3392,-4333.9172,100.0,96.88,170.93,254.842,200.585,152.472,0,0,0,1,0,0,1,-0.4773,-0.1371,0.006,-0.2256,-0.1,0.1
279,9,1,239.6755,550.0,2301.9663,-4453.9641,-4771.1,100.0,96.97,169.02,288.364,247.468,331.015,0,0,0,1,0,0,1,-0.3564,-0.0972,0.1088,-0.1581,-0.1,0.1
280,0,0,234.5211,550.0,-4887.3151,-1937.6724,-4501.0907,100.0,96.97,171.93,344.322,21.381,211.52,0,0,0,1,0,0,0,-0.6378,-0.1476,-0.099,0.0358,-0.1,0.1
280,1,0,204.9081,550.0,-6509.1873,333.914,-2327.9226,100.0,96.97,173.54,159.904,188.705,66.31,0,0,0,1,0,0,0,-0.0572,-0.2775,0.0348,-0.0626,-0.1,0.1
280,2,0,268.7149,550.0,-1471.8977,-3898.3917,-5525.966,100.0,97.0,165.34,128.211,305.296,91.234,0,0,0,1,0,0,0,-0.1755,-0.1895,0.1498,-0.1438,-0.1,0.1
280,3,0,147.04,550.0,-4784.4612,3995.755,3007.1771,100.0,96.22,132.41,128.418,268.816,160.652,0,0,0,1,0,0,0,-0.277,-0.2963,-0.0826,0.1644,0.2174,0.1
280,4,0,237.5765,550.0,-4636.5633,-2152.6457,-4665.6874,100.0,97.06,170.45,200.555,10.895,79.526,0,0,0,1,0,0,0,-0.7984,-0.0127,-0.1618,-0.1313,-0.1,0.1
280,5,1,221.8667,550.0,995.7294,-5770.6484,-3688.954,100.0,97.06,171.45,70.75,323.369,49.275,0,0,0,1,0,0,0,-0.6622,-0.1568,-0.1205,0.0797,-0.1,0.1
280,6,1,163.9635,550.0,-3206.9597,-5940.0438,1526.9349,100.0,95.77,171.36,1.089,22.235,105.174,0,0,0,1,0,0,0,0.2396,-0.1996,-0.0164,-0.0946,-0.1,0.1
280,7,1,201.5327,550.0,-598.8011,-6589.8394,-2028.7175,100.0,98.86,145.4,37.441,355.995,280.583,0,0,0,1,0,0,0,-0.3024,-0.2913,0.0164,0.1291,-0.1,0.1
280,8,1,231.0448,550.0,1686.4144,-5155.6799,-4298.2802,100.0,96.88,171.37,244.842,198.713,142.472,0,0,0,1,0,0,1,-0.4735,-0.1384,0.0084,-0.227,-0.1,0.1
280,9,1,239.8333,550.0,2307.5351,-4442.8452,-4778.7707,100.0,96.97,169.46,280.478,243.389,321.015,0,0,0,1,0,0,1,-0.3532,-0.0978,0.1107,-0.1607,-0.1,0.1
281,0,0,234.9844,550.0,-4852.4442,-1965.0301,-4526.8845,100.0,96.97,172.36,334.322,15.579,201.563,0,0,0,1,0,0,0,-1.0,-0.0573,-0.1805,0.0504,-0.1,0.1
281,1,0,206.0128,550.0,-6477.5804,254.415,-2424.1422,100.0,96.97,173.98,155.525,182.079,56.31,0,0,0,1,0,0,0,-0.0531,-0.2779,0.0379,-0.0661,-0.1,0.1
281,2,0,269.5447,550.0,-1381.7109,-3929.5517,-5527.1819,100.0,97.0,165.79,118.211,303.649,93.123,0,0,0,1,0,0,0,-0.1701,-0.1895,0.1522,-0.1477,-0.1,0.1
281,3,0,149.4228,550.0,-4970.4485,3910.1027,2811.7574,100.0,96.22,132.86,118.418,261.093,153.865,0,0,0,1,0,0,0,-0.269,-0.2967,-0.0783,0.1606,0.1918,0.1
281,4,0,237.2651,550.0,-4665.1959,-2125.6131,-4649.5115,100.0,97.06,170.88,193.545,4.181,69.526,0,0,0,1,0,0,0,-0.7952,-0.0153,-0.1581,-0.1313,-0.1,0.1
281,5,1,222.686,550.0,1052.0776,-5722.7672,-3747.4403,100.0,97.06,171.89,60.75,315.325,39.444,0,0,0,1,0,0,0,-0.6529,-0.1594,-0.1155,0.0775,-0.1,0.1
281,6,1,165.4165,550.0,-3132.0705,-6012.7738,1391.7352,100.0,95.77,171.8,4.244,15.415,95.174,0,0,0,1,0,0,0,0.3561,-0.2059,0.0091,-0.1527,-0.1,0.1
281,7,1,203.8067,550.0,-428.0814,-6537.512,-2231.1263,100.0,98.86,145.84,27.441,353.089,276.157,0,0,0,1,0,0,0,-0.2963,-0.2918,0.0211,0.1241,-0.1,0.1
281,8,1,230.4342,550.0,1635.603,-5202.7765,-4261.0047,100.0,96.88,171.81,234.842,196.846,132.472,0,0,0,1,0,0,1,-0.4687,-0.1399,0.0109,-0.2285,-0.1,0.1
281,9,1,239.9689,550.0,2311.6047,-4433.6593,-4785.3307,100.0,96.97,169.9,272.543,239.367,311.015,0,0,0,1,0,0,1,-0.35,-0.0985,0.1127,-0.1632,-0.1,0.1
282,0,0,235.4271,550.0,-4819.0,-1990.8771,-4551.2513,100.0,96.97,172.8,324.376,9.666,191.579,0,0,0,1,0,0,0,-1.0,0.1098,-0.2242,-0.0549,-0.1,0.1
282,1,0,207.0941,550.0,-6444.4918,176.5892,-2517.4556,100.0,96.97,174.4,151.12,175.439,46.31,0,0,0,1,0,0,0,-0.1371,-0.0519,-0.0291,-0.1589,-0.1,0.1
282,2,0,270.3476,550.0,-1294.4007,-3959.0686,-5527.2547,100.0,97.0,166.23,108.256,302.037,94.873,0,0,0,1,0,0,0,-0.3585,0.0899,0.0708,-0.279,-0.1,0.1
282,3,0,151.8155,550.0,-5148.7834,3817.6983,2610.6416,100.0,96.22,133.29,108.418,253.311,147.104,0,0,0,1,0,0,0,-0.4114,-0.0625,-0.1161,0.0511,0.1656,0.1
282,4,0,236.9323,550.0,-4695.4183,-2096.9538,-4632.07,100.0,97.06,171.34,186.621,357.394,59.526,0,0,0,1,0,0,0,-0.4339,0.1712,-0.1464,-0.2989,-0.1,0.1
282,5,1,223.4897,550.0,1107.1193,-5674.8268,-3804.0595,100.0,97.06,172.33,50.806,307.177,29.559,0,0,0,1,0,0,0,-0.8451,0.1103,-0.2075,-0.1076,-0.1,0.1
282,6,1,166.8704,550.0,-3055.2877,-6081.8596,1255.5641,100.0,95.77,172.23,7.41,8.571,85.174,0,0,0,1,0,0,0,0.3557,0.0244,-0.0467,-0.2144,-0.1,0.1
282,7,1,206.0585,550.0,-258.3006,-6475.9427,-2428.1038,100.0,98.86,146.25,17.441,350.178,271.753,0,0,0,1,0,0,0,-0.3553,-0.0932,-0.0121,0.045,-0.1,0.1
282,8,1,229.8047,550.0,1583.0954,-5250.5455,-4222.0637,100.0,96.88,172.27,224.936,194.992,122.472,0,0,0,1,0,0,1,0.1545,0.1876,0.0259,-0.4644,-0.1,0.1
282,9,1,240.0822,550.0,2314.172,-4426.4171,-4790.7912,100.0,96.97,170.35,264.701,235.351,301.015,0,0,0,1,0,0,1,-0.5794,0.1852,0.0126,-0.3309,-0.1,0.1
283,0,0,235.8489,550.0,-4787.0324,-2015.2121,-4574.2193,100.0,96.97,173.25,314.513,3.655,181.579,0,0,0,1,0,0,0,-0.7903,0.1627,-0.1944,-0.1709,-0.1,0.1
283,1,0,208.1515,550.0,-6410.0958,100.5134,-2607.8362,100.0,96.97,174.82,146.689,168.786,36.31,0,0,0,1,0,0,0,-0.1296,-0.0528,-0.0258,-0.1621,-0.1,0.1
283,2,0,271.1235,550.0,-1210.006,-3987.0043,-5526.2938,100.0,97.0,166.67,98.346,300.461,96.482,0,0,0,1,0,0,0,-0.3545,0.0908,0.0729,-0.2821,-0.1,0.1
283,3,0,154.2166,550.0,-5318.9728,3718.6601,2404.2329,100.0,96.22,133.71,98.418,245.473,140.369,0,0,0,1,0,0,0,-0.3965,-0.0655,-0.1115,0.0519,0.1387,0.1
283,4,0,236.5781,550.0,-4727.1844,-2066.6571,-4613.339,100.0,97.06,171.81,179.783,350.531,49.526,0,0,0,1,0,0,0,-0.4366,0.1743,-0.1527,-0.3007,-0.1,0.1
283,5,1,224.2773,550.0,1160.8277,-5626.9204,-3858.8193,100.0,97.06,172.77,40.916,298.928,19.618,0,0,0,1,0,0,0,-0.8405,0.1102,-0.2036,-0.1102,-0.1,0.1
283,6,1,168.3242,550.0,-2976.7003,-6147.2152,1118.5892,100.0,95.77,172.65,10.586,1.706,75.174,0,0,0,1,0,0,0,0.3556,0.0184,-0.0437,-0.213,-0.1,0.1
283,7,1,208.2869,550.0,-89.8148,-6405.5603,-2619.3457,100.0,98.86,146.67,7.441,347.262,267.37,0,0,0,1,0,0,0,-0.3468,-0.094,-0.0078,0.0413,-0.1,0.1
283,8,1,229.1564,550.0,1528.8956,-5298.901,-4181.4313,100.0,96.88,172.73,215.093,193.133,112.472,0,0,0,1,0,0,1,-0.3043,0.1269,-0.0082,-0.3921,-0.1,0.1
283,9,1,240.1732,550.0,2315.2331,-4421.1267,-4795.1617,100.0,96.97,170.81,256.951,231.343,291.015,0,0,0,1,0,0,1,-0.5748,0.1847,0.0152,-0.333,-0.1,0.1
284,0,0,236.2498,550.0,-4756.5883,-2038.0344,-4595.816,100.0,96.97,173.7,304.73,357.548,171.579,0,0,0,1,0,0,0,-0.7866,0.163,-0.1919,-0.1746,-0.1,0.1
284,1,0,209.1844,550.0,-6374.5668,26.2599,-2695.2642,100.0,96.97,175.25,142.249,162.099,26.31,0,0,0,1,0,0,0,-0.3281,-0.018,-0.0682,-0.1353,-0.1,0.1
284,2,0,271.8723,550.0,-1128.5605,-4013.4197,-5524.4054,100.0,97.0,167.12,88.482,298.923,97.948,0,0,0,1,0,0,0,-0.3505,0.0917,0.075,-0.2852,-0.1,0.1
284,3,0,156.625,550.0,-5480.5484,3613.1352,2192.9626,100.0,96.22,134.13,88.418,237.585,133.66,0,0,0,1,0,0,0,-0.3537,-0.0972,-0.1012,0.0514,0.1112,0.1
284,4,0,236.2027,550.0,-4760.4451,-2034.7124,-4593.2938,100.0,97.06,172.27,173.032,343.593,39.526,0,0,0,1,0,0,0,-0.4317,0.1722,-0.1493,-0.3013,-0.1,0.1
284,5,1,225.0484,550.0,1213.1782,-5579.1404,-3911.7301,100.0,97.06,173.19,31.024,290.663,9.63,0,0,0,1,0,0,0,-0.2556,-0.0052,-0.0296,-0.0962,-0.1,0.1
284,6,1,169.7771,550.0,-2896.4029,-6208.7653,980.9813,100.0,95.77,173.08,13.752,354.823,65.174,0,0,0,1,0,0,0,0.3672,-0.0198,-0.0354,-0.2171,-0.1,0.1
284,7,1,210.4908,550.0,77.0364,-6326.818,-2804.5821,100.0,98.86,147.08,357.441,344.358,262.989,0,0,0,1,0,0,0,-0.1964,-0.1202,0.0227,0.0043,-0.1,0.1
284,8,1,228.4896,550.0,1473.0096,-5347.7547,-4139.0824,100.0,96.88,173.19,205.289,191.305,102.472,0,0,0,1,0,0,1,0.0831,0.0781,0.0587,-0.4423,-0.1,0.1
284,9,1,240.2418,550.0,2314.7838,-4417.7935,-4798.4495,100.0,96.97,171.26,249.293,227.343,281.015,0,0,0,1,0,0,1,-0.5701,0.1842,0.0178,-0.335,-0.1,0.1
285,0,0,236.6295,550.0,-4727.7119,-2059.3432,-4616.0684,100.0,96.97,174.16,295.016,351.342,161.579,0,0,0,1,0,0,0,-0.7303,0.1357,-0.1977,-0.1903,-0.1,0.1
285,1,0,210.1923,550.0,-6338.0783,-46.1033,-2779.7264,100.0,96.97,175.67,137.777,155.404,16.31,0,0,0,1,0,0,0,-0.1971,-0.0638,-0.0175,-0.1321,-0.1,0.1
285,2,0,272.5942,550.0,-1050.0938,-4038.3742,-5521.6916,100.0,97.0,167.57,78.675,297.421,99.27,0,0,0,1,0,0,0,-0.3757,0.1132,0.0716,-0.2902,-0.1,0.1
285,3,0,159.0393,550.0,-5633.0701,3501.299,1977.2879,100.0,96.22,134.56,78.418,229.649,126.976,0,0,0,1,0,0,0,-0.3396,-0.0992,-0.0967,0.0504,0.0831,0.1
285,4,0,235.8063,550.0,-4795.1488,-2001.1098,-4571.9086,100.0,97.06,172.74,166.383,336.565,29.526,0,0,0,1,0,0,0,-0.5428,0.2059,-0.179,-0.3038,-0.1,0.1
285,5,1,225.8027,550.0,1264.148,-5531.5776,-3962.8046,100.0,97.06,173.63,21.188,282.279,359.63,0,0,0,1,0,0,0,-0.8737,0.1136,-0.2407,-0.1101,-0.1,0.1
285,6,1,171.2283,550.0,-2814.4958,-6266.4465,842.9131,100.0,95.77,173.51,16.915,347.915,55.174,0,0,0,1,0,0,0,0.3283,-0.0076,-0.0493,-0.2193,-0.1,0.1
285,7,1,212.6689,550.0,241.9311,-6240.1901,-2983.578,100.0,98.86,147.5,347.441,341.474,258.631,0,0,0,1,0,0,0,-0.219,-0.1224,0.0395,0.0456,-0.1,0.1
285,8,1,227.8047,550.0,1415.4455,-5397.0163,-4094.9933,100.0,96.88,173.64,195.512,189.51,92.472,0,0,0,1,0,0,1,0.1132,0.0529,0.0688,-0.4391,-0.1,0.1
285,9,1,240.288,550.0,2312.819,-4416.4201,-4800.6606,100.0,96.97,171.71,241.714,223.359,271.015,0,0,0,1,0,0,1,-0.6124,0.1571,0.0302,-0.3258,-0.1,0.1
286,0,0,236.988,550.0,-4700.4445,-2079.1378,-4635.0025,100.0,96.97,174.61,285.369,345.039,151.579,0,0,0,1,0,0,0,-0.7268,0.1345,-0.1955,-0.1931,-0.1,0.1
286,1,0,211.1745,550.0,-6300.8024,-116.5129,-2861.2157,100.0,96.97,176.09,133.272,148.701,6.31,0,0,0,1,0,0,0,-0.1878,-0.0638,-0.0133,-0.1361,-0.1,0.1
286,2,0,273.2891,550.0,-974.6311,-4061.9255,-5518.2512,100.0,97.0,168.01,68.925,295.955,100.444,0,0,0,1,0,0,0,-0.3727,0.1142,0.0734,-0.293,-0.1,0.1
286,3,0,161.4581,550.0,-5776.13,3383.355,1757.6895,100.0,96.22,134.98,68.418,221.667,120.316,0,0,0,1,0,0,0,-0.326,-0.1011,-0.0921,0.0491,0.0543,0.1
286,4,0,235.3888,550.0,-4831.2407,-1965.8399,-4549.1568,100.0,97.06,173.21,159.837,329.449,19.526,0,0,0,1,0,0,0,-0.539,0.2051,-0.1777,-0.3058,-0.1,0.1
286,5,1,226.54,550.0,1313.7164,-5484.3212,-4012.0582,100.0,97.06,174.08,11.416,273.766,349.63,0,0,0,1,0,0,1,-0.8768,0.1264,-0.2557,-0.1023,-0.1,0.1
286,6,1,172.6767,550.0,-2731.0846,-6320.2069,704.559,100.0,95.77,173.94,20.071,340.984,45.174,0,0,0,1,0,0,0,0.3294,-0.013,-0.0459,-0.2185,-0.1,0.1
286,7,1,214.8201,550.0,404.5668,-6146.1687,-3156.1332,100.0,98.86,147.92,337.441,338.611,254.293,0,0,0,1,0,0,0,-0.212,-0.1225,0.0432,0.0407,-0.1,0.1
286,8,1,227.1018,550.0,1356.2138,-5446.5931,-4049.1417,100.0,96.88,174.1,185.76,187.751,82.472,0,0,0,1,0,0,1,0.12,0.0516,0.071,-0.4403,-0.1,0.1
286,9,1,240.3118,550.0,2309.3333,-4417.0069,-4801.7987,100.0,96.97,172.16,234.213,219.391,261.015,0,0,0,1,0,0,1,-0.6069,0.1564,0.0329,-0.3278,-0.1,0.1
287,0,0,237.3252,550.0,-4674.8249,-2097.4178,-4652.6435,100.0,96.97,175.06,275.788,338.639,141.579,0,0,0,1,0,0,0,-0.7232,0.1334,-0.1932,-0.1959,-0.1,0.1
287,1,0,212.1466,550.0,-6262.2581,-186.1759,-2941.0377,100.0,96.97,176.51,128.736,141.994,356.31,0,0,0,1,0,0,0,-0.1787,-0.0638,-0.0091,-0.1401,-0.1,0.1
287,2,0,273.9571,550.0,-902.1941,-4084.1299,-5514.179,100.0,97.0,168.46,59.233,294.527,101.471,0,0,0,1,0,0,0,-0.3697,0.1153,0.0753,-0.2958,-0.1,0.1
287,3,0,163.88,550.0,-5909.3548,3259.5334,1534.669,100.0,96.22,135.41,58.418,213.641,113.68,0,0,0,1,0,0,0,-0.3128,-0.1029,-0.0874,0.0474,0.0253,0.1
287,4,0,234.9506,550.0,-4868.6634,-1928.8937,-4525.0112,100.0,97.06,173.68,153.394,322.244,9.526,0,0,0,1,0,0,0,-0.5352,0.2043,-0.1763,-0.3078,-0.1,0.1
287,5,1,227.2599,550.0,1361.8643,-5437.459,-4059.5081,100.0,97.06,174.52,1.668,265.184,339.63,0,0,0,1,0,0,1,-0.7528,0.0497,-0.1393,-0.1687,-0.1,0.1
287,6,1,174.1216,550.0,-2646.2791,-6370.0067,566.0942,100.0,95.77,174.37,23.217,334.032,35.174,0,0,0,1,0,0,0,0.3302,-0.0183,-0.0425,-0.2178,-0.1,0.1
287,7,1,216.9434,550.0,564.6606,-6045.2599,-3322.0825,100.0,98.86,148.35,327.441,335.772,249.973,0,0,0,1,0,0,0,-0.2052,-0.1225,0.0469,0.0356,-0.1,0.1
287,8,1,226.3812,550.0,1295.3275,-5496.3906,-4001.507,100.0,96.88,174.55,176.059,185.965,72.472,0,0,0,1,0,0,1,-0.4329,0.0991,-0.0548,-0.3667,-0.1,0.1
287,9,1,240.3132,550.0,2304.3203,-4419.5512,-4801.8659,100.0,96.97,172.61,226.789,215.441,251.015,0,0,0,1,0,0,1,-0.6014,0.1557,0.0357,-0.3298,-0.1,0.1
288,0,0,237.6409,550.0,-4650.8887,-2114.1825,-4669.0157,100.0,96.97,175.52,266.278,332.173,131.579,0,0,0,1,0,0,0,-0.4538,0.14,-0.1303,-0.28,-0.1,0.1
288,1,0,213.1081,550.0,-6222.5318,-255.0361,-3019.1549,100.0,96.97,176.93,124.173,135.273,346.31,0,0,0,1,0,0,0,-0.2117,-0.0542,-0.0296,-0.1464,-0.1,0.1
288,2,0,274.5982,550.0,-832.8008,-4105.0415,-5509.566,100.0,97.0,168.92,49.634,293.091,102.334,0,0,0,1,0,0,1,-0.5456,0.1864,-0.017,-0.3271,-0.1,0.1
288,3,0,166.3037,550.0,-6032.4091,3130.0905,1308.7457,100.0,96.22,135.83,48.418,205.603,107.056,0,0,0,1,0,0,0,-0.1551,-0.1484,-0.0239,0.024,-0.0039,0.1
288,4,0,234.4917,550.0,-4907.3567,-1890.2633,-4499.444,100.0,97.06,174.15,147.075,314.974,359.526,0,0,0,1,0,0,0,-0.2552,0.2501,-0.131,-0.3937,-0.1,0.1
288,5,1,227.962,550.0,1408.5746,-5391.0766,-4105.1737,100.0,97.06,174.95,351.931,256.545,329.63,0,0,0,1,0,0,1,-0.6412,0.0213,-0.112,-0.1932,-0.1,0.1
288,6,1,175.5621,550.0,-2560.194,-6415.8184,427.6941,100.0,95.77,174.8,26.329,327.095,25.174,0,0,0,1,0,0,0,0.45,-0.0697,0.029,-0.239,-0.1,0.1
288,7,1,219.0376,550.0,721.9509,-5937.9806,-3481.2949,100.0,98.86,148.77,317.441,332.959,245.659,0,0,0,1,0,0,0,-0.1876,-0.1448,0.0516,0.0117,-0.1,0.1
288,8,1,225.6434,550.0,1232.8018,-5546.3124,-3952.0703,100.0,96.88,175.02,166.475,184.19,62.472,0,0,0,1,0,0,0,0.318,0.2372,0.0227,-0.4877,-0.1,0.1
288,9,1,240.2922,550.0,2297.7734,-4424.048,-4800.8622,100.0,96.97,173.07,219.417,211.55,241.015,0,0,0,1,0,0,1,-0.2782,0.102,0.1168,-0.3468,-0.1,0.1
289,0,0,237.9351,550.0,-4628.6691,-2129.4312,-4684.1419,100.0,96.97,175.96,256.817,325.621,121.579,0,0,0,1,0,0,0,-0.7807,0.1005,-0.1738,-0.1889,-0.1,0.1
289,1,0,214.0585,550.0,-6181.7118,-323.0394,-3095.5333,100.0,96.97,177.36,119.582,128.539,336.31,0,0,0,1,0,0,0,-0.1999,-0.0558,-0.0242,-0.1484,-0.1,0.1
289,2,0,275.2124,550.0,-766.4661,-4124.7127,-5504.4996,100.0,97.0,169.37,40.065,291.712,103.025,0,0,0,1,0,0,1,-0.3103,0.0616,0.1147,-0.3444,-0.1,0.1
289,3,0,168.7276,550.0,-6144.9976,2995.3072,1080.4539,100.0,96.22,136.25,38.418,197.554,100.442,0,0,0,1,0,0,0,-0.1451,-0.1485,-0.0205,0.02,-0.0334,0.1
289,4,0,234.0124,550.0,-4947.2574,-1849.9415,-4472.4268,100.0,97.06,174.63,140.891,307.628,349.526,0,0,0,1,0,0,0,-0.2478,0.2692,-0.152,-0.3773,-0.1,0.1
289,5,1,228.6462,550.0,1453.8318,-5345.2579,-4149.076,100.0,97.06,175.39,342.186,247.94,319.63,0,0,0,1,0,0,1,0.3454,-0.0159,0.0656,-0.2826,-0.1,0.1
289,6,1,176.9974,550.0,-2472.9476,-6457.6266,289.5335,100.0,95.77,175.23,29.405,320.174,15.174,0,0,0,1,0,0,0,0.4522,-0.0726,0.0323,-0.2392,-0.0992,0.1
289,7,1,221.1017,550.0,876.1974,-5824.855,-3633.6735,100.0,98.86,149.19,307.441,330.174,241.347,0,0,0,1,0,0,0,-0.1793,-0.1437,0.0573,0.0047,-0.1,0.1
289,8,1,224.8885,550.0,1168.6547,-5596.2605,-3900.8147,100.0,96.88,175.5,157.035,182.339,52.472,0,0,0,1,0,0,0,-0.1132,0.2869,-0.1528,-0.3412,-0.1,0.1
289,9,1,240.2488,550.0,2289.6853,-4430.4894,-4798.7859,100.0,96.97,173.53,212.095,207.718,231.015,0,0,0,1,0,0,1,-0.2711,0.1013,0.1198,-0.3487,-0.1,0.1
290,0,0,238.2076,550.0,-4608.1964,-2143.1631,-4698.0442,100.0,96.97,176.41,247.407,318.984,111.579,0,0,0,1,0,0,0,-0.7753,0.0997,-0.1712,-0.1923,-0.1,0.1
290,1,0,214.9972,550.0,-6139.8883,-390.1335,-3170.1433,100.0,96.97,177.78,114.963,121.796,326.31,0,0,0,1,0,0,0,-0.1883,-0.0574,-0.0189,-0.1505,-0.1,0.1
290,2,0,275.7997,550.0,-703.2021,-4143.1935,-5499.0631,100.0,97.0,169.82,30.528,290.391,103.543,0,0,0,1,0,0,1,-0.3102,0.063,0.1157,-0.3471,-0.1,0.1
290,3,0,171.1504,550.0,-6246.8678,2855.4873,850.339,100.0,96.22,136.66,28.418,189.497,93.836,0,0,0,1,0,0,0,-0.1354,-0.1487,-0.017,0.016,-0.0631,0.1
290,4,0,233.5127,550.0,-4988.2997,-1807.9222,-4443.9312,100.0,97.06,175.09,134.792,300.19,339.526,0,0,0,1,0,0,0,-0.6446,0.1697,-0.1847,-0.254,-0.1,0.1
290,5,1,229.3121,550.0,1497.6219,-5300.0845,-4191.2378,100.0,97.06,175.82,332.433,239.369,309.63,0,0,0,1,0,0,1,0.3521,-0.0169,0.0685,-0.2865,-0.1,0.1
290,6,1,178.4264,550.0,-2384.6615,-6495.4285,151.7858,100.0,95.77,175.67,32.443,313.27,5.174,0,0,0,1,0,0,0,0.4542,-0.0754,0.0355,-0.2393,-0.0865,0.1
290,7,1,223.1349,550.0,1027.182,-5706.4116,-3779.154,100.0,98.86,149.6,297.441,327.365,237.062,0,0,0,1,0,0,0,-0.4541,-0.025,-0.0486,0.0529,-0.1,0.1
290,8,1,224.1169,550.0,1102.907,-5646.1355,-3847.7254,100.0,96.88,175.97,147.705,180.389,42.472,0,0,0,1,0,0,0,-0.4215,0.2179,-0.1968,-0.2505,-0.1,0.1
290,9,1,240.183,550.0,2280.048,-4438.865,-4795.6334,100.0,96.97,173.99,204.824,203.948,221.015,0,0,0,1,0,0,1,-0.2642,0.1006,0.1227,-0.3505,-0.1,0.1
291,0,0,238.4583,550.0,-4589.498,-2155.377,-4710.743,100.0,96.97,176.85,238.046,312.262,101.579,0,0,0,1,0,0,0,-0.7698,0.0989,-0.1685,-0.1956,-0.1,0.1
291,1,0,215.9239,550.0,-6097.1531,-456.2684,-3242.9591,100.0,96.97,178.2,110.313,115.046,316.31,0,0,0,1,0,0,0,-0.1769,-0.059,-0.0135,-0.1528,-0.1,0.1
291,2,0,276.3602,550.0,-643.0183,-4160.5321,-5493.336,100.0,97.0,170.27,21.023,289.128,103.885,0,0,0,1,0,0,1,-0.3101,0.0644,0.1168,-0.3497,-0.1,0.1
291,3,0,173.5705,550.0,-6337.8114,2710.956,618.9546,100.0,96.22,137.08,18.418,181.434,87.236,0,0,0,1,0,0,0,-0.1261,-0.1488,-0.0133,0.0119,-0.0929,0.1
291,4,0,232.9929,550.0,-5030.415,-1764.2002,-4413.9284,100.0,97.06,175.56,128.789,292.687,329.526,0,0,0,1,0,0,0,-0.4339,0.1928,-0.1296,-0.3585,-0.1,0.1
291,5,1,229.9594,550.0,1539.9325,-5255.6358,-4231.683,100.0,97.06,176.25,322.682,230.794,299.63,0,0,0,1,0,0,1,-0.1123,0.0052,-0.0071,-0.2355,-0.1,0.1
291,6,1,179.8484,550.0,-2295.4605,-6529.2334,14.6228,100.0,95.77,176.1,35.442,306.386,355.174,0,0,0,1,0,0,0,0.4561,-0.0781,0.0387,-0.2395,-0.0743,0.1
291,7,1,225.1361,550.0,1174.7085,-5583.1797,-3917.704,100.0,98.86,150.01,287.441,324.581,232.753,0,0,0,1,0,0,0,-0.0596,-0.0243,0.05,-0.0466,-0.1,0.1
291,8,1,223.3289,550.0,1035.5822,-5695.8365,-3792.7901,100.0,96.88,176.46,138.533,178.412,32.472,0,0,0,1,0,0,0,0.303,0.3194,-0.0535,-0.4961,-0.1,0.1
291,9,1,240.0948,550.0,2268.8531,-4449.1618,-4791.3992,100.0,96.97,174.44,197.603,200.24,211.015,0,0,0,1,0,0,1,-0.2573,0.1,0.1256,-0.3523,-0.1,0.1
292,0,0,238.6872,550.0,-4572.5988,-2166.0715,-4722.2574,100.0,96.97,177.3,228.732,305.424,91.579,0,0,0,1,0,0,0,-0.796,0.0936,-0.2313,-0.128,-0.1,0.1
292,1,0,216.8381,550.0,-6053.5992,-521.3963,-3313.9589,100.0,96.97,178.63,105.703,108.277,306.31,0,0,0,1,0,0,0,0.1208,0.0787,-0.0384,-0.1585,-0.1,0.1
292,2,0,276.8939,550.0,-585.9217,-4176.7743,-5487.394,100.0,97.0,170.73,11.552,287.924,104.052,0,0,0,1,0,0,1,-0.31,0.0658,0.1178,-0.3523,-0.1,0.1
292,3,0,175.9866,550.0,-6417.6664,2562.0576,386.8587,100.0,96.22,137.51,8.418,173.316,80.691,0,0,0,1,0,0,0,-0.6028,-0.0636,-0.1095,0.1101,-0.1,0.1
292,4,0,232.4531,550.0,-5073.5318,-1718.7719,-4382.3897,100.0,97.06,176.03,122.887,285.075,319.526,0,0,0,1,0,0,0,-0.469,0.2011,-0.2166,-0.2801,-0.1,0.1
292,5,1,230.588,550.0,1580.7525,-5211.989,-4270.4371,100.0,97.06,176.68,312.976,222.203,289.63,0,0,0,1,0,0,1,-0.2088,0.0899,-0.0331,-0.2486,-0.1,0.1
292,6,1,181.2625,550.0,-2205.4717,-6559.0627,-121.7865,100.0,95.77,176.54,38.455,299.43,345.174,0,0,0,1,0,0,0,-0.3328,0.0296,-0.1437,-0.1476,-0.0987,0.1
292,7,1,227.1045,550.0,1318.6029,-5455.6872,-4049.3215,100.0,98.86,150.43,277.453,321.743,228.469,0,0,0,1,0,0,1,-0.747,0.0234,-0.1082,0.0476,-0.1,0.1
292,8,1,222.5249,550.0,966.7065,-5745.2616,-3735.999,100.0,96.88,176.94,129.524,176.399,22.472,0,0,0,1,0,0,0,0.234,0.3233,-0.074,-0.4816,-0.1,0.1
292,9,1,239.9843,550.0,2256.0918,-4461.364,-4786.0759,100.0,96.97,174.91,190.49,196.524,201.015,0,0,0,1,0,0,1,-0.5373,0.2164,-0.0169,-0.4052,-0.1,0.1
293,0,0,238.8942,550.0,-4557.5209,-2175.2451,-4732.6053,100.0,96.97,177.75,219.464,298.472,81.579,0,0,0,1,0,0,0,-0.7926,0.0928,-0.2288,-0.1307,-0.1,0.1
293,1,0,217.7393,550.0,-6009.3205,-585.4713,-3383.1246,100.0,96.97,179.05,101.132,101.491,296.31,0,0,0,1,0,0,0,0.1257,0.0766,-0.0334,-0.1604,-0.1,0.1
293,2,0,277.4009,550.0,-531.9176,-4191.9636,-5481.3088,100.0,97.0,171.18,2.113,286.779,104.041,0,0,0,1,0,0,1,-0.3097,0.0671,0.1189,-0.3547,-0.1,0.1
293,3,0,178.3971,550.0,-6486.3176,2409.1535,154.6103,100.0,96.22,137.94,358.418,165.146,74.201,0,0,0,1,0,0,0,-0.5858,-0.0672,-0.1025,0.1096,-0.1,0.1
293,4,0,231.8936,550.0,-5117.5761,-1671.6349,-4349.2865,100.0,97.06,176.52,117.143,277.395,309.526,0,0,0,1,0,0,0,0.053,0.3159,-0.137,-0.3821,-0.1,0.1
293,5,1,231.1975,550.0,1620.0722,-5169.2188,-4307.5264,100.0,97.06,177.12,303.315,213.596,279.63,0,0,0,1,0,0,1,-0.2028,0.0883,-0.0298,-0.2509,-0.1,0.1
293,6,1,182.6679,550.0,-2114.8243,-6584.9501,-257.2765,100.0,95.77,176.97,41.483,292.405,335.174,0,0,0,1,0,0,0,-0.3197,0.0274,-0.1376,-0.1469,-0.1,0.1
293,7,1,229.0393,550.0,1458.7131,-5324.457,-4174.0334,100.0,98.86,150.84,267.453,318.868,224.204,0,0,0,1,0,0,1,-0.9197,-0.0388,-0.0735,0.0397,-0.1,0.1
293,8,1,221.7053,550.0,896.3095,-5794.3081,-3677.3446,100.0,96.88,177.42,120.646,174.337,12.472,0,0,0,1,0,0,0,-0.0316,0.2641,-0.0955,-0.3999,-0.1,0.1
293,9,1,239.8515,550.0,2241.7546,-4475.4532,-4779.6544,100.0,96.97,175.37,183.485,192.801,191.015,0,0,0,1,0,0,1,-0.5327,0.2162,-0.0139,-0.4075,-0.1,0.1
294,0,0,239.0793,550.0,-4544.2837,-2182.8955,-4741.8028,100.0,96.97,178.18,210.175,291.414,71.579,0,0,0,1,0,0,0,-0.9192,-0.0437,-0.2112,-0.0606,-0.1,0.1
294,1,0,218.627,550.0,-5964.4115,-648.4502,-3450.4419,100.0,96.97,179.49,96.461,94.719,286.31,0,0,0,1,0,0,0,0.1988,-0.199,0.028,-0.1059,-0.1,0.1
294,2,0,277.8812,550.0,-481.009,-4206.141,-5475.1483,100.0,97.0,171.65,352.565,285.726,103.908,0,0,0,1,0,0,1,-0.094,-0.221,0.1824,-0.2433,-0.1,0.1
294,3,0,180.8006,550.0,-6543.6976,2252.6201,-77.2345,100.0,96.22,138.4,348.418,156.937,67.841,0,0,0,1,0,0,0,-0.4935,-0.2801,-0.0795,0.2609,-0.1,0.1
294,4,0,231.3145,550.0,-5162.4711,-1622.7881,-4314.5905,100.0,97.06,176.95,111.419,269.68,299.526,0,0,0,1,0,0,0,0.2255,0.0405,-0.0694,-0.2657,-0.1,0.1
294,5,1,231.7877,550.0,1657.8831,-5127.3974,-4342.9783,100.0,97.06,177.56,293.534,205.009,269.63,0,0,0,1,0,0,1,-0.0338,-0.2395,0.0378,-0.1165,-0.1,0.1
294,6,1,184.0636,550.0,-2023.6488,-6606.941,-391.6851,100.0,95.77,177.4,44.382,285.356,325.174,0,0,0,1,0,0,0,-0.1184,-0.2562,-0.0493,-0.0181,-0.1,0.1
294,7,1,230.9396,550.0,1594.9087,-5190.0052,-4291.8939,100.0,98.86,151.3,257.453,316.078,219.928,0,0,0,1,0,0,1,-0.179,-0.3203,0.1691,-0.0211,-0.1,0.1
294,8,1,220.8703,550.0,824.4233,-5842.8726,-3616.8228,100.0,96.88,177.85,111.778,172.273,2.472,0,0,0,1,0,0,0,0.6121,0.0186,-0.0057,-0.3059,-0.1,0.1
294,9,1,239.6965,550.0,2225.8317,-4491.4084,-4772.1237,100.0,96.97,175.81,176.446,189.125,181.015,0,0,0,1,0,0,1,-0.3061,-0.0678,0.0932,-0.2456,-0.1,0.1
295,0,0,239.2423,550.0,-4532.904,-2189.0204,-4749.8645,100.0,96.97,178.61,200.871,284.249,61.579,0,0,0,1,0,0,0,-0.9322,-0.0274,-0.2157,-0.048,-0.1,0.1
295,1,0,219.5009,550.0,-5918.9673,-710.2915,-3515.9001,100.0,96.97,179.91,91.688,87.938,276.31,0,0,0,1,0,0,0,-0.0149,-0.2029,-0.0173,-0.0299,-0.1,0.1
295,2,0,278.3348,550.0,-433.1979,-4219.3453,-5468.9767,100.0,97.0,172.11,342.909,284.771,103.644,0,0,0,1,0,0,1,-0.0195,-0.213,0.1976,-0.2631,-0.1,0.1
295,3,0,183.1956,550.0,-6589.7872,2092.8459,-308.1258,100.0,96.22,138.86,338.418,148.691,61.609,0,0,0,1,0,0,0,-0.4829,-0.2815,-0.0731,0.2557,-0.1,0.1
295,4,0,230.7161,550.0,-5208.1377,-1572.2325,-4278.274,100.0,97.06,177.39,105.644,261.966,289.526,0,0,0,1,0,0,0,0.4162,-0.1006,0.0008,-0.2591,-0.1,0.1
295,5,1,232.3585,550.0,1694.1778,-5086.5946,-4376.8206,100.0,97.06,178.01,283.635,196.453,259.63,0,0,0,1,0,0,1,0.0788,-0.2336,0.0636,-0.1663,-0.1,0.1
295,6,1,185.4488,550.0,-1932.0768,-6625.0923,-524.8548,100.0,95.77,177.83,47.153,278.284,315.174,0,0,0,1,0,0,0,-0.1159,-0.2561,-0.0438,-0.0204,-0.1,0.1
295,7,1,232.8048,550.0,1727.0804,-5052.8384,-4402.9828,100.0,98.86,151.74,247.453,313.359,215.642,0,0,0,1,0,0,1,-0.1334,-0.318,0.1436,-0.0204,-0.1,0.1
295,8,1,220.0205,550.0,751.0834,-5890.8511,-3554.4322,100.0,96.88,178.3,102.934,170.178,352.472,0,0,0,1,0,0,0,0.2919,0.0483,-0.0612,-0.3259,-0.1,0.1
295,9,1,239.5192,550.0,2208.3131,-4509.2057,-4763.4713,100.0,96.97,176.25,169.385,185.494,171.015,0,0,0,1,0,0,1,-0.3433,-0.0431,0.0901,-0.2497,-0.1,0.1
296,0,0,239.3832,550.0,-4523.3956,-2193.6168,-4756.8034,100.0,96.97,179.04,191.573,277.027,51.579,0,0,0,1,0,0,0,-0.4425,0.0101,-0.1133,-0.1699,-0.1,0.1
296,1,0,220.3606,550.0,-5873.083,-770.9564,-3579.492,100.0,96.97,180.35,86.802,81.121,266.321,0,0,0,1,0,0,0,-0.2393,-0.2274,-0.0731,0.0215,-0.1,0.1
296,2,0,278.7617,550.0,-388.4843,-4231.6126,-5462.8542,100.0,97.0,172.57,333.175,283.892,103.231,0,0,0,1,0,0,1,0.0194,-0.1583,0.1507,-0.2972,-0.1,0.1
296,3,0,185.5807,550.0,-6624.6151,1930.2293,-537.5233,100.0,96.22,139.31,328.418,140.466,55.469,0,0,0,1,0,0,0,-0.3447,-0.3006,0.0402,0.1846,-0.1,0.1
296,4,0,230.0986,550.0,-5254.4938,-1519.9703,-4240.3096,100.0,97.06,177.82,99.867,254.235,279.526,0,0,0,1,0,0,0,0.4195,-0.007,-0.0348,-0.2254,-0.1,0.1
296,5,1,232.9095,550.0,1728.9498,-5046.8773,-4409.0819,100.0,97.06,178.46,273.635,187.935,249.63,0,0,0,1,0,0,1,-0.2265,-0.3069,0.0749,-0.1063,-0.1,0.1
296,6,1,186.8227,550.0,-1840.2404,-6639.4721,-656.6331,100.0,95.77,178.28,49.785,271.255,305.174,0,0,0,1,0,0,0,0.0151,-0.2793,0.0844,-0.0791,-0.1,0.1
296,7,1,234.634,550.0,1855.1395,-4913.4519,-4507.4037,100.0,98.86,152.19,237.453,310.699,211.353,0,0,0,1,0,0,1,-0.2817,-0.3299,0.1163,-0.0066,-0.1,0.1
296,8,1,219.1562,550.0,676.3283,-5938.1397,-3490.1745,100.0,96.88,178.75,94.114,168.022,342.472,0,0,0,1,0,0,0,-0.0984,0.0483,-0.1226,-0.3174,-0.1,0.1
296,9,1,239.3198,550.0,2189.1883,-4528.8185,-4753.6826,100.0,96.97,176.71,162.288,181.943,161.015,0,0,0,1,0,0,1,0.0855,-0.073,0.1617,-0.3268,-0.1,0.1
297,0,0,239.502,550.0,-4515.7701,-2196.6813,-4762.6309,100.0,96.97,179.46,182.272,269.764,41.579,0,0,0,1,0,0,0,-0.2482,-0.0048,-0.0812,-0.2022,-0.1,0.1
297,1,0,221.2055,550.0,-5826.8538,-830.4081,-3641.2138,100.0,96.97,180.78,81.794,74.292,256.321,0,0,0,1,0,0,0,-0.0834,-0.2436,-0.0242,-0.0305,-0.1,0.1
297,2,0,279.1621,550.0,-346.8676,-4242.9765,-5456.8374,100.0,97.0,173.04,323.355,283.091,102.67,0,0,0,1,0,0,1,-0.0026,-0.1699,0.1554,-0.2968,-0.1,0.1
297,3,0,187.9544,550.0,-6648.2571,1765.1761,-764.9,100.0,96.22,139.76,318.418,132.263,49.409,0,0,0,1,0,0,0,-0.3343,-0.3203,0.0453,0.1589,-0.1,0.1
297,4,0,229.4623,550.0,-5301.4554,-1466.0061,-4200.6711,100.0,97.06,178.24,94.087,246.479,269.526,0,0,0,1,0,0,0,0.3191,-0.0036,-0.0468,-0.2274,-0.1,0.1
297,5,1,233.4406,550.0,1762.1938,-5008.3101,-4439.791,100.0,97.06,178.9,263.635,179.451,239.63,0,0,0,1,0,0,1,-0.2709,-0.3097,0.0674,-0.0854,-0.1,0.1
297,6,1,188.1844,550.0,-1748.2716,-6650.1593,-786.873,100.0,95.77,178.73,52.266,264.267,295.174,0,0,0,1,0,0,0,0.0312,-0.3004,0.0827,-0.1082,-0.1,0.1
297,7,1,236.4268,550.0,1979.0169,-4772.3276,-4605.282,100.0,98.86,152.63,227.453,308.092,207.068,0,0,0,1,0,0,1,-0.3133,-0.3264,0.1074,0.0072,-0.1,0.1
297,8,1,218.2777,550.0,600.1997,-5984.6345,-3424.0548,100.0,96.88,179.19,85.318,165.8,332.472,0,0,0,1,0,0,0,-0.2435,0.0486,-0.1336,-0.2855,-0.1,0.1
297,9,1,239.0982,550.0,2168.4465,-4550.2177,-4742.7418,100.0,96.97,177.16,155.164,178.468,151.015,0,0,0,1,0,0,1,-0.0255,-0.0548,0.1501,-0.3008,-0.1,0.1
298,0,0,239.5987,550.0,-4510.036,-2198.2101,-4767.3565,100.0,96.97,179.89,172.968,262.463,31.579,0,0,0,1,0,0,0,-0.242,-0.0071,-0.0779,-0.2039,-0.1,0.1
298,1,0,222.0355,550.0,-5780.3744,-888.6119,-3701.065,100.0,96.97,181.2,76.664,67.454,246.321,0,0,0,1,0,0,0,-0.0797,-0.2446,-0.0189,-0.0337,-0.1,0.1
298,2,0,279.5359,550.0,-308.3459,-4253.468,-5450.9792,100.0,97.0,173.5,313.451,282.368,101.96,0,0,0,1,0,0,1,-0.0027,-0.1693,0.1571,-0.2984,-0.1,0.1
298,3,0,190.3152,550.0,-6660.8358,1598.0965,-989.7451,100.0,96.22,140.22,308.418,124.085,43.426,0,0,0,1,0,0,0,-0.3268,-0.3205,0.0504,0.1532,-0.1,0.1
298,4,0,228.8074,550.0,-5348.9358,-1410.3462,-4159.3329,100.0,97.06,178.68,88.349,238.712,259.526,0,0,0,1,0,0,0,0.6441,0.0835,-0.0258,-0.28,-0.1,0.1
298,5,1,233.9516,550.0,1793.9049,-4970.9545,-4468.9772,100.0,97.06,179.35,253.635,171.001,229.63,0,0,0,1,0,0,1,-0.2662,-0.3117,0.0693,-0.0878,-0.1,0.1
298,6,1,189.5332,550.0,-1656.3022,-6657.2431,-915.4333,100.0,95.77,179.18,54.598,257.323,285.174,0,0,0,1,0,0,0,0.0351,-0.2998,0.0875,-0.1115,-0.1,0.1
298,7,1,238.1824,550.0,2098.6624,-4629.9325,-4696.7629,100.0,98.86,153.07,217.453,305.493,202.819,0,0,0,1,0,0,1,-0.5309,-0.2847,0.0156,0.0737,-0.1,0.1
298,8,1,217.3856,550.0,522.7423,-6030.2319,-3356.0817,100.0,96.88,179.64,76.546,163.512,322.472,0,0,0,1,0,0,0,-0.2379,0.0461,-0.1296,-0.2848,-0.1,0.1
298,9,1,238.8546,550.0,2146.0769,-4573.3713,-4730.6311,100.0,96.97,177.61,148.011,175.069,141.015,0,0,0,1,0,0,1,-0.0235,-0.0557,0.152,-0.3023,-0.1,0.1
299,0,0,239.6732,550.0,-4506.1996,-2198.1989,-4770.9882,100.0,96.97,180.32,163.659,255.124,21.579,0,0,0,1,0,0,0,-0.236,-0.0095,-0.0748,-0.2056,-0.1,0.1
299,1,0,222.8499,550.0,-5733.7388,-945.5356,-3759.0481,100.0,96.97,181.63,71.41,60.608,236.321,0,0,0,1,0,0,0,-0.0756,-0.2457,-0.0135,-0.0371,-0.1,0.1
299,2,0,279.8832,550.0,-272.9165,-4263.1157,-5445.3285,100.0,97.0,173.96,303.463,281.724,101.1,0,0,0,1,0,0,1,-0.0028,-0.1686,0.1587,-0.3,-0.1,0.1
299,3,0,192.6617,550.0,-6662.5186,1429.4028,-1211.5672,100.0,96.22,140.67,298.418,115.948,37.497,0,0,0,1,0,0,0,-0.2534,-0.3196,0.0813,0.1096,-0.1,0.1
299,4,0,228.1341,550.0,-5396.8461,-1352.999,-4116.2709,100.0,97.06,179.12,82.637,230.912,249.526,0,0,0,1,0,0,0,0.2139,0.0508,-0.0628,-0.2468,-0.1,0.1
299,5,1,234.4423,550.0,1824.0794,-4934.8697,-4496.6694,100.0,97.06,179.81,243.635,162.62,219.63,0,0,0,1,0,0,1,0.0634,-0.2814,0.1376,-0.2195,-0.1,0.1
299,6,1,190.8681,550.0,-1564.4627,-6660.8228,-1042.1792,100.0,95.77,179.62,56.779,250.406,275.174,0,0,0,1,0,0,0,-0.0691,-0.3008,0.0553,-0.0723,-0.1,0.1
299,7,1,239.9002,550.0,2214.044,-4486.7173,-4782.0098,100.0,98.86,153.52,207.453,302.948,198.548,0,0,0,1,0,0,1,-0.2556,-0.2952,0.1081,-0.046,-0.1,0.1
299,8,1,216.4803,550.0,444.0042,-6074.8292,-3286.2671,100.0,96.88,180.08,67.795,161.162,312.472,0,0,0,1,0,0,0,-0.2324,0.0433,-0.1256,-0.2842,-0.1,0.1
299,9,1,238.5891,550.0,2122.0686,-4598.2443,-4717.3313,100.0,96.97,178.08,140.773,171.773,131.015,0,0,0,1,0,0,1,0.1604,-0.172,0.2071,-0.3545,-0.1,0.1
300,0,0,239.7254,550.0,-4504.2641,-2196.6426,-4773.5319,100.0,96.97,180.75,154.3,247.755,11.579,0,0,0,1,0,0,0,-0.6155,-0.0998,-0.0601,-0.1618,-0.1,0.1
300,1,0,223.6486,550.0,-5687.0405,-1001.1488,-3815.1687,100.0,96.97,182.06,66.03,53.752,226.327,0,0,0,1,0,0,0,-0.3146,-0.2551,-0.0218,0.0119,-0.1,0.1
300,2,0,280.204,550.0,-240.5763,-4271.9452,-5439.9309,100.0,97.0,174.43,293.463,281.169,100.105,0,0,0,1,0,0,1,-0.1218,-0.1974,0.1772,-0.2692,-0.1,0.1
300,3,0,194.9926,550.0,-6653.5162,1259.5067,-1429.8971,100.0,96.22,141.12,288.418,107.854,31.62,0,0,0,1,0,0,0,-0.247,-0.3196,0.0858,0.1039,-0.1,0.1
300,4,0,227.4428,550.0,-5445.0955,-1293.9754,-4071.4621,100.0,97.06,179.55,76.866,223.111,239.526,0,0,0,1,0,0,0,0.3236,-0.1164,-0.0037,-0.2424,-0.1,0.1
300,5,1,234.9125,550.0,1852.7139,-4900.1119,-4522.8968,100.0,97.06,180.26,233.635,154.266,209.63,0,0,0,1,0,0,1,-0.113,-0.2706,0.0527,-0.1427,-0.1,0.1
300,6,1,192.1885,550.0,-1472.8827,-6661.0066,-1166.9829,100.0,95.77,180.06,58.81,243.52,265.174,0,0,0,1,0,0,0,-0.0639,-0.3003,0.0606,-0.0759,-0.1,0.1
300,7,1,241.5798,550.0,2325.1464,-4343.1154,-4861.2019,100.0,98.86,153.97,197.453,300.511,194.234,0,0,0,1,0,0,1,-0.2057,-0.2463,0.216,-0.0839,-0.1,0.1
300,8,1,215.5621,550.0,364.0363,-6118.3243,-3214.6269,100.0,96.88,180.52,59.01,158.793,302.472,0,0,0,1,0,0,0,0.0235,-0.0671,-0.0373,-0.2814,-0.1,0.1
300,9,1,238.3017,550.0,2096.4105,-4624.7994,-4702.822,100.0,96.97,178.53,133.482,168.502,121.015,0,0,0,1,0,0,1,0.2861,-0.1061,0.0508,-0.3197,-0.1,0.1
301,0,0,239.7555,550.0,-4504.2305,-2193.536,-4774.992,100.0,96.97,181.18,144.901,240.378,1.579,0,0,0,1,0,0,0,0.1779,-0.0806,-0.0144,-0.197,-0.1,0.1
301,1,0,224.4311,550.0,-5640.3719,-1055.4235,-3869.4349,100.0,96.97,182.49,60.521,46.887,216.337,0,0,0,1,0,0,0,-0.3089,-0.2558,-0.0172,0.0081,-0.1,0.1
301,2,0,280.4984,550.0,-211.3215,-4279.9797,-5434.8282,100.0,97.0,174.89,283.463,280.703,98.974,0,0,0,1,0,0,1,-0.1196,-0.1969,0.1785,-0.2712,-0.1,0.1
301,3,0,197.3064,550.0,-6634.0809,1088.8168,-1644.2901,100.0,96.22,141.57,278.418,99.805,25.792,0,0,0,1,0,0,0,-0.2406,-0.3196,0.0903,0.0981,-0.1,0.1
301,4,0,226.7337,550.0,-5493.5909,-1233.2885,-4024.8851,100.0,97.06,179.99,71.042,215.298,229.526,0,0,0,1,0,0,0,-0.127,-0.1071,-0.0234,-0.2532,-0.1,0.1
301,5,1,235.362,550.0,1879.8056,-4866.7345,-4547.6881,100.0,97.06,180.71,223.635,145.939,199.63,0,0,0,1,0,0,1,-0.1086,-0.2709,0.0552,-0.147,-0.1,0.1
301,6,1,193.4935,550.0,-1381.6896,-6657.9118,-1289.7232,100.0,95.77,180.51,60.691,236.667,255.174,0,0,0,1,0,0,0,-0.0586,-0.2999,0.0659,-0.0795,-0.1,0.1
301,7,1,243.2205,550.0,2431.9703,-4199.5417,-4934.5325,100.0,98.86,154.43,187.453,298.183,189.876,0,0,0,1,0,0,1,-0.2012,-0.247,0.2173,-0.0884,-0.1,0.1
301,8,1,214.6316,550.0,282.8928,-6160.6167,-3141.1805,100.0,96.88,180.96,50.231,156.344,292.472,0,0,0,1,0,0,0,-0.5741,0.0105,-0.1588,-0.2038,-0.1,0.1
301,9,1,237.9925,550.0,2069.0917,-4652.996,-4687.0811,100.0,96.97,178.98,126.137,165.259,111.015,0,0,0,1,0,0,1,0.2889,-0.1074,0.0534,-0.3186,-0.1,0.1
302,0,0,239.7633,550.0,-4506.0968,-2188.8732,-4775.3709,100.0,96.97,181.61,135.46,232.996,351.579,0,0,0,1,0,0,0,0.1823,-0.0829,-0.0117,-0.1987,-0.1,0.1
302,1,0,225.1972,550.0,-5593.8242,-1108.3336,-3921.8578,100.0,96.97,182.92,54.884,40.016,206.349,0,0,0,1,0,0,0,-0.3031,-0.2564,-0.0126,0.0042,-0.1,0.1
302,2,0,280.7664,550.0,-185.148,-4287.2397,-5430.0586,100.0,97.0,175.36,273.463,280.328,97.707,0,0,0,1,0,0,1,-0.1172,-0.1964,0.1798,-0.2732,-0.1,0.1
302,3,0,199.6019,550.0,-6604.5035,917.736,-1854.3288,100.0,96.22,142.02,268.418,91.803,20.011,0,0,0,1,0,0,0,-0.2343,-0.3196,0.0948,0.0923,-0.1,0.1
302,4,0,226.0071,550.0,-5542.2375,-1170.9538,-3976.52,100.0,97.06,180.43,65.163,207.474,219.526,0,0,0,1,0,0,0,-0.1224,-0.1087,-0.0219,-0.2541,-0.1,0.1
302,5,1,235.7908,550.0,1905.3521,-4834.7882,-4571.0718,100.0,97.06,181.15,213.635,137.641,189.63,0,0,0,1,0,0,1,-0.1043,-0.2713,0.0577,-0.1513,-0.1,0.1
302,6,1,194.7823,550.0,-1291.0092,-6651.6636,-1410.2865,100.0,95.77,180.95,62.422,229.849,245.174,0,0,0,1,0,0,0,-0.0533,-0.2994,0.0711,-0.0831,-0.1,0.1
302,7,1,244.8221,550.0,2534.5311,-4056.3921,-5002.2071,100.0,98.86,154.88,177.453,295.964,185.472,0,0,0,1,0,0,1,-0.1966,-0.2477,0.2186,-0.0929,-0.1,0.1
302,8,1,213.6891,550.0,200.631,-6201.6072,-3065.9512,100.0,96.88,181.41,41.513,153.864,282.472,0,0,0,1,0,0,0,0.3104,0.1225,-0.0633,-0.3529,-0.1,0.1
302,9,1,237.6616,550.0,2040.1014,-4682.7909,-4670.0853,100.0,96.97,179.42,118.711,162.033,101.015,0,0,0,1,0,0,1,-0.15,-0.1621,0.0371,-0.2529,-0.1,0.1
303,0,0,239.7488,550.0,-4509.8585,-2182.6476,-4774.6693,100.0,96.97,182.04,125.975,225.576,341.579,0,0,0,1,0,0,0,-0.4152,-0.0891,-0.0772,-0.1244,-0.1,0.1
303,1,0,225.9464,550.0,-5547.4871,-1159.8549,-3972.4507,100.0,96.97,183.36,49.132,33.195,196.349,0,0,0,1,0,0,0,0.0711,-0.23,0.1004,-0.0993,-0.1,0.1
303,2,0,281.0079,550.0,-162.0515,-4293.7429,-5425.6569,100.0,97.0,175.82,263.463,280.042,96.303,0,0,0,1,0,0,1,-0.115,-0.1959,0.1811,-0.2751,-0.1,0.1
303,3,0,201.8775,550.0,-6565.1114,746.6594,-2059.6244,100.0,96.22,142.47,258.418,83.851,14.272,0,0,0,1,0,0,0,-0.228,-0.3196,0.0993,0.0864,-0.1,0.1
303,4,0,225.2633,550.0,-5590.9389,-1106.9894,-3926.3491,100.0,97.06,180.87,59.229,199.641,209.526,0,0,0,1,0,0,0,-0.1179,-0.1102,-0.0203,-0.2549,-0.1,0.1
303,5,1,236.1987,550.0,1929.3516,-4804.3208,-4593.0757,100.0,97.06,181.6,203.635,129.373,179.63,0,0,0,1,0,0,1,-0.1001,-0.2716,0.0602,-0.1555,-0.1,0.1
303,6,1,196.0542,550.0,-1200.9642,-6642.3949,-1528.5668,100.0,95.77,181.4,64.004,223.07,235.174,0,0,0,1,0,0,0,-0.048,-0.2989,0.0763,-0.0867,-0.1,0.1
303,7,1,246.3839,550.0,2632.8578,-3914.0428,-5064.4417,100.0,98.86,155.34,167.453,293.855,181.019,0,0,0,1,0,0,1,-0.1921,-0.2483,0.2198,-0.0975,-0.1,0.1
303,8,1,212.7353,550.0,117.3111,-6241.1986,-2988.9662,100.0,96.88,181.87,32.864,151.318,272.472,0,0,0,1,0,0,0,-0.0591,0.1371,-0.1309,-0.3079,-0.1,0.1
303,9,1,237.3092,550.0,2009.4291,-4714.1382,-4651.8101,100.0,96.97,179.88,111.178,158.852,91.015,0,0,0,1,0,0,1,0.1953,-0.2137,0.088,-0.2809,-0.1,0.1
304,0,0,239.7121,550.0,-4515.5085,-2174.8525,-4772.8859,100.0,96.97,182.47,116.477,218.082,331.579,0,0,0,1,0,0,0,-0.5811,-0.0258,-0.1454,-0.1227,-0.1,0.1
304,1,0,226.6784,550.0,-5501.449,-1209.9653,-4021.2291,100.0,96.97,183.79,43.253,26.383,186.349,0,0,0,1,0,0,0,-0.2355,-0.256,0.018,-0.0252,-0.1,0.1
304,2,0,281.2232,550.0,-142.0276,-4299.5042,-5421.6541,100.0,97.0,176.29,253.463,279.848,94.76,0,0,0,1,0,0,1,-0.1127,-0.1954,0.1824,-0.277,-0.1,0.1
304,3,0,204.1322,550.0,-6516.2654,575.9719,-2259.819,100.0,96.22,142.92,248.418,75.928,8.616,0,0,0,1,0,0,0,-0.3426,-0.3101,0.0579,0.1639,-0.1,0.1
304,4,0,224.5026,550.0,-5639.597,-1041.4163,-3874.3565,100.0,97.06,181.31,53.257,191.788,199.526,0,0,0,1,0,0,0,-0.3031,-0.0777,-0.0362,-0.2438,-0.1,0.1
304,5,1,236.5854,550.0,1951.8023,-4775.3775,-4613.7271,100.0,97.06,182.04,193.635,121.112,169.63,0,0,0,1,0,0,1,-0.1757,-0.2518,0.0152,-0.1251,-0.1,0.1
304,6,1,197.3083,550.0,-1111.6749,-6630.2453,-1644.4657,100.0,95.77,181.83,65.438,216.302,225.18,0,0,0,1,0,0,0,-0.2534,-0.2948,0.0235,0.0116,-0.1,0.1
304,7,1,247.9057,550.0,2726.9919,-3772.8502,-5121.4605,100.0,98.86,155.78,157.453,291.83,176.529,0,0,0,1,0,0,1,-0.285,-0.2175,0.1685,-0.0753,-0.1,0.1
304,8,1,211.7705,550.0,32.9962,-6279.296,-2910.2568,100.0,96.88,182.31,24.228,148.726,262.472,0,0,0,1,0,0,0,-0.3377,0.0265,-0.0943,-0.2865,-0.1,0.1
304,9,1,236.9353,550.0,1977.0645,-4746.9888,-4632.2299,100.0,96.97,180.33,103.554,155.693,81.015,0,0,0,1,0,0,1,0.0972,-0.1824,0.0447,-0.2819,-0.1,0.1
305,0,0,239.6532,550.0,-4523.0372,-2165.4804,-4770.0179,100.0,96.97,182.9,106.966,210.518,321.579,0,0,0,1,0,0,0,-0.578,-0.0269,-0.1427,-0.1245,-0.1,0.1
305,1,0,227.393,550.0,-5455.7965,-1258.6444,-4068.2109,100.0,96.97,184.23,37.243,19.61,176.349,0,0,0,1,0,0,0,0.0685,-0.2604,0.0778,-0.0922,-0.1,0.1
305,2,0,281.4121,550.0,-125.0719,-4304.5359,-5418.078,100.0,97.0,176.75,243.463,279.746,93.077,0,0,0,1,0,0,1,-0.1105,-0.1949,0.1836,-0.2788,-0.1,0.1
305,3,0,206.3645,550.0,-6458.3567,406.0464,-2454.5866,100.0,96.22,143.38,238.418,68.037,3.038,0,0,0,1,0,0,0,-0.3368,-0.3097,0.0639,0.1577,-0.1,0.1
305,4,0,223.7255,550.0,-5688.1124,-974.258,-3820.5287,100.0,97.06,181.74,47.244,183.919,189.526,0,0,0,1,0,0,0,-0.2995,-0.0796,-0.0357,-0.2445,-0.1,0.1
305,5,1,236.951,550.0,1972.7027,-4748.0005,-4633.0525,100.0,97.06,182.49,183.635,112.882,159.63,0,0,0,1,0,0,1,0.2083,-0.2234,0.0605,-0.2333,-0.1,0.1
305,6,1,198.5441,550.0,-1023.2582,-6615.3607,-1757.8927,100.0,95.77,182.26,66.725,209.549,215.19,0,0,0,1,0,0,0,-0.2492,-0.2947,0.0285,0.0086,-0.1,0.1
305,7,1,249.387,550.0,2816.9863,-3633.1502,-5173.4948,100.0,98.86,156.23,147.453,289.89,171.998,0,0,0,1,0,0,1,-0.2812,-0.218,0.1694,-0.0798,-0.1,0.1
305,8,1,210.7954,550.0,-52.2477,-6315.8067,-2829.8582,100.0,96.88,182.76,15.632,146.112,252.472,0,0,0,1,0,0,0,0.38,0.0819,-0.0418,-0.3812,-0.1,0.1
305,9,1,236.5401,550.0,1942.998,-4781.291,-4611.3182,100.0,96.97,180.78,95.866,152.565,71.015,0,0,0,1,0,0,1,0.5514,-0.1282,0.0619,-0.313,-0.1,0.1
306,0,0,239.5721,550.0,-4532.4319,-2154.5235,-4766.0603,100.0,96.97,183.33,97.422,202.891,311.579,0,0,0,1,0,0,0,-0.6512,-0.0639,-0.1239,-0.1221,-0.1,0.1
306,1,0,228.0898,550.0,-5410.6142,-1305.8738,-4113.4157,100.0,96.97,184.68,31.097,12.876,166.349,0,0,0,1,0,0,0,0.0758,-0.2711,0.0784,-0.107,-0.1,0.1
306,2,0,281.5746,550.0,-111.18,-4308.8474,-5414.9528,100.0,97.0,177.22,233.463,279.744,91.235,0,0,0,1,0,0,1,0.0045,-0.2042,0.2006,-0.3189,-0.1,0.1
306,3,0,208.5732,550.0,-6391.8037,237.2415,-2643.6344,100.0,96.22,143.83,228.418,60.128,357.577,0,0,0,1,0,0,0,-0.4633,-0.2579,-0.0361,0.2324,-0.1,0.1
306,4,0,222.9321,550.0,-5736.3846,-905.5409,-3764.8544,100.0,97.06,182.18,41.192,176.047,179.526,0,0,0,1,0,0,0,0.1072,-0.0792,-0.0041,-0.2783,-0.1,0.1
306,5,1,237.2952,550.0,1992.0514,-4722.2294,-4651.0775,100.0,97.06,182.95,173.635,104.694,149.63,0,0,0,1,0,0,1,0.3401,-0.2271,0.0848,-0.2534,-0.1,0.1
306,6,1,199.7608,550.0,-935.8277,-6597.8924,-1868.7652,100.0,95.77,182.7,67.865,202.812,205.203,0,0,0,1,0,0,0,-0.2449,-0.2946,0.0334,0.0054,-0.1,0.1
306,7,1,250.8276,550.0,2902.9037,-3495.2591,-5220.7811,100.0,98.86,156.68,137.453,288.036,167.43,0,0,0,1,0,0,1,-0.2797,-0.2103,0.1715,-0.0746,-0.1,0.1
306,8,1,209.8102,550.0,-138.352,-6350.6411,-2747.8095,100.0,96.88,183.21,7.077,143.462,242.472,0,0,0,1,0,0,0,-0.0436,0.0802,-0.0728,-0.3117,-0.1,0.1
306,9,1,236.1237,550.0,1907.2203,-4816.9903,-4589.0474,100.0,96.97,181.24,88.083,149.477,61.015,0,0,0,1,0,0,1,0.1505,-0.1879,0.0785,-0.3223,-0.1,0.1
307,0,0,239.4689,550.0,-4543.6778,-2141.9735,-4761.0065,100.0,96.97,183.76,87.846,195.204,301.579,0,0,0,1,0,0,0,-0.6475,-0.0652,-0.1211,-0.124,-0.0979,0.1
307,1,0,228.7685,550.0,-5365.985,-1351.6366,-4156.8648,100.0,96.97,185.13,24.815,6.183,156.349,0,0,0,1,0,0,0,0.079,-0.2718,0.0818,-0.1101,-0.1,0.1
307,2,0,281.7109,550.0,-100.3476,-4312.4457,-5412.2993,100.0,97.0,177.7,223.463,279.843,89.233,0,0,0,1,0,0,1,0.0069,-0.2036,0.2017,-0.3206,-0.1,0.1
307,3,0,210.7573,550.0,-6317.0487,69.9003,-2826.7031,100.0,96.22,144.28,218.418,52.193,352.237,0,0,0,1,0,0,0,-0.4978,-0.2389,-0.0515,0.2441,-0.1,0.1
307,4,0,222.1229,550.0,-5784.312,-835.2944,-3707.3251,100.0,97.06,182.61,35.129,168.078,169.526,0,0,0,1,0,0,0,-0.8906,-0.0232,-0.1936,-0.1296,-0.1,0.1
307,5,1,237.6179,550.0,2009.8471,-4698.1007,-4667.8266,100.0,97.06,183.41,163.635,96.55,139.63,0,0,0,1,0,0,1,0.3463,-0.2283,0.0873,-0.2545,-0.1,0.1
307,6,1,200.9576,550.0,-849.4933,-6577.9967,-1977.0083,100.0,95.77,183.13,68.858,196.094,195.217,0,0,0,1,0,0,0,-0.2405,-0.2944,0.0383,0.0023,-0.1,0.1
307,7,1,252.2272,550.0,2984.816,-3359.4727,-5263.5594,100.0,98.86,157.12,127.453,286.267,162.823,0,0,0,1,0,0,1,-0.2766,-0.2107,0.1722,-0.079,-0.1,0.1
307,8,1,208.8157,550.0,-225.2452,-6383.7127,-2664.1542,100.0,96.88,183.65,358.561,140.777,232.472,0,0,0,1,0,0,0,-0.0404,0.0776,-0.071,-0.3128,-0.1,0.1
307,9,1,235.6862,550.0,1869.723,-4854.029,-4565.3893,100.0,96.97,181.7,80.207,146.428,51.015,0,0,0,1,0,0,1,0.1555,-0.188,0.0798,-0.3234,-0.1,0.1
308,0,0,239.3434,550.0,-4556.7569,-2127.8218,-4754.8482,100.0,96.97,184.2,78.256,187.471,291.579,0,0,0,1,0,0,0,-0.1417,-0.028,-0.0911,-0.2173,-0.0927,0.1
308,1,0,229.429,550.0,-5321.9895,-1395.9174,-4198.5811,100.0,96.97,185.57,18.398,359.533,146.349,0,0,0,1,0,0,0,0.0823,-0.2726,0.0852,-0.1133,-0.1,0.1
308,2,0,281.821,550.0,-92.5708,-4315.3344,-5410.135,100.0,97.0,178.17,213.463,280.043,87.069,0,0,0,1,0,0,1,0.0092,-0.2031,0.2028,-0.3222,-0.1,0.1
308,3,0,212.9154,550.0,-6234.5547,-95.6513,-3003.5678,100.0,96.22,144.73,208.418,44.253,347.0,0,0,0,1,0,0,0,-0.3809,-0.2555,-0.0105,0.2052,-0.1,0.1
308,4,0,221.2982,550.0,-5831.7924,-763.5508,-3647.9348,100.0,97.06,183.07,29.135,160.075,159.526,0,0,0,1,0,0,0,0.2192,0.1395,-0.0679,-0.3371,-0.1,0.1
308,5,1,237.9191,550.0,2026.0884,-4675.6484,-4683.3234,100.0,97.06,183.85,153.635,88.423,129.63,0,0,0,1,0,0,1,-0.0109,-0.243,0.0353,-0.1787,-0.1,0.1
308,6,1,202.1339,550.0,-764.3609,-6555.8337,-2082.5555,100.0,95.77,183.55,69.749,189.382,185.221,0,0,0,1,0,0,0,0.0321,-0.2035,0.0112,-0.0193,-0.1,0.1
308,7,1,253.5854,550.0,3062.8031,-3226.0675,-5302.0719,100.0,98.86,157.57,117.453,284.585,158.174,0,0,0,1,0,0,1,-0.2735,-0.2111,0.1729,-0.0834,-0.1,0.1
308,8,1,207.8124,550.0,-312.8538,-6414.9384,-2578.9394,100.0,96.88,184.09,350.078,138.047,222.472,0,0,0,1,0,0,0,-0.2867,0.0671,-0.0872,-0.2098,-0.1,0.1
308,9,1,235.2278,550.0,1830.4982,-4892.3468,-4540.315,100.0,96.97,182.16,72.237,143.42,41.015,0,0,0,1,0,0,1,0.1603,-0.1881,0.0812,-0.3245,-0.1,0.1
309,0,0,239.1959,550.0,-4571.649,-2112.0594,-4747.5753,100.0,96.97,184.63,68.65,179.695,281.579,0,0,0,1,0,0,0,-0.1308,-0.0305,-0.0871,-0.2191,-0.0875,0.1
309,1,0,230.0708,550.0,-5278.7062,-1438.7026,-4238.589,100.0,96.97,186.0,11.855,352.866,136.349,0,0,0,1,0,0,0,-0.3021,-0.2494,-0.0337,-0.0191,-0.1,0.1
309,2,0,281.9047,550.0,-87.8457,-4317.515,-5408.4738,100.0,97.0,178.64,203.463,280.345,84.744,0,0,0,1,0,0,1,0.0114,-0.2026,0.2038,-0.3238,-0.1,0.1
309,3,0,215.0465,550.0,-6144.8016,-259.1059,-3174.0382,100.0,96.22,145.17,198.418,36.347,341.796,0,0,0,1,0,0,0,-0.1209,-0.2685,0.0691,0.0646,-0.1,0.1
309,4,0,220.4584,550.0,-5878.7232,-690.3455,-3586.6805,100.0,97.06,183.52,23.21,152.04,149.526,0,0,0,1,0,0,0,0.2252,0.1371,-0.0656,-0.3359,-0.1,0.1
309,5,1,238.1986,550.0,2040.7739,-4654.9037,-4697.5903,100.0,97.06,184.3,143.635,80.316,119.63,0,0,0,1,0,0,1,-0.0026,-0.2456,0.0387,-0.1809,-0.1,0.1
309,6,1,203.289,550.0,-680.5325,-6531.5674,-2185.3476,100.0,95.77,183.98,70.538,182.678,175.221,0,0,0,1,0,0,0,0.032,-0.2036,0.0155,-0.022,-0.1,0.1
309,7,1,254.902,550.0,3136.9512,-3095.3003,-5336.562,100.0,98.86,158.02,107.453,282.99,153.481,0,0,0,1,0,0,1,-0.2703,-0.2114,0.1737,-0.0879,-0.1,0.1
309,8,1,206.8006,550.0,-401.1016,-6444.239,-2492.2164,100.0,96.88,184.53,341.628,135.276,212.472,0,0,0,1,0,0,0,-0.2854,0.0651,-0.0853,-0.2111,-0.1,0.1
309,9,1,234.7487,550.0,1789.5392,-4931.8805,-4513.795,100.0,96.97,182.62,64.173,140.453,31.015,0,0,0,1,0,0,1,0.1651,-0.1881,0.0827,-0.3255,-0.1,0.1
310,0,0,239.0263,550.0,-4588.331,-2094.6771,-4739.1759,100.0,96.97,185.06,59.029,171.877,271.579,0,0,0,1,0,0,0,-0.1199,-0.0329,-0.0831,-0.2208,-0.0824,0.1
310,1,0,230.6938,550.0,-5236.2112,-1479.9798,-4276.914,100.0,96.97,186.43,5.197,346.185,126.349,0,0,0,1,0,0,0,-0.3482,-0.2315,-0.0276,-0.019,-0.1,0.1
310,2,0,281.9622,550.0,-86.1689,-4318.9856,-5407.3264,100.0,97.0,179.12,193.463,280.75,82.256,0,0,0,1,0,0,1,0.0136,-0.202,0.2048,-0.3253,-0.1,0.1
310,3,0,217.1496,550.0,-6048.2834,-420.1758,-3337.9577,100.0,96.22,145.61,188.418,28.438,336.666,0,0,0,1,0,0,0,-0.3785,-0.2457,-0.0078,0.149,-0.1,0.1
310,4,0,219.6039,550.0,-5925.0014,-615.7169,-3523.5625,100.0,97.06,183.96,17.259,144.022,139.526,0,0,0,1,0,0,0,0.5967,-0.0501,0.0352,-0.3193,-0.1,0.1
310,5,1,238.4564,550.0,2053.9019,-4635.895,-4710.6481,100.0,97.06,184.75,133.635,72.23,109.63,0,0,0,1,0,0,1,0.0056,-0.2481,0.0422,-0.183,-0.1,0.1
310,6,1,204.4223,550.0,-598.1057,-6505.364,-2285.3336,100.0,95.77,184.4,71.225,175.983,165.221,0,0,0,1,0,0,0,0.0321,-0.2039,0.0198,-0.0247,-0.1,0.1
310,7,1,256.1769,550.0,3207.3526,-2967.4094,-5367.2723,100.0,98.86,158.46,97.453,281.483,148.742,0,0,0,1,0,0,1,-0.2671,-0.2117,0.1744,-0.0923,-0.1,0.1
310,8,1,205.7812,550.0,-489.9105,-6471.5391,-2404.0405,100.0,96.88,184.97,333.224,132.476,202.472,0,0,0,1,0,0,0,0.1809,0.0936,-0.0563,-0.2845,-0.1,0.1
310,9,1,234.249,550.0,1746.8401,-4972.564,-4485.7996,100.0,96.97,183.08,56.014,137.528,21.015,0,0,0,1,0,0,1,0.1697,-0.1882,0.0842,-0.3265,-0.1,0.1
311,0,0,238.8347,550.0,-4606.7769,-2075.6653,-4729.6365,100.0,96.97,185.5,49.389,164.02,261.579,0,0,0,1,0,0,0,-0.1089,-0.0355,-0.0792,-0.2225,-0.0774,0.1
311,1,0,231.2978,550.0,-5194.5783,-1519.738,-4313.5824,100.0,96.97,186.86,358.422,339.492,116.349,0,0,0,1,0,0,0,-0.3439,-0.2327,-0.0243,-0.0219,-0.1,0.1
311,2,0,281.9935,550.0,-87.5372,-4319.742,-5406.7002,100.0,97.0,179.59,183.463,281.257,79.605,0,0,0,1,0,0,1,0.0158,-0.2015,0.2058,-0.3268,-0.1,0.1
311,3,0,219.2234,550.0,-5945.5044,-578.5934,-3495.2036,100.0,96.22,146.05,178.418,20.528,331.607,0,0,0,1,0,0,0,-0.3692,-0.2462,-0.0006,0.1423,-0.1,0.1
311,4,0,218.7351,550.0,-5970.5239,-539.7067,-3458.5839,100.0,97.06,184.4,11.284,136.023,129.526,0,0,0,1,0,0,0,0.6023,-0.0508,0.0367,-0.3181,-0.1,0.1
311,5,1,238.6924,550.0,2065.4707,-4618.6478,-4722.5167,100.0,97.06,185.2,123.635,64.167,99.63,0,0,0,1,0,0,1,0.0138,-0.2504,0.0458,-0.185,-0.1,0.1
311,6,1,205.5331,550.0,-517.1739,-6477.3923,-2382.4695,100.0,95.77,184.83,71.81,169.301,155.221,0,0,0,1,0,0,0,0.0323,-0.2041,0.0241,-0.0275,-0.1,0.1
311,7,1,257.4097,550.0,3274.104,-2842.6144,-5394.4441,100.0,98.86,158.91,87.453,280.062,143.954,0,0,0,1,0,0,1,-0.2638,-0.212,0.1751,-0.0969,-0.1,0.1
311,8,1,204.7544,550.0,-579.2004,-6496.7679,-2314.4708,100.0,96.88,185.41,324.866,129.648,192.472,0,0,0,1,0,0,0,0.1851,0.0909,-0.0547,-0.2853,-0.1,0.1
311,9,1,233.7288,550.0,1702.3964,-5014.3284,-4456.2987,100.0,96.97,183.54,47.738,134.656,11.015,0,0,0,1,0,0,1,0.0614,-0.235,0.105,-0.2908,-0.1,0.1
312,0,0,238.6211,550.0,-4626.9583,-2055.0144,-4718.942,100.0,96.97,185.93,39.73,156.125,251.579,0,0,0,1,0,0,0,-0.0979,-0.038,-0.0753,-0.2242,-0.0726,0.1
312,1,0,231.8824,550.0,-5153.8789,-1557.9676,-4348.6217,100.0,96.97,187.29,351.607,332.707,106.372,0,0,0,1,0,0,0,-0.7913,-0.0812,-0.1828,0.0458,-0.1,0.1
312,2,0,281.9986,550.0,-91.9476,-4319.777,-5406.5991,100.0,97.0,180.06,173.463,281.868,76.79,0,0,0,1,0,0,1,0.0179,-0.201,0.2065,-0.3284,-0.1,0.1
312,3,0,221.2672,550.0,-5836.9762,-734.1123,-3645.6864,100.0,96.22,146.49,168.418,12.648,326.579,0,0,0,1,0,0,0,-0.187,-0.2571,0.0581,0.061,-0.1,0.1
312,4,0,217.8524,550.0,-6015.1881,-462.3593,-3391.7513,100.0,97.06,184.85,5.358,128.0,119.526,0,0,0,1,0,0,0,0.2529,0.1007,-0.0465,-0.3694,-0.1,0.1
312,5,1,238.9064,550.0,2075.4782,-4603.1852,-4733.2143,100.0,97.06,185.64,113.635,56.129,89.63,0,0,0,1,0,0,1,0.0219,-0.2527,0.0494,-0.1871,-0.1,0.1
312,6,1,206.6208,550.0,-437.826,-6447.8222,-2476.7192,100.0,95.77,185.27,72.264,162.63,145.221,0,0,0,1,0,0,0,0.1498,-0.2611,0.0219,-0.1021,-0.1,0.1
312,7,1,258.6004,550.0,3337.306,-2721.1178,-5418.316,100.0,98.86,159.38,77.453,278.781,139.079,0,0,0,1,0,0,0,0.0346,-0.2508,0.2781,-0.1745,-0.1,0.1
312,8,1,203.7211,550.0,-668.8894,-6519.8592,-2223.5701,100.0,96.88,185.86,316.538,126.78,182.472,0,0,0,1,0,0,0,0.1037,0.0591,-0.0814,-0.2968,-0.1,0.1
312,9,1,233.1885,550.0,1656.2046,-5057.1022,-4425.2621,100.0,96.97,183.99,39.392,131.782,1.015,0,0,0,1,0,0,1,-0.2196,-0.1406,-0.003,-0.3114,-0.1,0.1
313,0,0,238.3857,550.0,-4648.8439,-2032.7145,-4707.0758,100.0,96.97,186.36,30.059,148.14,241.579,0,0,0,1,0,0,0,-0.7129,-0.0259,-0.1783,-0.1201,-0.0677,0.1
313,1,0,232.4475,550.0,-5114.1815,-1594.6598,-4382.0599,100.0,96.97,187.72,344.744,325.836,96.417,0,0,0,1,0,0,0,-0.7642,-0.0952,-0.174,0.0455,-0.1,0.1
313,2,0,281.9774,550.0,-99.3977,-4319.0804,-5407.0237,100.0,97.0,180.54,163.463,282.582,73.81,0,0,0,1,0,0,1,0.016,-0.1964,0.2074,-0.3271,-0.1,0.1
313,3,0,223.2799,550.0,-5723.2145,-886.5074,-3789.3484,100.0,96.22,146.94,158.418,4.747,321.658,0,0,0,1,0,0,0,-0.5002,-0.2478,-0.0405,0.2162,-0.1,0.1
313,4,0,216.9563,550.0,-6058.8919,-383.7227,-3323.0749,100.0,97.06,185.3,359.463,119.941,109.526,0,0,0,1,0,0,0,-0.2351,0.0604,-0.0719,-0.3183,-0.1,0.1
313,5,1,239.0985,550.0,2083.9219,-4589.5273,-4742.7576,100.0,97.06,186.08,103.635,48.08,79.63,0,0,0,1,0,0,1,-0.3963,-0.171,-0.0208,-0.1954,-0.1,0.1
313,6,1,207.6848,550.0,-360.1465,-6416.8246,-2568.0534,100.0,95.77,185.71,72.588,155.971,135.221,0,0,0,1,0,0,0,0.1524,-0.2608,0.0257,-0.1055,-0.1,0.1
313,7,1,259.7488,550.0,3397.0616,-2603.1048,-5439.123,100.0,98.86,159.81,67.453,277.562,134.203,0,0,0,1,0,0,0,-0.4104,-0.1815,0.1242,-0.0025,-0.1,0.1
313,8,1,202.6816,550.0,-758.894,-6540.7518,-2131.4049,100.0,96.88,186.3,308.237,123.874,172.472,0,0,0,1,0,0,0,0.1129,0.0558,-0.077,-0.2947,-0.1,0.1
313,9,1,232.6281,550.0,1608.2628,-5100.8108,-4392.6599,100.0,96.97,184.43,30.97,128.91,351.015,0,0,0,1,0,0,1,-0.1993,-0.1517,0.0032,-0.3101,-0.1,0.1
314,0,0,238.1285,550.0,-4672.3998,-2008.7557,-4694.0198,100.0,96.97,186.8,20.374,140.068,231.579,0,0,0,1,0,0,0,-0.708,-0.0264,-0.1754,-0.1226,-0.063,0.1
314,1,0,232.9928,550.0,-5075.5525,-1629.8071,-4413.9253,100.0,96.97,188.15,337.833,318.879,86.485,0,0,0,1,0,0,0,-0.7574,-0.0976,-0.1697,0.0444,-0.1,0.1
314,2,0,281.9299,550.0,-109.8851,-4317.6395,-5407.9715,100.0,97.0,181.01,153.463,283.4,70.667,0,0,0,1,0,0,1,0.0174,-0.1964,0.2068,-0.3294,-0.1,0.1
314,3,0,225.2605,550.0,-5604.7362,-1035.5756,-3926.1631,100.0,96.22,147.39,148.418,356.888,316.792,0,0,0,1,0,0,0,-0.2014,-0.2782,0.0845,0.1082,-0.1,0.1
314,4,0,216.047,550.0,-6101.534,-303.8477,-3252.5683,100.0,97.06,185.75,353.631,111.836,99.526,0,0,0,1,0,0,0,-0.0904,0.1251,-0.0921,-0.3094,-0.1,0.1
314,5,1,239.2686,550.0,2090.7993,-4577.6916,-4751.1619,100.0,97.06,186.52,93.635,40.022,69.63,0,0,0,1,0,0,1,-0.389,-0.1739,-0.0171,-0.1975,-0.1,0.1
314,6,1,208.7246,550.0,-284.2154,-6384.5703,-2656.4496,100.0,95.77,186.15,72.782,149.327,125.221,0,0,0,1,0,0,0,0.155,-0.2604,0.0294,-0.1091,-0.1,0.1
314,7,1,260.8547,550.0,3453.4761,-2488.7445,-5457.0958,100.0,98.86,160.25,57.453,276.405,129.324,0,0,0,1,0,0,0,-0.4075,-0.1829,0.1241,-0.007,-0.1,0.1
314,8,1,201.6367,550.0,-849.1297,-6559.3895,-2038.0454,100.0,96.88,186.74,299.963,120.931,162.472,0,0,0,1,0,0,0,0.1221,0.0523,-0.0725,-0.2925,-0.1,0.1
314,9,1,232.0479,550.0,1558.5706,-5145.3772,-4358.4621,100.0,96.97,184.88,22.495,126.026,341.015,0,0,0,1,0,0,1,-0.2801,-0.1061,-0.0245,-0.3147,-0.1,0.1
315,0,0,237.8495,550.0,-4697.5891,-1983.1284,-4679.7542,100.0,96.97,187.23,10.712,131.899,221.579,0,0,0,1,0,0,0,-0.6642,0.0447,-0.194,-0.1415,-0.0584,0.1
315,1,0,233.5182,550.0,-5038.0553,-1663.4029,-4444.2469,100.0,96.97,188.58,330.918,311.833,76.524,0,0,0,1,0,0,0,-0.7224,-0.0052,-0.1799,-0.058,-0.1,0.1
315,2,0,281.8563,550.0,-123.4078,-4315.4387,-5409.4362,100.0,97.0,181.47,143.463,284.3,67.341,0,0,0,1,0,0,1,-0.162,-0.0438,0.1638,-0.3648,-0.1,0.1
315,3,0,227.2083,550.0,-5482.0564,-1181.1352,-4056.1334,100.0,96.22,147.82,138.418,349.063,311.963,0,0,0,1,0,0,0,-0.1783,-0.1931,0.0676,0.0732,-0.1,0.1
315,4,0,215.1252,550.0,-6143.0142,-222.7884,-3180.2489,100.0,97.06,186.2,347.879,103.731,89.526,0,0,0,1,0,0,0,0.5266,0.1626,-0.0015,-0.3491,-0.1,0.1
315,5,1,239.4166,550.0,2096.1071,-4567.6929,-4758.4406,100.0,97.06,186.96,83.635,31.934,59.63,0,0,0,1,0,0,1,-0.5723,-0.023,-0.0613,-0.2712,-0.1,0.1
315,6,1,209.7396,550.0,-210.1079,-6351.23,-2741.8922,100.0,95.77,186.59,72.873,142.715,115.221,0,0,0,1,0,0,0,0.22,-0.2064,0.0639,-0.16,-0.1,0.1
315,7,1,261.9181,550.0,3506.6555,-2378.1909,-5472.4598,100.0,98.86,160.66,47.453,275.271,124.412,0,0,0,1,0,0,0,-0.5569,-0.0082,0.0464,-0.0646,-0.1,0.1
315,8,1,200.5868,550.0,-939.5106,-6575.7217,-1943.565,100.0,96.88,187.19,291.748,117.966,152.472,0,0,0,1,0,0,0,0.171,0.1198,-0.0442,-0.3538,-0.1,0.1
315,9,1,231.4482,550.0,1507.1292,-5190.7216,-4322.6394,100.0,96.97,185.32,14.029,123.176,331.015,0,0,0,1,0,0,1,0.6851,0.0171,0.0686,-0.3756,-0.1,0.1
316,0,0,237.5489,550.0,-4724.3723,-1955.8228,-4664.2583,100.0,96.97,187.67,1.072,123.635,211.579,0,0,0,1,0,0,0,-0.6597,0.0448,-0.1915,-0.1442,-0.0539,0.1
316,1,0,234.0234,550.0,-5001.7508,-1695.4413,-4473.0537,100.0,96.97,189.0,324.001,304.698,66.533,0,0,0,1,0,0,0,-0.7172,-0.0059,-0.1762,-0.0602,-0.1,0.1
316,2,0,281.7563,550.0,-139.9641,-4312.4596,-5411.4086,100.0,97.0,181.92,133.463,285.28,63.83,0,0,0,1,0,0,1,-0.1657,-0.041,0.1623,-0.369,-0.1,0.1
316,3,0,229.1225,550.0,-5355.686,-1323.0264,-4179.2906,100.0,96.22,148.25,128.418,341.236,307.214,0,0,0,1,0,0,0,-0.503,-0.1868,-0.005,0.1611,-0.1,0.1
316,4,0,214.1913,550.0,-6183.2338,-140.6018,-3106.1378,100.0,97.06,186.65,342.208,95.627,79.526,0,0,0,1,0,0,0,0.5285,0.1599,0.0023,-0.3471,-0.1,0.1
316,5,1,239.5424,550.0,2099.842,-4559.5434,-4764.6058,100.0,97.06,187.39,73.635,23.818,49.63,0,0,0,1,0,0,1,-0.5684,-0.0247,-0.0575,-0.2736,-0.1,0.1
316,6,1,210.7292,550.0,-137.8952,-6316.9733,-2824.3716,100.0,95.77,187.02,72.869,136.083,105.221,0,0,0,1,0,0,0,-0.1243,-0.1895,-0.041,-0.0742,-0.1,0.1
316,7,1,262.9389,550.0,3556.7062,-2271.5831,-5485.4345,100.0,98.86,161.07,37.453,274.159,119.464,0,0,0,1,0,0,0,-0.5623,-0.0048,0.0442,-0.0724,-0.1,0.1
316,8,1,199.5327,550.0,-1029.95,-6589.7033,-1848.0406,100.0,96.88,187.64,283.593,114.982,142.472,0,0,0,1,0,0,0,0.1797,0.1176,-0.0397,-0.3522,-0.1,0.1
316,9,1,230.829,550.0,1453.9417,-5236.7618,-4285.1629,100.0,96.97,185.77,5.591,120.334,321.015,0,0,0,1,0,0,1,0.119,0.0582,0.0161,-0.3848,-0.1,0.1
317,0,0,237.2268,550.0,-4752.707,-1926.8293,-4647.5097,100.0,96.97,188.11,351.454,115.275,201.579,0,0,0,1,0,0,0,-0.6553,0.045,-0.1891,-0.147,-0.0494,0.1
317,1,0,234.5084,550.0,-4966.697,-1725.9174,-4500.3745,100.0,96.97,189.44,317.054,297.585,56.533,0,0,0,1,0,0,0,0.4428,-0.0598,0.0412,-0.2478,-0.1,0.1
317,2,0,281.6301,550.0,-159.5523,-4308.6809,-5413.876,100.0,97.0,182.38,123.463,286.342,60.133,0,0,0,1,0,0,1,-0.1695,-0.0382,0.1607,-0.3732,-0.1,0.1
317,3,0,231.0021,550.0,-5226.1291,-1461.1105,-4295.6923,100.0,96.22,148.69,118.418,333.425,302.52,0,0,0,1,0,0,0,-0.2535,-0.2117,0.0329,0.1098,-0.1,0.1
317,4,0,213.2456,550.0,-6222.0958,-57.3478,-3030.2601,100.0,97.06,187.09,336.563,87.517,69.526,0,0,0,1,0,0,0,0.1574,0.0534,-0.0113,-0.299,-0.1,0.1
317,5,1,239.6461,550.0,2102.0001,-4553.2525,-4769.6675,100.0,97.06,187.83,63.635,15.674,39.63,0,0,0,1,0,0,1,-0.5643,-0.0263,-0.0537,-0.276,-0.1,0.1
317,6,1,211.7089,550.0,-66.356,-6281.3746,-2905.1972,100.0,95.77,187.45,72.771,129.432,95.221,0,0,0,1,0,0,0,-0.1187,-0.1877,-0.0368,-0.0788,-0.1,0.1
317,7,1,263.9169,550.0,3603.7342,-2169.0468,-5496.2329,100.0,98.86,161.48,27.453,273.069,114.476,0,0,0,1,0,0,0,-0.5678,-0.0013,0.0418,-0.0805,-0.1,0.1
317,8,1,198.4748,550.0,-1120.3608,-6601.2952,-1751.5518,100.0,96.88,188.09,275.494,111.979,132.472,0,0,0,1,0,0,0,0.1845,0.1145,-0.0354,-0.3507,-0.1,0.1
317,9,1,230.1907,550.0,1399.0132,-5283.4127,-4246.0044,100.0,96.97,186.23,357.107,117.54,311.015,0,0,0,1,0,0,1,0.4416,-0.0937,0.0957,-0.3823,-0.1,0.1
318,0,0,236.8832,550.0,-4782.5481,-1896.1389,-4629.4851,100.0,96.97,188.56,341.908,106.855,191.579,0,0,0,1,0,0,0,-0.2471,0.1415,-0.1214,-0.2118,-0.0451,0.1
318,1,0,234.9728,550.0,-4932.9494,-1754.8269,-4526.2384,100.0,96.97,189.87,310.132,290.437,46.533,0,0,0,1,0,0,0,-0.1389,0.049,-0.0676,-0.1803,-0.1,0.1
318,2,0,281.4777,550.0,-182.1711,-4304.0786,-5416.8221,100.0,97.0,182.84,113.463,287.482,56.247,0,0,0,1,0,0,1,-0.1733,-0.0354,0.1591,-0.3775,-0.1,0.1
318,3,0,232.8466,550.0,-5093.8807,-1595.2698,-4405.4211,100.0,96.22,149.12,108.418,325.645,297.856,0,0,0,1,0,0,0,-0.1535,-0.2163,0.0628,0.0611,-0.1,0.1
318,4,0,212.2888,550.0,-6259.5053,26.9105,-2952.6446,100.0,97.06,187.53,330.94,79.345,59.526,0,0,0,1,0,0,0,-0.5208,0.0429,-0.1227,-0.253,-0.1,0.1
318,5,1,239.7275,550.0,2102.577,-4548.8271,-4773.6342,100.0,97.06,188.28,53.635,7.569,29.63,0,0,0,1,0,0,1,0.1898,-0.0909,0.0766,-0.3114,-0.1,0.1
318,6,1,212.6782,550.0,4.4495,-6244.5175,-2984.3294,100.0,95.77,187.88,72.61,122.719,85.259,0,0,0,1,0,0,0,-0.584,-0.1262,-0.1247,0.0767,-0.1,0.1
318,7,1,264.8681,550.0,3648.6333,-2068.936,-5505.1993,100.0,98.86,161.89,17.454,271.997,109.443,0,0,0,1,0,0,0,-0.5737,0.0024,0.0394,-0.0887,-0.1,0.1
318,8,1,197.4139,550.0,-1210.6554,-6610.4643,-1654.1815,100.0,96.88,188.54,267.434,108.91,122.472,0,0,0,1,0,0,0,-0.4243,0.0769,-0.1329,-0.2933,-0.1,0.1
318,9,1,229.5336,550.0,1342.3506,-5330.5873,-4205.1367,100.0,96.97,186.68,348.578,114.788,301.015,0,0,0,1,0,0,1,0.1851,-0.0899,0.085,-0.33,-0.1,0.1
319,0,0,236.5183,550.0,-4813.8476,-1863.7427,-4610.16,100.0,96.97,189.0,332.42,98.414,181.579,0,0,0,1,0,0,0,0.0696,0.119,-0.0423,-0.2776,-0.0408,0.1
319,1,0,235.4165,550.0,-4900.5606,-1782.1658,-4550.6738,100.0,96.97,190.3,303.226,283.214,36.533,0,0,0,1,0,0,0,-0.6646,0.0331,-0.1503,-0.1161,-0.1,0.1
319,2,0,281.2989,550.0,-207.819,-4298.626,-5420.2276,100.0,97.0,183.3,103.463,288.702,52.17,0,0,0,1,0,0,1,-0.1772,-0.0325,0.1575,-0.3822,-0.1,0.1
319,3,0,234.6552,550.0,-4959.425,-1725.4068,-4508.5824,100.0,96.22,149.56,98.418,317.86,293.265,0,0,0,1,0,0,0,-0.5193,-0.1949,-0.0119,0.1445,-0.1,0.1
319,4,0,211.3213,550.0,-6295.3698,112.1074,-2873.3242,100.0,97.06,187.97,325.328,71.106,49.526,0,0,0,1,0,0,0,-0.6295,0.0231,-0.1357,-0.1988,-0.1,0.1
319,5,1,239.7868,550.0,2101.5678,-4546.2712,-4776.5125,100.0,97.06,188.73,43.635,359.503,19.63,0,0,0,1,0,0,1,0.1955,-0.091,0.0792,-0.3133,-0.1,0.1
319,6,1,213.6366,550.0,74.4627,-6206.4879,-3061.7322,100.0,95.77,188.31,72.37,115.961,75.317,0,0,0,1,0,0,0,-0.4243,-0.1572,-0.0898,0.0398,-0.1,0.1
319,7,1,265.7924,550.0,3691.464,-1971.3274,-5512.4589,100.0,98.86,162.31,7.457,270.945,104.363,0,0,0,1,0,0,0,-0.5776,0.0043,0.0379,-0.094,-0.1,0.1
319,8,1,196.3504,550.0,-1300.7462,-6617.1835,-1556.0149,100.0,96.88,189.01,259.469,105.759,112.472,0,0,0,1,0,0,0,-0.1428,0.1887,-0.1655,-0.2768,-0.1,0.1
319,9,1,228.8578,550.0,1283.9631,-5378.196,-4162.5337,100.0,96.97,187.13,340.004,112.08,291.015,0,0,0,1,0,0,1,0.1876,-0.0896,0.0869,-0.3319,-0.1,0.1
320,0,0,236.1323,550.0,-4846.5549,-1829.6323,-4589.5089,100.0,96.97,189.44,322.974,89.923,171.579,0,0,0,1,0,0,0,-0.4357,0.0825,-0.0997,-0.1773,-0.0367,0.1
320,1,0,235.8395,550.0,-4869.5804,-1807.9309,-4573.709,100.0,96.97,190.72,296.25,275.988,26.533,0,0,0,1,0,0,0,-0.3399,-0.1395,-0.0071,-0.1307,-0.1,0.1
320,2,0,281.0938,550.0,-236.4945,-4292.2934,-5424.0694,100.0,97.0,183.75,93.463,289.999,47.899,0,0,0,1,0,0,1,-0.1812,-0.0296,0.1559,-0.3869,-0.1,0.1
320,3,0,236.4272,550.0,-4823.2334,-1851.4437,-4605.3031,100.0,96.22,149.99,88.418,310.073,288.738,0,0,0,1,0,0,0,-0.5409,-0.1903,-0.0038,0.1297,-0.0467,0.1
320,4,0,210.3436,550.0,-6329.5994,198.1743,-2792.3359,100.0,97.06,188.4,319.727,62.802,39.526,0,0,0,1,0,0,0,-0.624,0.0197,-0.1298,-0.1954,-0.1,0.1
320,5,1,239.8238,550.0,2098.9673,-4545.5864,-4778.3074,100.0,97.06,189.17,33.635,351.473,9.63,0,0,0,1,0,0,1,0.1732,-0.0755,0.0708,-0.3224,-0.1,0.1
320,6,1,214.5836,550.0,143.6272,-6167.3736,-3137.374,100.0,95.77,188.74,72.049,109.213,65.343,0,0,0,1,0,0,0,-0.0145,-0.1615,0.019,-0.0662,-0.1,0.1
320,7,1,266.6899,550.0,3732.2867,-1876.2909,-5518.1346,100.0,98.86,162.72,357.464,269.911,99.234,0,0,0,1,0,0,0,-0.5817,0.0062,0.0364,-0.0993,-0.1,0.1
320,8,1,195.2852,550.0,-1390.5458,-6621.4324,-1457.1399,100.0,96.88,189.47,251.596,102.526,102.472,0,0,0,1,0,0,0,-0.1417,0.1858,-0.1615,-0.2746,-0.1,0.1
320,9,1,228.1636,550.0,1223.8624,-5426.1471,-4118.1707,100.0,96.97,187.58,331.385,109.416,281.015,0,0,0,1,0,0,1,0.19,-0.0895,0.0888,-0.3337,-0.1,0.1
321,0,0,235.7251,550.0,-4880.6162,-1793.8001,-4567.5056,100.0,96.97,189.88,313.574,81.395,161.579,0,0,0,1,0,0,0,-0.1764,0.0911,-0.0744,-0.2943,-0.1,0.1
321,1,0,236.2415,550.0,-4840.0558,-1832.1193,-4595.3716,100.0,96.97,191.15,289.26,268.727,16.533,0,0,0,1,0,0,0,-0.342,-0.0276,-0.0695,-0.1191,-0.1,0.1
321,2,0,280.8624,550.0,-268.196,-4285.0484,-5428.3213,100.0,97.0,184.22,83.463,291.38,43.41,0,0,0,1,0,0,1,0.1251,-0.0197,0.1661,-0.4374,-0.1,0.1
321,3,0,238.162,550.0,-4685.7629,-1973.3215,-4695.7288,100.0,96.22,150.43,78.418,302.238,284.279,0,0,0,1,0,0,0,-0.6937,-0.1685,-0.0951,0.1355,-0.086,0.1
321,4,0,209.3562,550.0,-6362.1072,285.0402,-2709.7205,100.0,97.06,188.83,314.128,54.46,29.526,0,0,0,1,0,0,0,-0.5682,0.0055,-0.0773,-0.2282,-0.1,0.1
321,5,1,239.8385,550.0,2094.7699,-4546.7714,-4779.0219,100.0,97.06,189.63,23.635,343.491,359.63,0,0,0,1,0,0,1,-0.0798,-0.1584,0.0978,-0.3391,-0.1,0.1
321,6,1,215.5188,550.0,211.8886,-6127.2641,-3211.227,100.0,95.77,189.17,71.636,102.507,55.343,0,0,0,1,0,0,0,0.0621,-0.1854,0.0849,-0.0988,-0.1,0.1
321,7,1,267.5603,550.0,3771.1625,-1783.8902,-5522.3464,100.0,98.86,163.14,347.475,268.905,94.04,0,0,0,1,0,0,0,-0.393,0.0102,0.0562,-0.1289,-0.1,0.1
321,8,1,194.2187,550.0,-1479.9673,-6623.1966,-1357.6465,100.0,96.88,189.93,243.807,99.238,92.472,0,0,0,1,0,0,0,-0.0965,0.1687,-0.1112,-0.3088,-0.1,0.1
321,9,1,227.4514,550.0,1162.0624,-5474.3467,-4072.0241,100.0,96.97,188.02,322.735,106.794,271.015,0,0,0,1,0,0,1,0.4115,-0.0636,0.0849,-0.3063,-0.1,0.1
322,0,0,235.2971,550.0,-4915.9753,-1756.239,-4544.1228,100.0,96.97,190.33,304.225,72.814,151.579,0,0,0,1,0,0,0,-0.3467,0.1032,-0.105,-0.2735,-0.1,0.1
322,1,0,236.6224,550.0,-4812.0311,-1854.7284,-4615.6885,100.0,96.97,191.57,282.244,261.449,6.533,0,0,0,1,0,0,0,-0.1691,-0.0531,-0.0339,-0.159,-0.1,0.1
322,2,0,280.6045,550.0,-302.9218,-4276.8559,-5432.9534,100.0,97.0,184.68,73.475,292.827,38.696,0,0,0,1,0,0,1,0.0394,0.0236,0.1331,-0.4513,-0.1,0.1
322,3,0,239.8592,550.0,-4547.4547,-2090.9989,-4780.023,100.0,96.22,150.86,68.418,294.352,279.866,0,0,0,1,0,0,0,-0.7657,-0.1089,-0.1012,0.0899,-0.1,0.1
322,4,0,208.3597,550.0,-6392.8097,372.6316,-2625.5229,100.0,97.06,189.26,308.52,46.097,19.526,0,0,0,1,0,0,0,-0.4959,-0.0168,-0.0388,-0.2385,-0.1,0.1
322,5,1,239.831,550.0,2088.9692,-4549.8225,-4778.6571,100.0,97.06,190.08,13.635,335.542,349.63,0,0,0,1,0,0,1,-0.1811,-0.0964,0.0635,-0.3496,-0.1,0.1
322,6,1,216.4416,550.0,279.1944,-6086.2506,-3283.2675,100.0,95.77,189.61,71.118,95.83,45.343,0,0,0,1,0,0,0,-0.011,-0.2105,0.0591,-0.0665,-0.1,0.1
322,7,1,268.4039,550.0,3808.1518,-1694.1829,-5525.2118,100.0,98.86,163.56,337.511,267.904,88.772,0,0,0,1,0,0,0,-0.4865,0.0489,0.0086,-0.15,-0.1,0.1
322,8,1,193.1516,550.0,-1568.9246,-6622.4687,-1257.6266,100.0,96.88,190.38,236.09,95.914,82.472,0,0,0,1,0,0,0,-0.0345,0.1416,-0.0735,-0.317,-0.1,0.1
322,9,1,226.7214,550.0,1098.5795,-5522.6992,-4024.0723,100.0,96.97,188.47,314.13,104.156,261.015,0,0,0,1,0,0,1,-0.1663,0.0916,-0.0348,-0.3317,-0.1,0.1
323,0,0,234.8483,550.0,-4952.5729,-1716.9429,-4519.3329,100.0,96.97,190.77,294.888,64.243,141.579,0,0,0,1,0,0,0,-0.2523,0.023,0.0185,-0.3067,-0.1,0.1
323,1,0,236.982,550.0,-4785.5479,-1875.7557,-4634.6859,100.0,96.97,192.01,275.168,254.203,356.533,0,0,0,1,0,0,0,-0.1167,-0.1205,0.0636,-0.2315,-0.1,0.1
323,2,0,280.3203,550.0,-340.6695,-4267.6781,-5437.9324,100.0,97.0,185.14,63.492,294.369,33.742,0,0,0,1,0,0,1,0.0095,0.0103,0.1895,-0.4781,-0.1,0.1
323,3,0,241.518,550.0,-4408.7334,-2204.4517,-4858.3643,100.0,96.22,151.28,58.418,286.48,275.454,0,0,0,1,0,0,0,-0.5701,-0.1546,0.0263,0.0049,-0.1,0.1
323,4,0,207.3545,550.0,-6421.627,460.8724,-2539.7921,100.0,97.06,189.7,302.901,37.76,9.526,0,0,0,1,0,0,0,-0.4471,-0.0245,0.049,-0.2905,-0.1,0.1
323,5,1,239.8012,550.0,2081.5587,-4554.7333,-4777.2125,100.0,97.06,190.54,3.635,327.648,339.63,0,0,0,1,0,0,1,-0.2953,-0.0886,0.1124,-0.3569,-0.1,0.1
323,6,1,217.3516,550.0,345.4944,-6044.4253,-3353.4755,100.0,95.77,190.05,70.498,89.224,35.343,0,0,0,1,0,0,0,-0.0977,-0.2037,0.1413,-0.1348,-0.1,0.1
323,7,1,269.2204,550.0,3843.315,-1607.2207,-5526.8447,100.0,98.86,163.99,327.582,266.942,83.417,0,0,0,1,0,0,0,-0.5665,0.0699,0.0807,-0.1716,-0.1,0.1
323,8,1,192.0845,550.0,-1657.3324,-6619.2476,-1157.174,100.0,96.88,190.83,228.428,92.595,72.472,0,0,0,1,0,0,0,-0.018,0.1123,0.0131,-0.3703,-0.1,0.1
323,9,1,225.9739,550.0,1033.4329,-5571.107,-3974.2954,100.0,96.97,188.92,305.537,101.58,251.015,0,0,0,1,0,0,0,0.5772,0.0246,0.1256,-0.384,-0.1,0.1
324,0,0,234.3788,550.0,-4990.347,-1675.9064,-4493.1075,100.0,96.97,191.23,285.648,55.605,131.579,0,0,0,1,0,0,0,-0.3203,0.1949,-0.1335,-0.3405,-0.1,0.1
324,1,0,237.3203,550.0,-4760.6447,-1895.1992,-4652.389,100.0,96.97,192.46,268.149,246.9,346.533,0,0,0,1,0,0,0,-0.3142,0.116,-0.113,-0.2588,-0.1,0.1
324,2,0,280.0097,550.0,-381.4364,-4257.4744,-5443.2214,100.0,97.0,185.63,53.636,295.942,28.511,0,0,0,1,0,0,1,-0.1502,0.2553,0.0634,-0.5543,-0.1,0.1
324,3,0,243.1381,550.0,-4270.0058,-2313.6715,-4930.9447,100.0,96.22,151.7,48.426,278.555,271.018,0,0,0,1,0,0,0,-0.7312,0.0149,-0.1051,-0.0501,-0.1,0.1
324,4,0,206.3413,550.0,-6448.4831,549.6846,-2452.5809,100.0,97.06,190.14,297.329,29.386,359.526,0,0,0,1,0,0,0,-0.4998,0.0961,-0.0719,-0.2916,-0.1,0.1
324,5,1,239.7492,550.0,2072.5313,-4561.4946,-4774.6856,100.0,97.06,190.98,353.67,319.753,329.63,0,0,0,1,0,0,1,-0.4657,0.0696,-0.0044,-0.3846,-0.1,0.1
324,6,1,218.2484,550.0,410.7408,-6001.8813,-3421.8349,100.0,95.77,190.47,69.865,82.583,25.343,0,0,0,1,0,0,0,-0.4763,-0.0238,-0.0702,-0.042,-0.1,0.1
324,7,1,270.01,550.0,3876.7115,-1523.05,-5527.3563,100.0,98.86,164.45,317.772,265.951,77.936,0,0,0,1,0,0,0,-0.6372,0.2367,-0.0604,-0.2531,-0.1,0.1
324,8,1,191.0181,550.0,-1745.107,-6613.5389,-1056.3837,100.0,96.88,191.3,220.894,89.23,62.472,0,0,0,1,0,0,0,-0.0412,0.2545,-0.0951,-0.3464,-0.1,0.1
324,9,1,225.2092,550.0,966.6445,-5619.4711,-3922.6756,100.0,96.97,189.4,297.055,98.96,241.015,0,0,0,1,0,0,0,-0.0576,0.2197,-0.0873,-0.4072,-0.1,0.1
325,0,0,233.8889,550.0,-5029.2329,-1633.1254,-4465.418,100.0,96.97,191.7,276.504,46.901,121.579,0,0,0,1,0,0,0,-0.3155,0.1927,-0.1305,-0.3422,-0.1,0.1
325,1,0,237.6372,550.0,-4737.3574,-1913.0565,-4668.8221,100.0,96.97,192.91,261.196,239.5,336.533,0,0,0,1,0,0,0,-0.7245,0.1302,-0.1946,-0.2125,-0.1,0.1
325,2,0,279.6725,550.0,-425.2192,-4246.2015,-5448.7799,100.0,97.0,186.12,43.908,297.547,23.002,0,0,0,1,0,0,1,-0.1533,0.2547,0.0629,-0.556,-0.1,0.1
325,3,0,244.719,550.0,-4131.6603,-2418.6646,-4997.9682,100.0,96.22,152.11,38.441,270.579,266.554,0,0,0,1,0,0,0,-0.723,0.0154,-0.1014,-0.0549,-0.1,0.1
325,4,0,205.3205,550.0,-6473.3063,638.9883,-2363.9461,100.0,97.06,190.59,291.814,20.964,349.526,0,0,0,1,0,0,0,-0.4991,0.1138,-0.0966,-0.2758,-0.1,0.1
325,5,1,239.6749,550.0,2061.8796,-4570.0946,-4771.0721,100.0,97.06,191.44,343.764,311.876,319.63,0,0,0,1,0,0,1,0.0171,0.118,0.0386,-0.37,-0.1,0.1
325,6,1,219.1316,550.0,474.8877,-5958.7124,-3488.3334,100.0,95.77,190.88,69.22,75.91,15.343,0,0,0,1,0,0,0,-0.4672,-0.0264,-0.0647,-0.0417,-0.1,0.1
325,7,1,270.7725,550.0,3908.4001,-1441.7123,-5526.854,100.0,98.86,164.91,308.079,264.929,72.328,0,0,0,1,0,0,0,-0.6383,0.2355,-0.0609,-0.2551,-0.1,0.1
325,8,1,189.953,550.0,-1832.1659,-6605.3548,-955.352,100.0,96.88,191.77,213.485,85.818,52.472,0,0,0,1,0,0,0,-0.0398,0.2505,-0.0913,-0.344,-0.1,0.1
325,9,1,224.4277,550.0,898.239,-5667.691,-3869.1971,100.0,96.97,189.87,288.681,96.298,231.015,0,0,0,1,0,0,0,-0.0514,0.2174,-0.0841,-0.4086,-0.1,0.1
326,0,0,233.3787,550.0,-5069.1631,-1588.5969,-4436.2356,100.0,96.97,192.18,267.492,38.122,111.579,0,0,0,1,0,0,0,-0.1717,0.2633,-0.1512,-0.3477,-0.1,0.1
326,1,0,237.9325,550.0,-4715.7193,-1929.3258,-4684.0084,100.0,96.97,193.37,254.307,232.004,326.533,0,0,0,1,0,0,0,-0.7221,0.1273,-0.1925,-0.2135,-0.1,0.1
326,2,0,279.3089,550.0,-472.0137,-4233.8134,-5454.564,100.0,97.0,186.61,34.307,299.183,17.214,0,0,0,1,0,0,1,-0.1565,0.254,0.0624,-0.5576,-0.1,0.1
326,3,0,246.2602,550.0,-3994.0662,-2519.4511,-5059.6485,100.0,96.22,152.53,28.464,262.555,262.06,0,0,0,1,0,0,0,-0.715,0.0159,-0.0977,-0.0598,-0.1,0.1
326,4,0,204.2927,550.0,-6496.0291,728.7017,-2273.9482,100.0,97.06,191.04,286.356,12.495,339.526,0,0,0,1,0,0,0,-0.4942,0.1127,-0.0941,-0.2773,-0.1,0.1
326,5,1,239.5784,550.0,2049.5956,-4580.519,-4766.366,100.0,97.06,191.89,333.915,304.021,309.63,0,0,0,1,0,0,1,0.0227,0.1145,0.0422,-0.3705,-0.1,0.1
326,6,1,220.0006,550.0,537.8915,-5915.0126,-3552.9621,100.0,95.77,191.29,68.56,69.207,5.343,0,0,0,1,0,0,0,-0.4584,-0.0288,-0.0592,-0.0417,-0.1,0.1
326,7,1,271.508,550.0,3938.4386,-1363.244,-5525.4419,100.0,98.86,165.36,298.503,263.876,66.59,0,0,0,1,0,0,0,-0.6393,0.2343,-0.0615,-0.2571,-0.1,0.1
326,8,1,188.8899,550.0,-1918.4288,-6594.7142,-854.1761,100.0,96.88,192.24,206.2,82.363,42.472,0,0,0,1,0,0,0,-0.0387,0.2465,-0.0876,-0.3416,-0.1,0.1
326,9,1,223.6297,550.0,828.244,-5715.6649,-3813.8469,100.0,96.97,190.34,280.415,93.596,221.015,0,0,0,1,0,0,0,-0.0452,0.2151,-0.0809,-0.4099,-0.1,0.1
327,0,0,232.8485,550.0,-5110.0673,-1542.3191,-4405.5312,100.0,96.97,192.65,258.611,29.269,101.579,0,0,0,1,0,0,0,-0.1668,0.2609,-0.1485,-0.35,-0.1,0.1
327,1,0,238.2061,550.0,-4695.7607,-1944.0047,-4697.9696,100.0,96.97,193.82,247.479,224.412,316.533,0,0,0,1,0,0,0,-0.7197,0.1242,-0.1902,-0.2145,-0.1,0.1
327,2,0,278.9188,550.0,-521.8146,-4220.2615,-5460.5259,100.0,97.0,187.09,24.833,300.85,11.146,0,0,0,1,0,0,1,-0.1596,0.2532,0.062,-0.5592,-0.1,0.1
327,3,0,247.7614,550.0,-3857.5736,-2616.0636,-5116.2074,100.0,96.22,152.95,18.495,254.484,257.534,0,0,0,1,0,0,0,-0.7071,0.0164,-0.094,-0.0648,-0.1,0.1
327,4,0,203.2586,550.0,-6516.5893,818.7413,-2182.6515,100.0,97.06,191.51,281.023,3.991,329.526,0,0,0,1,0,0,0,0.0827,0.2512,-0.0711,-0.3314,-0.1,0.1
327,5,1,239.4597,550.0,2035.6713,-4592.7506,-4760.5594,100.0,97.06,192.32,324.071,296.175,299.63,0,0,0,1,0,0,1,-0.3992,0.0103,0.019,-0.2937,-0.1,0.1
327,6,1,220.8552,550.0,599.7111,-5870.8763,-3615.7156,100.0,95.77,191.72,67.885,62.529,355.343,0,0,0,1,0,0,0,-0.0362,-0.031,0.05,-0.1266,-0.1,0.1
327,7,1,272.2166,550.0,3966.8833,-1287.6774,-5523.2205,100.0,98.86,165.82,289.043,262.793,60.724,0,0,0,1,0,0,0,-0.6404,0.233,-0.062,-0.259,-0.1,0.1
327,8,1,187.8294,550.0,-2003.8171,-6581.6425,-752.9538,100.0,96.88,192.7,199.035,78.866,32.472,0,0,0,1,0,0,0,-0.0377,0.2425,-0.0841,-0.3392,-0.1,0.1
327,9,1,222.8155,550.0,756.6902,-5763.29,-3756.6141,100.0,96.97,190.81,272.255,90.855,211.015,0,0,0,1,0,0,0,-0.039,0.2127,-0.0777,-0.4111,-0.1,0.1
328,0,0,232.2983,550.0,-5151.8726,-1494.2916,-4373.2759,100.0,96.97,193.12,249.828,20.33,91.579,0,0,0,1,0,0,0,-0.5066,0.1974,-0.1725,-0.2989,-0.1,0.1
328,1,0,238.458,550.0,-4677.5091,-1957.091,-4710.7265,100.0,96.97,194.27,240.712,216.727,306.533,0,0,0,1,0,0,0,-0.7174,0.1212,-0.188,-0.2155,-0.1,0.1
328,2,0,278.502,550.0,-574.6155,-4205.4949,-5466.6142,100.0,97.0,187.58,15.485,302.548,4.798,0,0,0,1,0,0,1,-0.1628,0.2524,0.0616,-0.5608,-0.1,0.1
328,3,0,249.2222,550.0,-3722.5134,-2708.5461,-5167.8732,100.0,96.22,153.36,8.527,246.377,252.967,0,0,0,1,0,0,0,-0.4434,0.0011,-0.0712,-0.0825,-0.1,0.1
328,4,0,202.2186,550.0,-6534.9293,909.0226,-2090.124,100.0,97.06,191.97,275.814,355.452,319.526,0,0,0,1,0,0,0,0.0871,0.2482,-0.068,-0.3316,-0.1,0.1
328,5,1,239.3189,550.0,2020.0981,-4606.7697,-4753.6426,100.0,97.06,192.75,314.232,288.34,289.63,0,0,0,1,0,0,1,-0.3928,0.0086,0.0218,-0.2948,-0.1,0.1
328,6,1,221.6948,550.0,660.3073,-5826.3974,-3676.592,100.0,95.77,192.13,67.205,55.827,345.343,0,0,0,1,0,0,0,-0.4186,-0.01,-0.0479,-0.0788,-0.1,0.1
328,7,1,272.8982,550.0,3993.7892,-1215.0407,-5520.2866,100.0,98.86,166.27,279.7,261.678,54.727,0,0,0,1,0,0,0,-0.6415,0.2317,-0.0625,-0.2609,-0.1,0.1
328,8,1,186.772,550.0,-2088.2547,-6566.1718,-651.7832,100.0,96.88,193.17,191.99,75.328,22.472,0,0,0,1,0,0,0,-0.0368,0.2386,-0.0806,-0.3367,-0.1,0.1
328,9,1,221.9856,550.0,683.6112,-5810.4628,-3697.4909,100.0,96.97,191.28,264.2,88.077,201.015,0,0,0,1,0,0,0,-0.0329,0.2103,-0.0746,-0.4122,-0.1,0.1
329,0,0,231.7285,550.0,-5194.5035,-1444.5157,-4339.441,100.0,96.97,193.59,241.143,11.305,81.579,0,0,0,1,0,0,0,-0.503,0.1955,-0.1707,-0.3009,-0.1,0.1
329,1,0,238.688,550.0,-4660.9895,-1968.5823,-4722.2983,100.0,96.97,194.73,234.004,208.949,296.533,0,0,0,1,0,0,0,-0.715,0.1181,-0.1856,-0.2165,-0.1,0.1
329,2,0,278.0587,550.0,-630.4087,-4189.4596,-5472.7739,100.0,97.0,188.07,6.262,304.277,358.17,0,0,0,1,0,0,1,-0.1659,0.2515,0.0613,-0.5622,-0.1,0.1
329,3,0,250.6422,550.0,-3589.1966,-2796.9529,-5214.879,100.0,96.22,153.78,358.56,238.236,248.355,0,0,0,1,0,0,0,-0.4347,0.0016,-0.0671,-0.0878,-0.1,0.1
329,4,0,201.1734,550.0,-6550.997,999.4595,-1996.437,100.0,97.06,192.44,270.732,346.875,309.526,0,0,0,1,0,0,0,0.074,0.2525,-0.0769,-0.3352,-0.1,0.1
329,5,1,239.156,550.0,2002.8673,-4622.5537,-4745.6044,100.0,97.06,193.19,304.396,280.518,279.63,0,0,0,1,0,0,1,-0.3865,0.0069,0.0246,-0.2958,-0.1,0.1
329,6,1,222.5192,550.0,719.6433,-5781.6696,-3735.5925,100.0,95.77,192.55,66.506,49.132,335.343,0,0,0,1,0,0,0,-0.0613,-0.037,0.0145,-0.1169,-0.1,0.1
329,7,1,273.5528,550.0,4019.21,-1145.358,-5516.7333,100.0,98.86,166.73,270.472,260.531,48.598,0,0,0,1,0,0,0,-0.6426,0.2304,-0.0629,-0.2627,-0.1,0.1
329,8,1,185.7186,550.0,-2171.668,-6548.3402,-550.7624,100.0,96.88,193.63,185.062,71.752,12.472,0,0,0,1,0,0,0,-0.0361,0.2346,-0.0774,-0.3342,-0.1,0.1
329,9,1,221.1402,550.0,609.044,-5857.0791,-3636.4723,100.0,96.97,191.75,256.249,85.263,191.015,0,0,0,1,0,0,0,-0.0268,0.2079,-0.0714,-0.4133,-0.1,0.1
330,0,0,231.1392,550.0,-5237.882,-1392.9943,-4303.9981,100.0,96.97,194.06,232.58,2.222,71.579,0,0,0,1,0,0,0,-0.1664,0.2446,-0.115,-0.3904,-0.1,0.1
330,1,0,238.8962,550.0,-4646.2241,-1978.476,-4732.7028,100.0,96.97,195.18,227.358,201.051,286.533,0,0,0,1,0,0,0,-0.7626,0.1238,-0.2387,-0.1825,-0.1,0.1
330,2,0,277.5887,550.0,-689.1849,-4172.0997,-5478.946,100.0,97.0,188.56,357.177,306.024,351.262,0,0,0,1,0,0,1,-0.1932,0.2754,0.0378,-0.5565,-0.1,0.1
330,3,0,252.0213,550.0,-3457.9151,-2881.3475,-5257.4615,100.0,96.22,154.19,348.601,230.051,243.726,0,0,0,1,0,0,0,-0.5395,0.0175,-0.0894,-0.0371,-0.1,0.1
330,4,0,200.1236,550.0,-6564.7457,1089.9655,-1901.6651,100.0,97.06,192.9,265.751,338.27,299.526,0,0,0,1,0,0,0,0.1164,0.2033,-0.0569,-0.3355,-0.1,0.1
330,5,1,238.9711,550.0,1983.97,-4640.0775,-4736.4317,100.0,97.06,193.63,294.587,272.67,269.63,0,0,0,1,0,0,1,-0.5094,0.0546,-0.0511,-0.2808,-0.1,0.1
330,6,1,223.3279,550.0,777.6846,-5736.786,-3792.7213,100.0,95.77,192.97,65.769,42.454,325.343,0,0,0,1,0,0,0,0.0996,-0.0771,0.0323,-0.1517,-0.1,0.1
330,7,1,274.1805,550.0,4043.1974,-1078.6503,-5512.6499,100.0,98.86,167.18,261.358,259.353,42.338,0,0,0,1,0,0,0,-0.6437,0.2291,-0.0633,-0.2645,-0.1,0.1
330,8,1,184.6697,550.0,-2253.9862,-6528.1925,-449.9892,100.0,96.88,194.1,178.233,68.143,2.472,0,0,0,1,0,0,0,-0.0256,0.1978,-0.0653,-0.3487,-0.1,0.1
330,9,1,220.2799,550.0,533.0285,-5903.0346,-3573.5562,100.0,96.97,192.22,248.408,82.398,181.015,0,0,0,1,0,0,0,-0.1533,0.2197,-0.1023,-0.412,-0.1,0.1
331,0,0,230.5306,550.0,-5281.9274,-1339.7322,-4266.9195,100.0,96.97,194.52,224.094,353.067,61.579,0,0,0,1,0,0,0,-0.5856,0.1522,-0.146,-0.2721,-0.1,0.1
331,1,0,239.0824,550.0,-4633.2321,-1986.7693,-4741.9562,100.0,96.97,195.63,220.773,193.036,276.533,0,0,0,1,0,0,0,-0.7624,0.1207,-0.2364,-0.183,-0.1,0.1
331,2,0,277.092,550.0,-750.9327,-4153.3565,-5485.068,100.0,97.0,189.04,348.231,307.785,344.094,0,0,0,1,0,0,1,-0.2792,0.2762,0.0267,-0.5214,-0.1,0.1
331,3,0,253.359,550.0,-3328.9416,-2961.8011,-5295.859,100.0,96.22,154.61,338.652,221.823,239.075,0,0,0,1,0,0,0,-0.5305,0.018,-0.0852,-0.0423,-0.1,0.1
331,4,0,199.0697,550.0,-6576.1346,1180.4532,-1805.8864,100.0,97.06,193.36,260.87,329.638,289.526,0,0,0,1,0,0,0,0.1238,0.1997,-0.0533,-0.3351,-0.1,0.1
331,5,1,238.7641,550.0,1963.397,-4659.3132,-4726.1098,100.0,97.06,194.06,284.805,264.797,259.63,0,0,0,1,0,0,1,-0.5055,0.0535,-0.0489,-0.2815,-0.1,0.1
331,6,1,224.1206,550.0,834.3986,-5691.8388,-3847.9854,100.0,95.77,193.4,64.992,35.793,315.343,0,0,0,1,0,0,0,0.1041,-0.0793,0.0361,-0.1539,-0.1,0.1
331,7,1,274.7813,550.0,4065.8015,-1014.9352,-5508.1218,100.0,98.86,167.64,252.358,258.144,35.944,0,0,0,1,0,0,0,-0.6448,0.2277,-0.0637,-0.2663,-0.1,0.1
331,8,1,183.6259,550.0,-2335.1414,-6505.7792,-349.5612,100.0,96.88,194.56,171.502,64.503,352.472,0,0,0,1,0,0,0,-0.024,0.1947,-0.0632,-0.3504,-0.1,0.1
331,9,1,219.4049,550.0,455.6078,-5948.2247,-3508.7441,100.0,96.97,192.69,240.675,79.483,171.015,0,0,0,1,0,0,0,-0.1475,0.2163,-0.0994,-0.4123,-0.1,0.1
332,0,0,229.903,550.0,-5326.5567,-1284.7358,-4228.1779,100.0,96.97,194.98,215.681,343.868,51.579,0,0,0,1,0,0,0,-0.3645,0.1488,-0.0881,-0.3693,-0.1,0.1
332,1,0,239.2465,550.0,-4622.0305,-1993.4588,-4750.0734,100.0,96.97,196.09,214.253,184.911,266.533,0,0,0,1,0,0,0,-0.6805,0.1328,-0.218,-0.2301,-0.1,0.1
332,2,0,276.5685,550.0,-815.639,-4133.1692,-5491.0734,100.0,97.0,189.52,339.424,309.565,336.659,0,0,0,1,0,0,1,-0.2129,0.2791,0.0379,-0.5352,-0.1,0.1
332,3,0,254.6552,550.0,-3202.5302,-3038.3922,-5330.3109,100.0,96.22,155.02,328.702,213.535,234.421,0,0,0,1,0,0,0,-0.8159,0.0003,-0.1208,-0.0049,-0.1,0.1
332,4,0,198.0124,550.0,-6585.1286,1270.8349,-1709.1815,100.0,97.06,193.81,256.087,320.981,279.526,0,0,0,1,0,0,0,0.1313,0.196,-0.0497,-0.3346,-0.1,0.1
332,5,1,238.5353,550.0,1941.1393,-4680.2301,-4714.6225,100.0,97.06,194.5,275.043,256.89,249.63,0,0,0,1,0,0,1,-0.6071,0.0399,-0.0684,-0.2373,-0.1,0.1
332,6,1,224.8969,550.0,889.755,-5646.9192,-3901.3947,100.0,95.77,193.82,64.177,29.145,305.343,0,0,0,1,0,0,0,0.0326,-0.0746,0.0249,-0.132,-0.1,0.1
332,7,1,275.3552,550.0,4087.0702,-954.2275,-5503.2307,100.0,98.86,168.09,243.472,256.909,29.407,0,0,0,1,0,0,0,-0.5842,0.227,-0.0488,-0.2858,-0.1,0.1
332,8,1,182.5879,550.0,-2415.0687,-6481.157,-249.5748,100.0,96.88,195.02,164.878,60.817,342.472,0,0,0,1,0,0,0,-0.0408,0.2151,-0.09,-0.3384,-0.1,0.1
332,9,1,218.5156,550.0,376.8284,-5992.5452,-3442.0405,100.0,96.97,193.16,233.044,76.513,161.015,0,0,0,1,0,0,0,-0.2261,0.203,-0.11,-0.3969,-0.1,0.1
333,0,0,229.2566,550.0,-5371.6847,-1228.0139,-4187.7472,100.0,96.97,195.44,207.342,334.626,41.579,0,0,0,1,0,0,0,-0.3576,0.1462,-0.0849,-0.371,-0.1,0.1
333,1,0,239.3886,550.0,-4612.6331,-1998.5412,-4757.0674,100.0,96.97,196.56,207.844,176.701,256.533,0,0,0,1,0,0,0,-0.2307,0.219,-0.1705,-0.331,-0.1,0.1
333,2,0,276.0183,550.0,-883.2883,-4111.4746,-5496.8918,100.0,97.0,190.01,330.755,311.364,328.955,0,0,0,1,0,0,0,-0.2148,0.2779,0.038,-0.5365,-0.1,0.1
333,3,0,255.9097,550.0,-3078.9165,-3111.2052,-5361.0556,100.0,96.22,155.43,318.717,205.233,229.763,0,0,0,1,0,0,0,-0.4072,-0.0705,-0.0279,-0.0089,-0.1,0.1
333,4,0,196.9522,550.0,-6591.6988,1361.0228,-1611.6341,100.0,97.06,194.27,251.4,312.301,269.526,0,0,0,1,0,0,0,0.1389,0.192,-0.0461,-0.334,-0.1,0.1
333,5,1,238.2845,550.0,1917.1877,-4702.7949,-4701.952,100.0,97.06,194.95,265.343,248.969,239.63,0,0,0,1,0,0,1,-0.1467,0.1245,-0.0291,-0.3385,-0.1,0.1
333,6,1,225.6566,550.0,943.7256,-5602.1172,-3952.9616,100.0,95.77,194.24,63.363,22.45,295.343,0,0,0,1,0,0,0,-0.4707,0.0,-0.0936,-0.0839,-0.1,0.1
333,7,1,275.9023,550.0,4107.0496,-896.5394,-5498.0544,100.0,98.86,168.55,234.699,255.65,22.726,0,0,0,1,0,0,0,-0.585,0.2257,-0.049,-0.2878,-0.1,0.1
333,8,1,181.5564,550.0,-2493.7068,-6454.3884,-150.1256,100.0,96.88,195.48,158.36,57.087,332.472,0,0,0,1,0,0,0,-0.0404,0.2124,-0.0882,-0.3405,-0.1,0.1
333,9,1,217.6126,550.0,296.7398,-6035.8923,-3373.4538,100.0,96.97,193.62,225.486,73.489,151.015,0,0,0,1,0,0,0,-0.5291,0.1474,-0.1088,-0.3594,-0.1,0.1
334,0,0,228.5917,550.0,-5417.2236,-1169.5773,-4145.6022,100.0,96.97,195.9,199.075,325.343,31.579,0,0,0,1,0,0,0,-0.3509,0.1436,-0.0818,-0.3725,-0.1,0.1
334,1,0,239.5085,550.0,-4605.0514,-2002.0125,-4762.9496,100.0,96.97,197.04,201.542,168.408,246.533,0,0,0,1,0,0,0,-0.2223,0.2162,-0.1672,-0.3325,-0.1,0.1
334,2,0,275.4413,550.0,-953.8623,-4088.2075,-5502.4492,100.0,97.0,190.49,322.257,313.138,321.024,0,0,0,1,0,0,0,-0.2746,0.34,-0.0496,-0.4545,-0.1,0.1
334,3,0,257.1222,550.0,-2958.3185,-3180.329,-5388.33,100.0,96.22,155.84,308.717,196.919,225.098,0,0,0,1,0,0,0,-0.3978,-0.0699,-0.0234,-0.0152,-0.1,0.1
334,4,0,195.8899,550.0,-6595.8227,1450.9291,-1513.3303,100.0,97.06,194.73,246.807,303.6,259.526,0,0,0,1,0,0,0,0.1465,0.188,-0.0424,-0.3333,-0.1,0.1
334,5,1,238.012,550.0,1891.533,-4726.9714,-4688.0791,100.0,97.06,195.4,255.705,241.035,229.63,0,0,0,1,0,0,1,-0.1377,0.1236,-0.0258,-0.3396,-0.1,0.1
334,6,1,226.3992,550.0,996.2842,-5557.5215,-4002.7008,100.0,95.77,194.66,62.547,15.711,285.343,0,0,0,1,0,0,0,-0.4617,-0.003,-0.0887,-0.0835,-0.1,0.1
334,7,1,276.4225,550.0,4125.7835,-841.8804,-5492.6668,100.0,98.86,169.01,226.037,254.367,15.901,0,0,0,1,0,0,0,-0.5858,0.2244,-0.0493,-0.2897,-0.1,0.1
334,8,1,180.5319,550.0,-2570.9978,-6425.5411,-51.3077,100.0,96.88,195.95,151.947,53.315,322.472,0,0,0,1,0,0,0,-0.04,0.2096,-0.0864,-0.3425,-0.1,0.1
334,9,1,216.6962,550.0,215.3949,-6078.163,-3302.9957,100.0,96.97,194.1,218.049,70.423,141.015,0,0,0,1,0,0,0,-0.1227,0.2406,-0.0839,-0.4362,-0.1,0.1
335,0,0,227.9086,550.0,-5463.084,-1109.4391,-4101.719,100.0,96.97,196.36,190.878,316.021,21.579,0,0,0,1,0,0,0,-0.3442,0.141,-0.0786,-0.374,-0.1,0.1
335,1,0,239.6063,550.0,-4599.294,-2003.8687,-4767.7297,100.0,96.97,197.51,195.347,160.032,236.533,0,0,0,1,0,0,0,-0.2138,0.2133,-0.1639,-0.334,-0.1,0.1
335,2,0,274.8375,550.0,-1027.3401,-4063.3006,-5507.6675,100.0,97.0,190.97,313.922,314.878,312.882,0,0,0,1,0,0,0,-0.3536,0.3265,-0.0681,-0.4226,-0.1,0.1
335,3,0,258.2926,550.0,-2840.9372,-3245.8568,-5412.3683,100.0,96.22,156.26,298.717,188.621,220.402,0,0,0,1,0,0,0,-0.1859,-0.0595,0.0314,-0.0603,-0.1,0.1
335,4,0,194.8259,550.0,-6597.4838,1540.4668,-1414.3587,100.0,97.06,195.18,242.306,294.879,249.526,0,0,0,1,0,0,0,0.1543,0.1838,-0.0388,-0.3325,-0.1,0.1
335,5,1,237.7178,550.0,1864.1664,-4752.7206,-4672.9831,100.0,97.06,195.85,246.128,233.09,219.63,0,0,0,1,0,0,1,-0.1287,0.1227,-0.0225,-0.3407,-0.1,0.1
335,6,1,227.1244,550.0,1047.4064,-5513.2189,-4050.6293,100.0,95.77,195.07,61.729,8.93,275.343,0,0,0,1,0,0,1,-0.4529,-0.0059,-0.0839,-0.0832,-0.1,0.1
335,7,1,276.916,550.0,4143.3137,-790.2584,-5487.138,100.0,98.86,169.46,217.485,253.076,8.917,0,0,0,1,0,0,0,-0.4779,0.217,-0.0154,-0.3165,-0.1,0.1
335,8,1,179.515,550.0,-2646.8873,-6394.6884,46.7861,100.0,96.88,196.41,145.637,49.5,312.472,0,0,0,1,0,0,0,-0.0396,0.2067,-0.0845,-0.3445,-0.1,0.1
335,9,1,215.7669,550.0,132.8497,-6119.2554,-3230.6818,100.0,96.97,194.58,210.73,67.316,131.015,0,0,0,1,0,0,0,-0.1149,0.2376,-0.0818,-0.4369,-0.1,0.1
336,0,0,227.2075,550.0,-5509.1741,-1047.6148,-4056.075,100.0,96.97,196.82,182.751,306.661,11.579,0,0,0,1,0,0,0,-0.3375,0.1383,-0.0755,-0.3754,-0.1,0.1
336,1,0,239.6819,550.0,-4595.3669,-2004.1051,-4771.4156,100.0,96.97,197.98,189.257,151.576,226.533,0,0,0,1,0,0,0,-0.2052,0.2103,-0.1604,-0.3354,-0.1,0.1
336,2,0,274.2067,550.0,-1103.6976,-4036.6847,-5512.4649,100.0,97.0,191.46,305.75,316.584,304.528,0,0,0,1,0,0,0,-0.3544,0.3253,-0.0676,-0.424,-0.1,0.1
336,3,0,259.4207,550.0,-2726.9569,-3307.8845,-5433.4011,100.0,96.22,156.68,288.742,180.27,215.666,0,0,0,1,0,0,0,-0.6085,0.0489,-0.1042,-0.0803,-0.1,0.1
336,4,0,193.761,550.0,-6596.6723,1629.5492,-1314.8099,100.0,97.06,195.64,237.895,286.141,239.526,0,0,0,1,0,0,0,0.1622,0.1794,-0.0352,-0.3317,-0.1,0.1
336,5,1,237.4021,550.0,1835.0791,-4780.001,-4656.6422,100.0,97.06,196.29,236.612,225.135,209.63,0,0,0,1,0,0,1,-0.1197,0.1217,-0.0193,-0.3417,-0.1,0.1
336,6,1,227.832,550.0,1097.07,-5469.2949,-4096.766,100.0,95.77,195.52,60.848,2.209,265.343,0,0,0,1,0,0,1,0.1792,-0.1252,0.1205,-0.2536,-0.1,0.1
336,7,1,277.3827,550.0,4159.6795,-741.679,-5481.5344,100.0,98.86,169.92,209.04,251.777,1.774,0,0,0,1,0,0,0,-0.4794,0.2159,-0.0158,-0.3186,-0.1,0.1
336,8,1,178.5065,550.0,-2721.3247,-6361.9084,144.0652,100.0,96.88,196.88,139.43,45.643,302.472,0,0,0,1,0,0,0,-0.0392,0.2035,-0.0826,-0.3464,-0.1,0.1
336,9,1,214.8252,550.0,49.1632,-6159.0691,-3156.5316,100.0,96.97,195.05,203.529,64.169,121.015,0,0,0,1,0,0,0,-0.107,0.2346,-0.0795,-0.4374,-0.1,0.1
337,0,0,226.4887,550.0,-5555.4005,-984.1224,-4008.6494,100.0,96.97,197.29,174.731,297.265,1.579,0,0,0,1,0,0,0,-0.0323,0.2167,-0.0721,-0.3965,-0.1,0.1
337,1,0,239.7353,550.0,-4593.2735,-2002.7166,-4774.0136,100.0,96.97,198.45,183.289,143.038,216.533,0,0,0,1,0,0,0,-0.211,0.2425,-0.1652,-0.3262,-0.1,0.1
337,2,0,273.5491,550.0,-1182.9074,-4008.2889,-5516.7555,100.0,97.0,191.94,297.74,318.257,295.961,0,0,0,1,0,0,0,-0.3552,0.3241,-0.067,-0.4254,-0.1,0.1
337,3,0,260.5064,550.0,-2616.5463,-3366.5104,-5451.6543,100.0,96.22,157.1,278.791,171.87,210.888,0,0,0,1,0,0,0,-0.6005,0.0497,-0.1003,-0.0855,-0.1,0.1
337,4,0,192.6958,550.0,-6593.3848,1718.0909,-1214.7762,100.0,97.06,196.1,233.57,277.349,229.526,0,0,0,1,0,0,0,-0.1876,0.1722,-0.1075,-0.3187,-0.1,0.1
337,5,1,237.0648,550.0,1804.2627,-4808.7678,-4639.0332,100.0,97.06,196.74,227.172,217.167,199.63,0,0,0,1,0,0,1,-0.1265,0.1504,-0.0245,-0.336,-0.1,0.1
337,6,1,228.5217,550.0,1145.2542,-5425.8329,-4141.1316,100.0,95.77,195.97,59.892,355.529,255.343,0,0,0,1,0,0,1,-0.0564,-0.1478,0.0817,-0.2221,-0.1,0.1
337,7,1,277.8227,550.0,4174.9179,-696.1462,-5475.9184,100.0,98.86,170.37,200.702,250.47,354.471,0,0,0,1,0,0,0,-0.4809,0.2147,-0.0161,-0.3207,-0.1,0.1
337,8,1,177.5068,550.0,-2794.2635,-6327.2839,240.4407,100.0,96.88,197.33,133.299,41.719,292.472,0,0,0,1,0,0,0,-0.3283,0.155,-0.1354,-0.2946,-0.1,0.1
337,9,1,213.8714,550.0,-35.6023,-6197.5052,-3080.5686,100.0,96.97,195.53,196.48,60.972,111.015,0,0,0,1,0,0,0,0.0717,0.3045,-0.102,-0.4203,-0.1,0.1
338,0,0,225.7525,550.0,-5601.6679,-918.9824,-3959.4228,100.0,96.97,197.75,166.819,287.835,351.579,0,0,0,1,0,0,0,-0.0243,0.2136,-0.069,-0.3975,-0.1,0.1
338,1,0,239.7665,550.0,-4593.0144,-1999.698,-4775.528,100.0,96.97,198.92,177.44,134.419,206.533,0,0,0,1,0,0,0,-0.2048,0.2395,-0.1621,-0.3276,-0.1,0.1
338,2,0,272.8645,550.0,-1264.938,-3978.0405,-5520.4498,100.0,97.0,192.42,289.891,319.896,287.18,0,0,0,1,0,0,0,-0.3561,0.3228,-0.0664,-0.4267,-0.1,0.1
338,3,0,261.5496,550.0,-2509.8593,-3421.8337,-5467.3487,100.0,96.22,157.53,268.866,163.421,206.064,0,0,0,1,0,0,0,-0.5926,0.0504,-0.0964,-0.0907,-0.1,0.1
338,4,0,191.6309,550.0,-6587.6246,1806.0073,-1114.3518,100.0,97.06,196.56,229.329,268.505,219.526,0,0,0,1,0,0,0,-0.1876,0.1689,-0.105,-0.3193,-0.1,0.1
338,5,1,236.7062,550.0,1771.7092,-4838.9739,-4620.1319,100.0,97.06,197.19,217.771,209.204,189.63,0,0,0,1,0,0,1,-0.4094,0.0789,0.0085,-0.3306,-0.1,0.1
338,6,1,229.1931,550.0,1191.9402,-5382.9143,-4183.7487,100.0,95.77,196.41,58.87,348.884,245.343,0,0,0,1,0,0,1,-0.0734,-0.1351,0.0685,-0.2267,-0.1,0.1
338,7,1,278.2361,550.0,4189.0634,-653.6628,-5470.3486,100.0,98.86,170.83,192.485,249.141,347.006,0,0,0,1,0,0,0,-0.5204,0.2395,-0.0443,-0.3225,-0.1,0.1
338,8,1,176.5167,550.0,-2865.6607,-6290.9022,335.826,100.0,96.88,197.79,127.245,37.728,282.472,0,0,0,1,0,0,0,-0.3341,0.152,-0.1344,-0.2962,-0.1,0.1
338,9,1,212.9062,550.0,-121.3817,-6234.4671,-3002.82,100.0,96.97,196.02,189.581,57.724,101.015,0,0,0,1,0,0,0,0.0773,0.301,-0.0991,-0.42,-0.1,0.1
339,0,0,224.9992,550.0,-5647.8796,-852.2182,-3908.3783,100.0,96.97,198.23,159.028,278.355,341.579,0,0,0,1,0,0,0,-0.0525,0.2445,-0.0992,-0.3927,-0.1,0.1
339,1,0,239.7754,550.0,-4594.5878,-1995.0433,-4775.9613,100.0,96.97,199.4,171.709,125.72,196.533,0,0,0,1,0,0,0,-0.1986,0.2365,-0.1589,-0.3291,-0.1,0.1
339,2,0,272.153,550.0,-1349.7544,-3945.8657,-5523.4544,100.0,97.0,192.9,282.203,321.503,278.186,0,0,0,1,0,0,0,-0.357,0.3216,-0.0657,-0.4281,-0.1,0.1
339,3,0,262.5502,550.0,-2407.0353,-3473.9545,-5480.6991,100.0,96.22,157.95,258.966,154.926,201.192,0,0,0,1,0,0,0,-0.5849,0.0512,-0.0926,-0.096,-0.1,0.1
339,4,0,190.567,550.0,-6579.4015,1893.2159,-1013.632,100.0,97.06,197.02,225.171,259.609,209.526,0,0,0,1,0,0,0,-0.1875,0.1655,-0.1025,-0.3198,-0.1,0.1
339,5,1,236.3263,550.0,1737.4113,-4870.5692,-4599.9129,100.0,97.06,197.63,208.409,201.246,179.63,0,0,0,1,0,0,1,-0.4017,0.0783,0.0106,-0.3315,-0.1,0.1
339,6,1,229.8461,550.0,1237.1109,-5340.6185,-4224.641,100.0,95.77,196.86,57.779,342.274,235.343,0,0,0,1,0,0,1,-0.0702,-0.1361,0.0716,-0.2288,-0.1,0.1
339,7,1,278.6228,550.0,4202.1482,-614.2299,-5464.88,100.0,98.86,171.29,184.386,247.789,339.379,0,0,0,1,0,0,0,-0.5212,0.2381,-0.0444,-0.3243,-0.1,0.1
339,8,1,175.5367,550.0,-2935.4777,-6252.8548,430.1371,100.0,96.88,198.25,121.265,33.67,272.472,0,0,0,1,0,0,0,-0.3398,0.149,-0.1333,-0.2979,-0.1,0.1
339,9,1,211.9299,550.0,-208.1068,-6269.8602,-2923.3175,100.0,96.97,196.5,182.832,54.429,91.015,0,0,0,1,0,0,0,0.0829,0.2975,-0.0959,-0.4195,-0.1,0.1
340,0,0,224.2292,550.0,-5693.9377,-783.8558,-3855.5006,100.0,96.97,198.7,151.359,268.827,331.579,0,0,0,1,0,0,0,-0.0455,0.2418,-0.0963,-0.394,-0.1,0.1
340,1,0,239.7621,550.0,-4597.9889,-1988.7464,-4775.3143,100.0,96.97,199.87,166.095,116.944,186.533,0,0,0,1,0,0,0,-0.1922,0.2334,-0.1555,-0.3305,-0.1,0.1
340,2,0,271.4145,550.0,-1437.3167,-3911.689,-5525.672,100.0,97.0,193.38,274.675,323.077,268.977,0,0,0,1,0,0,0,-0.3581,0.3203,-0.0651,-0.4294,-0.1,0.1
340,3,0,263.5081,550.0,-2308.2007,-3522.9722,-5491.9138,100.0,96.22,158.38,249.092,146.387,196.269,0,0,0,1,0,0,0,-0.5772,0.0519,-0.0888,-0.1013,-0.1,0.1
340,4,0,189.5046,550.0,-6568.7319,1979.6355,-912.7131,100.0,97.06,197.47,221.094,250.664,199.526,0,0,0,1,0,0,0,-0.1873,0.162,-0.0999,-0.3203,-0.1,0.1
340,5,1,235.9253,550.0,1701.362,-4903.5007,-4578.3501,100.0,97.06,198.07,199.085,193.295,169.63,0,0,0,1,0,0,1,-0.3942,0.0777,0.0126,-0.3323,-0.086,0.1
340,6,1,230.4803,550.0,1280.7505,-5299.0225,-4263.8339,100.0,95.77,197.3,56.62,335.701,225.343,0,0,0,1,0,0,1,-0.067,-0.1371,0.0747,-0.2309,-0.1,0.1
340,7,1,278.9829,550.0,4214.2017,-577.8478,-5459.5638,100.0,98.86,171.75,176.406,246.416,331.589,0,0,0,1,0,0,0,-0.5221,0.2367,-0.0445,-0.326,-0.1,0.1
340,8,1,174.5675,550.0,-3003.6798,-6213.2369,523.2925,100.0,96.88,198.71,115.358,29.546,262.472,0,0,0,1,0,0,0,-0.3455,0.146,-0.1323,-0.2995,-0.1,0.1
340,9,1,210.9432,550.0,-295.7067,-6303.593,-2842.0967,100.0,96.97,196.98,176.229,51.087,81.015,0,0,0,1,0,0,0,0.0884,0.294,-0.0926,-0.4189,-0.1,0.1
341,0,0,223.4428,550.0,-5739.7427,-713.9242,-3800.7771,100.0,96.97,199.17,143.809,259.252,321.579,0,0,0,1,0,0,0,-0.0384,0.2391,-0.0933,-0.3951,-0.1,0.1
341,1,0,239.7265,550.0,-4603.2105,-1980.8008,-4773.5859,100.0,96.97,200.34,160.596,108.091,176.533,0,0,0,1,0,0,0,-0.1857,0.2303,-0.1521,-0.3318,-0.1,0.1
341,2,0,270.649,550.0,-1527.5806,-3875.4342,-5527.0017,100.0,97.0,193.86,267.306,324.619,259.553,0,0,0,1,0,0,0,-0.3591,0.3191,-0.0644,-0.4306,-0.1,0.1
341,3,0,264.4392,550.0,-2211.7364,-3569.8288,-5501.344,100.0,96.22,158.8,239.244,137.805,191.293,0,0,0,1,0,0,0,-0.5697,0.0527,-0.085,-0.1066,-0.1,0.1
341,4,0,188.4444,550.0,-6555.6387,2065.1871,-811.6923,100.0,97.06,197.93,217.096,241.67,189.526,0,0,0,1,0,0,0,-0.1869,0.1584,-0.0974,-0.3207,-0.1,0.1
341,5,1,235.5032,550.0,1663.5553,-4937.7126,-4555.4164,100.0,97.06,198.51,189.801,185.351,159.63,0,0,0,1,0,0,1,-0.3867,0.0771,0.0145,-0.3332,-0.0704,0.1
341,6,1,231.0955,550.0,1322.8449,-5258.2013,-4301.3535,100.0,95.77,197.73,55.417,329.132,215.343,0,0,0,1,0,0,1,-0.4517,-0.0872,0.0077,-0.1549,-0.1,0.1
341,7,1,279.3164,550.0,4225.251,-544.5159,-5454.4475,100.0,98.86,172.21,168.543,245.02,323.636,0,0,0,1,0,0,0,-0.5229,0.2353,-0.0445,-0.3276,-0.1,0.1
341,8,1,173.6095,550.0,-3070.2364,-6172.1472,615.2136,100.0,96.88,199.17,109.523,25.356,252.472,0,0,0,1,0,0,0,-0.3511,0.143,-0.1313,-0.3011,-0.1,0.1
341,9,1,209.9464,550.0,-384.1079,-6335.5767,-2759.1974,100.0,96.97,197.46,169.772,47.701,71.015,0,0,0,1,0,0,0,0.0939,0.2905,-0.0891,-0.4181,-0.1,0.1
342,0,0,222.6403,550.0,-5785.1946,-642.4552,-3744.1976,100.0,96.97,199.65,136.378,249.632,311.579,0,0,0,1,0,0,0,-0.0313,0.2364,-0.0903,-0.3962,-0.1,0.1
342,1,0,239.6687,550.0,-4610.2427,-1971.1994,-4770.7732,100.0,96.97,200.81,155.211,99.164,166.533,0,0,0,1,0,0,0,-0.182,0.2272,-0.1495,-0.3324,-0.1,0.1
342,2,0,269.8565,550.0,-1620.4968,-3837.0241,-5527.339,100.0,97.0,194.34,260.094,326.16,249.88,0,0,0,1,0,0,0,-0.205,0.3125,-0.0011,-0.4968,-0.1,0.1
342,3,0,265.3434,550.0,-2117.7192,-3614.5808,-5509.1117,100.0,96.22,159.23,229.422,129.184,186.263,0,0,0,1,0,0,0,-0.5599,0.0512,-0.0797,-0.1086,-0.1,0.1
342,4,0,187.3871,550.0,-6540.1513,2149.7939,-710.6672,100.0,97.06,198.39,213.176,232.628,179.526,0,0,0,1,0,0,0,-0.1865,0.1547,-0.0948,-0.3211,-0.1,0.1
342,5,1,235.0604,550.0,1623.9858,-4973.1466,-4531.0842,100.0,97.06,198.96,180.554,177.415,149.63,0,0,0,1,0,0,1,-0.3792,0.0765,0.0163,-0.334,-0.0549,0.1
342,6,1,231.6914,550.0,1363.3812,-5218.2271,-4337.227,100.0,95.77,198.15,54.169,322.569,205.343,0,0,0,1,0,0,1,-0.4456,-0.0888,0.0106,-0.1562,-0.1,0.1
342,7,1,279.6234,550.0,4235.3204,-514.2326,-5449.5749,100.0,98.86,172.68,160.798,243.602,315.517,0,0,0,1,0,0,0,-0.5223,0.2346,-0.0446,-0.3298,-0.1,0.1
342,8,1,172.6635,550.0,-3135.121,-6129.6875,705.8245,100.0,96.88,199.62,103.757,21.101,242.472,0,0,0,1,0,0,0,-0.3567,0.14,-0.1303,-0.3028,-0.1,0.1
342,9,1,208.9401,550.0,-473.2342,-6365.7259,-2674.6633,100.0,96.97,197.94,163.458,44.272,61.015,0,0,0,1,0,0,0,0.0994,0.287,-0.0854,-0.4172,-0.1,0.1
343,0,0,221.8221,550.0,-5830.1925,-569.4837,-3685.7543,100.0,96.97,200.12,129.063,239.968,301.579,0,0,0,1,0,0,0,-0.024,0.2336,-0.0873,-0.3972,-0.1,0.1
343,1,0,239.5888,550.0,-4619.0728,-1959.9349,-4766.8714,100.0,96.97,201.28,149.938,90.163,156.533,0,0,0,1,0,0,0,-0.1791,0.224,-0.1469,-0.3329,-0.1,0.1
343,2,0,269.0371,550.0,-1716.0106,-3796.3811,-5526.5758,100.0,97.0,194.83,253.038,327.701,239.958,0,0,0,1,0,0,0,-0.2045,0.3119,-0.0007,-0.4982,-0.1,0.1
343,3,0,266.2208,550.0,-2026.2195,-3657.285,-5515.337,100.0,96.22,159.65,219.625,120.525,181.178,0,0,0,1,0,0,0,-0.5502,0.0497,-0.0744,-0.1106,-0.1,0.1
343,4,0,186.3333,550.0,-6522.3055,2233.3816,-609.7358,100.0,97.06,198.85,209.331,223.54,169.526,0,0,0,1,0,0,0,-0.1858,0.1509,-0.0921,-0.3214,-0.1,0.1
343,5,1,234.5968,550.0,1582.6494,-5009.7411,-4505.3252,100.0,97.06,199.41,171.299,169.534,139.63,0,0,0,1,0,0,1,0.0258,-0.0184,0.1117,-0.3747,-0.0395,0.1
343,6,1,232.2679,550.0,1402.348,-5179.17,-4371.4825,100.0,95.77,198.59,52.878,316.044,195.343,0,0,0,1,0,0,1,-0.0804,-0.0883,0.0783,-0.2556,-0.1,0.1
343,7,1,279.9039,550.0,4244.4316,-486.996,-5444.9863,100.0,98.86,173.14,153.169,242.161,307.233,0,0,0,1,0,0,0,-0.5217,0.2338,-0.0447,-0.3319,-0.1,0.1
343,8,1,171.7299,550.0,-3198.311,-6085.9625,795.0526,100.0,96.88,200.08,98.06,16.782,232.472,0,0,0,1,0,0,0,-0.3622,0.1371,-0.1293,-0.3044,-0.1,0.1
343,9,1,207.925,550.0,-563.0071,-6393.9589,-2588.5427,100.0,96.97,198.4,157.226,40.793,51.015,0,0,0,1,0,0,0,-0.2542,0.1639,-0.1009,-0.3551,-0.1,0.1
344,0,0,220.9886,550.0,-5874.6348,-495.0477,-3625.4427,100.0,96.97,200.59,121.863,230.262,291.579,0,0,0,1,0,0,0,-0.0174,0.2307,-0.0842,-0.398,-0.1,0.1
344,1,0,239.4866,550.0,-4629.6855,-1946.9999,-4761.874,100.0,96.97,201.75,144.775,81.09,146.533,0,0,0,1,0,0,0,-0.1762,0.2208,-0.1442,-0.3332,-0.1,0.1
344,2,0,268.1906,550.0,-1814.0614,-3753.4269,-5524.6003,100.0,97.0,195.31,246.138,329.242,229.958,0,0,0,1,0,0,0,-0.204,0.3112,-0.0003,-0.4996,-0.1,0.1
344,3,0,267.0713,550.0,-1937.3013,-3697.9986,-5520.1368,100.0,96.22,160.07,209.852,111.831,176.036,0,0,0,1,0,0,0,-0.5406,0.0482,-0.069,-0.1126,-0.1,0.1
344,4,0,185.2837,550.0,-6502.1435,2315.8788,-508.9957,100.0,97.06,199.3,205.559,214.408,159.526,0,0,0,1,0,0,0,-0.185,0.147,-0.0894,-0.3216,-0.1,0.1
344,5,1,234.1128,550.0,1539.5428,-5047.4323,-4478.1107,100.0,97.06,199.86,162.033,161.711,129.63,0,0,0,1,0,0,1,0.0341,-0.0203,0.1132,-0.3756,-0.0242,0.1
344,6,1,232.8248,550.0,1439.7347,-5141.0973,-4404.1484,100.0,95.77,199.04,51.542,309.561,185.343,0,0,0,1,0,0,1,-0.0761,-0.0897,0.0813,-0.2577,-0.1,0.1
344,7,1,280.1579,550.0,4252.6037,-462.8035,-5440.7183,100.0,98.86,173.6,145.658,240.698,298.781,0,0,0,1,0,0,0,-0.5211,0.233,-0.0447,-0.3339,-0.1,0.1
344,8,1,170.8094,550.0,-3259.7883,-6041.079,882.8283,100.0,96.88,200.54,92.43,12.398,222.472,0,0,0,1,0,0,0,-0.3679,0.1341,-0.1283,-0.3058,-0.1,0.1
344,9,1,206.9014,550.0,-653.346,-6420.1979,-2500.8876,100.0,96.97,198.86,151.075,37.265,41.015,0,0,0,1,0,0,0,-0.2467,0.1621,-0.0971,-0.3541,-0.1,0.1
345,0,0,220.1401,550.0,-5918.4199,-419.1881,-3563.2608,100.0,96.97,201.02,114.613,220.56,281.579,0,0,0,1,0,0,0,0.2209,-0.102,0.0072,-0.2447,-0.1,0.1
345,1,0,239.3622,550.0,-4642.063,-1932.3863,-4755.7728,100.0,96.97,202.19,139.559,71.993,136.533,0,0,0,1,0,0,0,0.0456,-0.1072,-0.0476,-0.1915,-0.1,0.1
345,2,0,267.3171,550.0,-1914.5829,-3708.0835,-5521.2978,100.0,97.0,195.76,239.255,330.825,219.958,0,0,0,1,0,0,0,-0.0675,0.0354,0.0833,-0.3738,-0.1,0.1
345,3,0,267.8948,550.0,-1851.0228,-3736.7788,-5523.6256,100.0,96.22,160.5,199.978,103.147,170.902,0,0,0,1,0,0,0,-0.3621,-0.2028,0.0177,0.0162,-0.1,0.1
345,4,0,184.2388,550.0,-6479.7133,2397.2168,-408.5443,100.0,97.06,199.74,201.703,205.272,149.526,0,0,0,1,0,0,0,0.081,-0.1693,-0.0065,-0.1589,-0.1,0.1
345,5,1,233.6083,550.0,1494.664,-5086.1533,-4449.4117,100.0,97.06,200.32,152.638,153.972,119.63,0,0,0,1,0,0,1,0.1949,-0.258,0.1697,-0.2324,-0.009,0.1
345,6,1,233.3617,550.0,1475.5323,-5104.0738,-4435.2537,100.0,95.77,199.5,50.072,303.139,175.343,0,0,0,1,0,0,1,-0.0593,-0.2677,0.1246,-0.1992,-0.1,0.1
345,7,1,280.3854,550.0,4259.8529,-441.6521,-5436.804,100.0,98.86,174.03,138.124,239.265,290.242,0,0,0,1,0,0,0,-0.3251,-0.043,0.0585,-0.1763,-0.1,0.1
345,8,1,169.9024,550.0,-3319.5382,-5995.1464,969.0854,100.0,96.88,200.97,86.738,7.984,212.472,0,0,0,1,0,0,0,-0.2213,-0.1246,-0.0608,-0.1887,-0.1,0.1
345,9,1,205.87,550.0,-744.168,-6444.3694,-2411.7542,100.0,96.97,199.3,144.878,33.723,31.015,0,0,0,1,0,0,0,-0.1068,-0.0922,-0.0295,-0.233,-0.1,0.1
346,0,0,219.2771,550.0,-5961.4462,-341.949,-3499.2101,100.0,96.97,201.46,107.31,210.862,271.579,0,0,0,1,0,0,0,0.225,-0.1041,0.0089,-0.2449,-0.1,0.1
346,1,0,239.2158,550.0,-4656.1846,-1916.0862,-4748.5577,100.0,96.97,202.63,134.255,62.915,126.533,0,0,0,1,0,0,0,0.2165,-0.1757,0.0358,-0.205,-0.1,0.1
346,2,0,266.4167,550.0,-2017.5021,-3660.2731,-5516.5503,100.0,97.0,196.21,232.42,332.36,209.958,0,0,0,1,0,0,0,-0.2481,0.0962,-0.0952,-0.3977,-0.1,0.1
346,3,0,268.6913,550.0,-1767.4367,-3773.6822,-5525.9145,100.0,96.22,160.94,190.016,94.565,165.728,0,0,0,1,0,0,0,-0.1035,-0.1748,0.2064,-0.081,-0.1,0.1
346,4,0,183.1993,550.0,-6455.0691,2477.3302,-308.4785,100.0,97.06,200.17,197.76,196.134,139.526,0,0,0,1,0,0,0,0.0831,-0.1731,-0.0043,-0.1587,-0.1,0.1
346,5,1,233.0837,550.0,1448.0122,-5125.8346,-4419.1992,100.0,97.06,200.79,143.113,146.319,109.63,0,0,0,1,0,0,1,0.1965,-0.2591,0.1712,-0.2333,-0.1,0.1
346,6,1,233.8785,550.0,1509.7323,-5068.1618,-4464.8276,100.0,95.77,199.96,48.468,296.781,165.343,0,0,0,1,0,0,1,-0.0568,-0.2679,0.1269,-0.2015,-0.0099,0.1
346,7,1,280.5865,550.0,4266.193,-423.5387,-5433.2728,100.0,98.86,174.46,130.539,237.87,281.623,0,0,0,1,0,0,0,-0.4268,-0.1037,0.0768,-0.1574,-0.1,0.1
346,8,1,169.0096,550.0,-3377.5506,-5948.2755,1053.761,100.0,96.88,201.41,80.981,3.541,202.472,0,0,0,1,0,0,0,-0.2186,-0.1308,-0.0588,-0.1865,-0.1,0.1
346,9,1,204.8313,550.0,-835.3887,-6466.4043,-2321.2027,100.0,96.97,199.73,138.633,30.167,21.015,0,0,0,1,0,0,0,-0.0982,-0.0949,-0.026,-0.2313,-0.1,0.1
347,0,0,218.3999,550.0,-6003.612,-263.3776,-3433.2953,100.0,96.97,201.89,99.954,201.146,261.579,0,0,0,1,0,0,0,-0.1279,-0.1065,-0.0379,-0.1768,-0.1,0.1
347,1,0,239.0473,550.0,-4672.0268,-1898.0912,-4740.2169,100.0,96.97,203.08,128.84,53.862,116.533,0,0,0,1,0,0,0,0.0994,-0.2219,0.0531,-0.2079,-0.1,0.1
347,2,0,265.4893,550.0,-2122.7396,-3609.9184,-5510.2365,100.0,97.0,196.68,225.644,333.829,199.958,0,0,0,1,0,0,0,-0.2815,0.1169,-0.1301,-0.373,-0.1,0.1
347,3,0,269.4608,550.0,-1686.5903,-3808.7651,-5527.1116,100.0,96.22,161.38,180.016,86.069,160.524,0,0,0,1,0,0,0,-0.1868,-0.1428,0.1689,-0.0611,-0.1,0.1
347,4,0,182.1659,550.0,-6428.2709,2556.1567,-208.8941,100.0,97.06,200.61,193.713,187.016,129.526,0,0,0,1,0,0,0,0.1781,-0.2093,0.0387,-0.1667,-0.1,0.1
347,5,1,232.5391,550.0,1399.5882,-5166.404,-4387.4439,100.0,97.06,201.25,133.474,138.723,99.63,0,0,0,1,0,0,1,0.0826,-0.2308,0.1157,-0.2891,-0.1,0.1
347,6,1,234.3751,550.0,1542.3274,-5033.4206,-4492.8993,100.0,95.77,200.42,46.715,290.493,155.343,0,0,0,1,0,0,1,0.0564,-0.2971,0.1392,-0.2039,-0.0158,0.1
347,7,1,280.7613,550.0,4271.6346,-408.4598,-5430.1509,100.0,98.86,174.88,122.93,236.485,272.915,0,0,0,1,0,0,0,-0.5649,-0.0471,0.0212,-0.1802,-0.1,0.1
347,8,1,168.1314,550.0,-3433.8186,-5900.5785,1136.7956,100.0,96.88,201.85,75.124,359.095,192.472,0,0,0,1,0,0,0,-0.0518,-0.1979,-0.0049,-0.172,-0.1,0.1
347,9,1,203.7859,550.0,-926.9218,-6486.2386,-2229.2971,100.0,96.97,200.17,132.356,26.573,11.015,0,0,0,1,0,0,0,-0.4254,-0.0656,-0.0763,-0.2224,-0.1,0.1
348,0,0,217.5089,550.0,-6044.8165,-183.5244,-3365.5242,100.0,96.97,202.32,92.545,191.412,251.579,0,0,0,1,0,0,0,-0.1234,-0.1082,-0.0352,-0.177,-0.1,0.1
348,1,0,238.8568,550.0,-4689.5637,-1878.393,-4730.737,100.0,96.97,203.52,123.314,44.838,106.533,0,0,0,1,0,0,0,0.1029,-0.2223,0.0557,-0.2109,-0.1,0.1
348,2,0,264.5351,550.0,-2230.2086,-3556.943,-5502.2329,100.0,97.0,197.14,218.925,335.235,189.958,0,0,0,1,0,0,0,-0.2745,0.1162,-0.1285,-0.3721,-0.1,0.1
348,3,0,270.2034,550.0,-1608.5262,-3842.0829,-5527.3216,100.0,96.22,161.82,170.016,77.656,155.287,0,0,0,1,0,0,0,-0.1849,-0.1447,0.1686,-0.0639,-0.1,0.1
348,4,0,181.1391,550.0,-6399.3843,2633.6376,-109.8857,100.0,97.06,201.05,189.56,177.918,119.526,0,0,0,1,0,0,0,0.1767,-0.212,0.0407,-0.1667,-0.1,0.1
348,5,1,231.9748,550.0,1349.3943,-5207.7867,-4354.1169,100.0,97.06,201.72,123.718,131.186,89.63,0,0,0,1,0,0,1,0.0853,-0.2315,0.1167,-0.2895,-0.1,0.1
348,6,1,234.8512,550.0,1573.3111,-4999.907,-4519.4981,100.0,95.77,200.88,44.814,284.275,145.343,0,0,0,1,0,0,1,0.0569,-0.2975,0.1404,-0.2052,-0.0218,0.1
348,7,1,280.9096,550.0,4276.1861,-396.4121,-5427.4608,100.0,98.86,175.31,115.298,235.111,264.115,0,0,0,1,0,0,0,-0.5654,-0.0472,0.0212,-0.1836,-0.1,0.1
348,8,1,167.2685,550.0,-3488.3396,-5852.1688,1218.133,100.0,96.88,202.29,69.174,354.641,182.472,0,0,0,1,0,0,0,-0.0766,-0.1879,-0.0162,-0.1782,-0.1,0.1
348,9,1,202.7344,550.0,-1018.68,-6503.8133,-2136.1052,100.0,96.97,200.6,126.044,22.943,1.015,0,0,0,1,0,0,0,-0.4203,-0.0676,-0.074,-0.2224,-0.1,0.1
349,0,0,216.6047,550.0,-6084.9595,-102.4428,-3295.9087,100.0,96.97,202.76,85.08,181.661,241.579,0,0,0,1,0,0,0,-0.1189,-0.11,-0.0326,-0.1771,-0.1,0.1
349,1,0,238.6443,550.0,-4708.7665,-1856.9831,-4720.103,100.0,96.97,203.97,117.676,35.843,96.533,0,0,0,1,0,0,0,0.1065,-0.2227,0.0582,-0.2139,-0.1,0.1
349,2,0,263.554,550.0,-2339.8153,-3501.2719,-5492.413,100.0,97.0,197.6,212.265,336.577,179.958,0,0,0,1,0,0,0,-0.2675,0.1155,-0.1267,-0.3711,-0.1,0.1
349,3,0,270.9189,550.0,-1533.2822,-3873.6902,-5526.6456,100.0,96.22,162.25,160.016,69.328,150.017,0,0,0,1,0,0,0,-0.1826,-0.1466,0.1684,-0.0668,-0.1,0.1
349,4,0,180.1197,550.0,-6368.4799,2709.718,-11.5467,100.0,97.06,201.49,185.299,168.841,109.526,0,0,0,1,0,0,0,0.1753,-0.2148,0.0428,-0.1668,-0.1,0.1
349,5,1,231.3908,550.0,1297.4345,-5249.9053,-4319.1896,100.0,97.06,202.18,113.847,123.708,79.63,0,0,0,1,0,0,1,0.088,-0.2322,0.1177,-0.2899,-0.1,0.1
349,6,1,235.3067,550.0,1602.6774,-4967.675,-4544.653,100.0,95.77,201.36,42.766,278.156,135.343,0,0,0,1,0,0,1,0.3528,-0.2926,0.1975,-0.2509,-0.0279,0.1
349,7,1,281.0316,550.0,4279.8526,-387.3918,-5425.2217,100.0,98.86,175.74,107.641,233.747,255.221,0,0,0,1,0,0,0,-0.5657,-0.0473,0.0213,-0.187,-0.1,0.1
349,8,1,166.4213,550.0,-3541.1142,-5803.1605,1297.7207,100.0,96.88,202.73,63.127,350.18,172.472,0,0,0,1,0,0,0,-0.0752,-0.1926,-0.0144,-0.1768,-0.1,0.1
349,9,1,201.6774,550.0,-1110.5744,-6519.0745,-2041.6985,100.0,96.97,201.04,119.698,19.276,351.015,0,0,0,1,0,0,0,-0.4171,-0.0696,-0.0719,-0.2221,-0.1,0.1
350,0,0,215.6875,550.0,-6123.942,-20.1893,-3224.4639,100.0,96.97,203.19,77.559,171.895,231.579,0,0,0,1,0,0,0,-0.1144,-0.1118,-0.03,-0.1772,-0.1,0.1
350,1,0,238.4099,550.0,-4729.6037,-1833.8529,-4708.2983,100.0,96.97,204.42,111.927,26.878,86.533,0,0,0,1,0,0,0,0.1101,-0.2231,0.0608,-0.2169,-0.1,0.1
350,2,0,262.5461,550.0,-2451.4579,-3442.8318,-5480.6482,100.0,97.0,198.06,205.662,337.857,169.958,0,0,0,1,0,0,0,-0.2604,0.1147,-0.1245,-0.37,-0.1,0.1
350,3,0,271.6074,550.0,-1460.8918,-3903.6403,-5525.1813,100.0,96.22,162.69,150.016,61.083,144.712,0,0,0,1,0,0,0,-0.1803,-0.1485,0.1682,-0.0697,-0.1,0.1
350,4,0,179.1082,550.0,-6335.6337,2784.3464,86.0314,100.0,97.06,201.94,180.929,159.787,99.526,0,0,0,1,0,0,0,0.174,-0.2174,0.0448,-0.1669,-0.1,0.1
350,5,1,230.7875,550.0,1243.7146,-5292.6801,-4282.6338,100.0,97.06,202.65,103.859,116.289,69.63,0,0,0,1,0,0,1,0.0907,-0.2329,0.1187,-0.2901,-0.1,0.1
350,6,1,235.7415,550.0,1630.4212,-4936.7759,-4568.3926,100.0,95.77,201.82,40.564,272.098,125.343,0,0,0,1,0,0,1,0.0032,-0.3095,0.1245,-0.182,-0.0342,0.1
350,7,1,281.1272,550.0,4282.6368,-381.3956,-5423.4491,100.0,98.86,176.16,99.962,232.395,246.232,0,0,0,1,0,0,0,-0.5659,-0.0475,0.0214,-0.1904,-0.1,0.1
350,8,1,165.5902,550.0,-3592.1469,-5753.668,1375.5094,100.0,96.88,203.16,56.982,345.712,162.472,0,0,0,1,0,0,0,-0.0738,-0.1972,-0.0126,-0.1755,-0.1,0.1
350,9,1,200.6155,550.0,-1202.5156,-6531.9744,-1946.1519,100.0,96.97,201.48,113.337,15.558,341.015,0,0,0,1,0,0,0,-0.4797,-0.0313,-0.103,-0.2184,-0.1,0.1
351,0,0,214.758,550.0,-6161.6664,63.1765,-3151.2088,100.0,96.97,203.62,69.968,162.138,221.579,0,0,0,1,0,0,0,0.3951,-0.141,0.0155,-0.2052,-0.1,0.1
351,1,0,238.1537,550.0,-4752.041,-1808.9942,-4695.3048,100.0,96.97,204.87,106.066,17.945,76.533,0,0,0,1,0,0,0,0.1139,-0.2235,0.0633,-0.2199,-0.1,0.1
351,2,0,261.5116,550.0,-2565.0271,-3381.5513,-5466.8078,100.0,97.0,198.52,199.115,339.076,159.958,0,0,0,1,0,0,0,-0.2533,0.1138,-0.1221,-0.3686,-0.1,0.1
351,3,0,272.269,550.0,-1391.3847,-3931.9853,-5523.0228,100.0,96.22,163.13,140.016,52.923,139.371,0,0,0,1,0,0,0,-0.178,-0.1504,0.168,-0.0727,-0.1,0.1
351,4,0,178.1052,550.0,-6300.9265,2857.4755,182.7588,100.0,97.06,202.38,176.45,150.756,89.526,0,0,0,1,0,0,0,0.1726,-0.2201,0.0468,-0.167,-0.1,0.1
351,5,1,230.1651,550.0,1188.2423,-5336.0288,-4244.422,100.0,97.06,203.11,93.859,108.93,59.63,0,0,0,1,0,0,1,0.0933,-0.2335,0.1199,-0.2903,-0.1,0.1
351,6,1,236.1553,550.0,1656.5377,-4907.2582,-4590.7451,100.0,95.77,202.28,38.206,266.105,115.343,0,0,0,1,0,0,1,0.0053,-0.3098,0.1266,-0.1839,-0.0406,0.1
351,7,1,281.1964,550.0,4284.5384,-378.42,-5422.1555,100.0,98.86,176.59,92.258,231.053,237.147,0,0,0,1,0,0,0,-0.566,-0.0477,0.0216,-0.1937,-0.1,0.1
351,8,1,164.7759,550.0,-3641.4453,-5703.8058,1451.4533,100.0,96.88,203.6,50.736,341.239,152.472,0,0,0,1,0,0,0,-0.0725,-0.2016,-0.0109,-0.1743,-0.1,0.1
351,9,1,199.5492,550.0,-1294.4135,-6542.4707,-1849.5438,100.0,96.97,201.91,106.952,11.79,331.015,0,0,0,1,0,0,0,-0.7311,-0.0468,-0.0984,-0.1796,-0.1,0.1
352,0,0,213.8165,550.0,-6198.0367,147.592,-3076.1662,100.0,96.97,204.06,62.305,152.389,211.579,0,0,0,1,0,0,0,0.3967,-0.1431,0.0181,-0.2052,-0.1,0.1
352,1,0,237.8758,550.0,-4776.0413,-1782.3987,-4681.103,100.0,96.97,205.31,100.098,8.999,66.533,0,0,0,1,0,0,0,-0.4686,-0.214,-0.0246,-0.1008,-0.1,0.1
352,2,0,260.4504,550.0,-2680.4048,-3317.3618,-5450.7597,100.0,97.0,198.98,192.626,340.235,149.958,0,0,0,1,0,0,0,-0.2463,0.1129,-0.1193,-0.3672,-0.1,0.1
352,3,0,272.9036,550.0,-1324.7867,-3958.7758,-5520.2604,100.0,96.22,163.55,130.016,44.797,134.036,0,0,0,1,0,0,0,-0.5671,-0.1273,0.0684,0.0111,-0.1,0.1
352,4,0,177.1114,550.0,-6264.4433,2929.0616,278.5479,100.0,97.06,202.82,171.859,141.749,79.526,0,0,0,1,0,0,0,0.1714,-0.2227,0.0488,-0.1672,-0.1,0.1
352,5,1,229.5238,550.0,1131.0275,-5379.8668,-4204.5274,100.0,97.06,203.57,83.859,101.632,49.63,0,0,0,1,0,0,1,0.0968,-0.2342,0.1211,-0.2907,-0.1,0.1
352,6,1,236.548,550.0,1681.0227,-4879.1675,-4611.7381,100.0,95.77,202.74,35.694,260.175,105.343,0,0,0,1,0,0,1,0.0076,-0.31,0.1286,-0.1859,-0.047,0.1
352,7,1,281.2394,550.0,4285.5543,-378.4615,-5421.3497,100.0,98.86,177.01,84.53,229.722,227.962,0,0,0,1,0,0,0,-0.5659,-0.0479,0.0218,-0.197,-0.1,0.1
352,8,1,163.9788,550.0,-3689.0202,-5653.6882,1525.5101,100.0,96.88,204.04,44.387,336.762,142.472,0,0,0,1,0,0,0,-0.0712,-0.2059,-0.0091,-0.1731,-0.1,0.1
352,9,1,198.4792,550.0,-1386.1774,-6550.527,-1751.9556,100.0,96.97,202.34,100.543,7.974,321.015,0,0,0,1,0,0,0,-0.7304,-0.0476,-0.0976,-0.1791,-0.1,0.1
353,0,0,212.8635,550.0,-6232.9589,232.9918,-2999.363,100.0,96.97,204.5,54.686,142.632,201.579,0,0,0,1,0,0,0,0.245,0.0873,-0.0153,-0.3119,-0.1,0.1
353,1,0,237.5762,550.0,-4801.5649,-1754.0583,-4665.672,100.0,96.97,205.74,94.139,0.011,56.533,0,0,0,1,0,0,0,-0.7103,0.0183,-0.0863,-0.2214,-0.1,0.1
353,2,0,259.3627,550.0,-2797.4649,-3250.1975,-5432.3703,100.0,97.0,199.46,186.253,341.325,139.958,0,0,0,1,0,0,0,-0.1523,0.2346,-0.1391,-0.3983,-0.1,0.1
353,3,0,273.5112,550.0,-1261.1203,-3984.0607,-5516.9808,100.0,96.22,163.97,120.04,36.673,128.65,0,0,0,1,0,0,0,-0.6941,0.0476,0.0043,-0.0999,-0.1,0.1
353,4,0,176.1273,550.0,-6226.2737,2999.0654,373.3134,100.0,97.06,203.26,167.259,132.749,69.526,0,0,0,1,0,0,0,0.0095,-0.018,0.0132,-0.2783,-0.1,0.1
353,5,1,228.8639,550.0,1072.0822,-5424.1073,-4162.9245,100.0,97.06,204.04,73.859,94.406,39.63,0,0,0,1,0,0,1,0.4258,-0.0942,0.1442,-0.3928,-0.1,0.1
353,6,1,236.9195,550.0,1703.8722,-4852.5468,-4631.3982,100.0,95.77,203.2,33.075,254.302,95.343,0,0,0,1,0,0,1,0.0152,-0.2136,0.112,-0.2446,-0.0536,0.1
353,7,1,281.256,550.0,4285.6787,-381.517,-5421.0371,100.0,98.86,177.47,76.876,228.365,218.622,0,0,0,1,0,0,0,-0.7048,0.1461,-0.0515,-0.3119,-0.1,0.1
353,8,1,163.1994,550.0,-3734.8857,-5603.4288,1597.6409,100.0,96.88,204.48,38.056,332.25,132.472,0,0,0,1,0,0,0,-0.3348,0.037,-0.0693,-0.3067,-0.1,0.1
353,9,1,197.4062,550.0,-1477.717,-6556.1136,-1653.4717,100.0,96.97,202.78,94.164,4.093,311.015,0,0,0,1,0,0,0,-0.7098,0.0601,-0.13,-0.2365,-0.1,0.1
354,0,0,211.8995,550.0,-6266.3416,319.3076,-2920.8298,100.0,96.97,204.94,47.108,132.87,191.579,0,0,0,1,0,0,0,0.2493,0.0836,-0.0121,-0.3117,-0.1,0.1
354,1,0,237.2551,550.0,-4828.5692,-1723.9654,-4648.9896,100.0,96.97,206.17,88.189,350.98,46.533,0,0,0,1,0,0,0,-0.7066,0.0176,-0.084,-0.2234,-0.1,0.1
354,2,0,258.2486,550.0,-2916.0724,-3179.9962,-5411.505,100.0,97.0,199.92,179.942,342.341,129.958,0,0,0,1,0,0,0,-0.5071,0.1221,-0.1474,-0.303,-0.1,0.1
354,3,0,274.0919,550.0,-1200.4047,-4007.8872,-5513.2667,100.0,96.22,164.38,110.087,28.551,123.213,0,0,0,1,0,0,0,-0.6946,0.0471,0.0044,-0.1032,-0.1,0.1
354,4,0,175.1537,550.0,-6186.5111,3067.4515,466.9726,100.0,97.06,203.69,162.647,123.758,59.526,0,0,0,1,0,0,0,0.0153,-0.0244,0.0161,-0.2769,-0.1,0.1
354,5,1,228.1856,550.0,1011.4205,-5468.6615,-4119.5886,100.0,97.06,204.5,63.859,87.253,29.63,0,0,0,1,0,0,1,0.4318,-0.0965,0.1464,-0.3931,-0.1,0.1
354,6,1,237.2697,550.0,1725.0828,-4827.4362,-4649.7516,100.0,95.77,203.64,30.358,248.446,85.343,0,0,0,1,0,0,1,-0.5257,-0.1962,0.0356,-0.1303,-0.0603,0.1
354,7,1,281.2463,550.0,4284.903,-387.5833,-5421.22,100.0,98.86,177.92,69.294,226.983,209.125,0,0,0,1,0,0,0,-0.7034,0.1453,-0.0509,-0.3141,-0.1,0.1
354,8,1,162.438,550.0,-3779.0585,-5553.1404,1667.8097,100.0,96.88,204.92,31.741,327.704,122.472,0,0,0,1,0,0,0,-0.3292,0.031,-0.0666,-0.3043,-0.1,0.1
354,9,1,196.3306,550.0,-1568.9416,-6559.2065,-1554.1791,100.0,96.97,203.23,87.815,0.147,301.015,0,0,0,1,0,0,0,-0.709,0.059,-0.1293,-0.2361,-0.1,0.1
355,0,0,210.9251,550.0,-6298.0956,406.4686,-2840.6014,100.0,96.97,205.39,39.58,123.082,181.579,0,0,0,1,0,0,0,0.0341,0.0987,-0.0519,-0.3245,-0.1,0.1
355,1,0,236.9126,550.0,-4857.0088,-1692.1126,-4631.0325,100.0,96.97,206.61,82.258,341.889,36.533,0,0,0,1,0,0,0,-0.8331,0.0369,-0.1218,-0.1908,-0.1,0.1
355,2,0,257.1082,550.0,-3036.0835,-3106.6995,-5388.029,100.0,97.0,200.39,173.764,343.306,119.958,0,0,0,1,0,0,0,0.0497,0.2679,-0.1023,-0.4198,-0.1,0.1
355,3,0,274.6456,550.0,-1142.6563,-4030.3007,-5509.1972,100.0,96.22,164.8,100.143,20.452,117.719,0,0,0,1,0,0,0,-0.5501,0.0172,0.0451,-0.1137,-0.1,0.1
355,4,0,174.1909,550.0,-6145.2522,3134.1885,559.4454,100.0,97.06,204.12,158.02,114.775,49.526,0,0,0,1,0,0,0,0.0214,-0.0308,0.0189,-0.2756,-0.1,0.1
355,5,1,227.4893,550.0,949.0593,-5513.4385,-4074.4967,100.0,97.06,204.96,53.859,80.169,19.63,0,0,0,1,0,0,1,0.5282,-0.0577,0.1389,-0.3839,-0.1,0.1
355,6,1,237.5985,550.0,1744.6509,-4803.8731,-4666.8231,100.0,95.77,204.08,27.534,242.619,75.343,0,0,0,1,0,0,1,-0.3902,-0.2133,0.0586,-0.1687,-0.067,0.1
355,7,1,281.2102,550.0,4283.2156,-396.6572,-5421.8971,100.0,98.86,178.37,61.782,225.589,199.453,0,0,0,1,0,0,0,-0.5941,0.1397,-0.0227,-0.3505,-0.1,0.1
355,8,1,161.6952,550.0,-3821.5581,-5502.9349,1735.9843,100.0,96.88,205.36,25.438,323.127,112.472,0,0,0,1,0,0,0,-0.3228,0.0247,-0.0639,-0.3017,-0.1,0.1
355,9,1,195.2532,550.0,-1659.7616,-6559.7888,-1454.1675,100.0,96.97,203.67,81.495,356.137,291.015,0,0,0,1,0,0,0,-0.7083,0.058,-0.1287,-0.2356,-0.1,0.1
356,0,0,209.9406,550.0,-6328.135,494.4011,-2758.7165,100.0,96.97,205.84,32.1,113.269,171.579,0,0,0,1,0,0,0,0.0364,0.0947,-0.0487,-0.3242,-0.1,0.1
356,1,0,236.5487,550.0,-4886.8356,-1658.4932,-4611.7762,100.0,96.97,207.04,76.345,332.737,26.533,0,0,0,1,0,0,0,-0.8303,0.0366,-0.1198,-0.1927,-0.1,0.1
356,2,0,255.9417,550.0,-3157.3453,-3030.2535,-5361.8071,100.0,97.0,200.87,167.719,344.222,109.958,0,0,0,1,0,0,0,0.0539,0.2657,-0.0978,-0.4176,-0.1,0.1
356,3,0,275.1725,550.0,-1087.8891,-4051.3446,-5504.8474,100.0,96.22,165.22,90.207,12.375,112.166,0,0,0,1,0,0,0,-0.5492,0.0166,0.0455,-0.1173,-0.1,0.1
356,4,0,173.2397,550.0,-6102.5973,3199.2493,650.6544,100.0,97.06,204.55,153.374,105.804,39.526,0,0,0,1,0,0,0,0.0275,-0.0373,0.0217,-0.2743,-0.1,0.1
356,5,1,226.7751,550.0,885.0177,-5558.3456,-4027.627,100.0,97.06,205.42,43.859,73.156,9.63,0,0,0,1,0,0,0,0.5337,-0.06,0.1413,-0.3838,-0.1,0.1
356,6,1,237.9057,550.0,1762.5734,-4781.8919,-4682.6367,100.0,95.77,204.53,24.603,236.823,65.343,0,0,0,1,0,0,1,-0.3896,-0.214,0.0603,-0.17,-0.0739,0.1
356,7,1,281.1478,550.0,4280.6022,-408.7357,-5423.0638,100.0,98.86,178.82,54.339,224.185,189.604,0,0,0,1,0,0,0,-0.5919,0.139,-0.0219,-0.3529,-0.1,0.1
356,8,1,160.9715,550.0,-3862.4067,-5452.9226,1802.1351,100.0,96.88,205.8,19.145,318.519,102.472,0,0,0,1,0,0,0,-0.3157,0.0184,-0.061,-0.2989,-0.1,0.1
356,9,1,194.1746,550.0,-1750.0876,-6557.8498,-1353.5287,100.0,96.97,204.11,75.206,352.058,281.015,0,0,0,1,0,0,0,-0.711,0.0634,-0.1379,-0.2377,-0.1,0.1
357,0,0,208.9467,550.0,-6356.3769,583.0292,-2675.2178,100.0,96.97,206.28,24.664,103.433,161.579,0,0,0,1,0,0,0,0.0388,0.0907,-0.0455,-0.3239,-0.1,0.1
357,1,0,236.1636,550.0,-4917.9986,-1623.101,-4591.1952,100.0,96.97,207.48,70.449,323.527,16.533,0,0,0,1,0,0,0,-0.8276,0.0364,-0.1178,-0.1947,-0.1,0.1
357,2,0,254.7493,550.0,-3279.6958,-2950.6092,-5332.7049,100.0,97.0,201.35,161.817,345.108,99.958,0,0,0,1,0,0,0,0.265,0.2848,-0.0611,-0.4726,-0.1,0.1
357,3,0,275.6726,550.0,-1036.1145,-4071.0601,-5500.2888,100.0,96.22,165.64,80.279,4.322,106.553,0,0,0,1,0,0,0,-0.5482,0.016,0.046,-0.121,-0.1,0.1
357,4,0,172.3007,550.0,-6058.6494,3262.6109,740.5255,100.0,97.06,204.99,148.706,96.844,29.526,0,0,0,1,0,0,0,0.0338,-0.0437,0.0245,-0.273,-0.1,0.1
357,5,1,226.0435,550.0,819.3174,-5603.2882,-3978.9598,100.0,97.06,205.87,33.916,66.152,359.63,0,0,0,1,0,0,0,0.2696,0.1145,0.0179,-0.3705,-0.1,0.1
357,6,1,238.1913,550.0,1778.8472,-4761.5244,-4697.215,100.0,95.77,204.97,21.565,231.058,55.343,0,0,0,1,0,0,1,-0.3891,-0.2147,0.0619,-0.1714,-0.0809,0.1
357,7,1,281.0591,550.0,4277.0457,-423.8159,-5424.712,100.0,98.86,179.27,46.965,222.77,179.604,0,0,0,1,0,0,0,-0.5897,0.1383,-0.0211,-0.3552,-0.1,0.1
357,8,1,160.2671,550.0,-3901.6284,-5403.2121,1866.2357,100.0,96.88,206.24,12.857,313.882,92.472,0,0,0,1,0,0,0,-0.308,0.0118,-0.0581,-0.296,-0.1,0.1
357,9,1,193.0955,550.0,-1839.8317,-6553.3856,-1252.3567,100.0,96.97,204.56,68.949,347.91,271.015,0,0,0,1,0,0,0,-0.7105,0.0624,-0.1374,-0.2372,-0.1,0.1
358,0,0,207.9438,550.0,-6382.7422,672.2747,-2590.1524,100.0,96.97,206.72,17.147,93.603,151.579,0,0,0,1,0,0,0,0.2494,-0.1645,0.011,-0.1939,-0.1,0.1
358,1,0,235.7575,550.0,-4950.4442,-1585.9305,-4569.2634,100.0,96.97,207.91,64.469,314.293,6.533,0,0,0,1,0,0,0,-0.6311,-0.1716,-0.0469,-0.0796,-0.1,0.1
358,2,0,253.5311,550.0,-3402.9636,-2867.7234,-5300.5888,100.0,97.0,201.8,155.934,345.965,89.958,0,0,0,1,0,0,0,0.0429,0.0387,-0.0563,-0.3554,-0.1,0.1
358,3,0,276.1458,550.0,-987.3418,-4089.4863,-5495.589,100.0,96.22,166.07,70.279,356.318,100.918,0,0,0,1,0,0,0,-0.4643,-0.1462,0.0991,-0.0438,-0.1,0.1
358,4,0,171.3743,550.0,-6013.5142,3324.2544,828.9874,100.0,97.06,205.43,143.919,87.915,19.526,0,0,0,1,0,0,0,0.1697,-0.2372,0.0605,-0.1705,-0.1,0.1
358,5,1,225.2946,550.0,751.9832,-5648.1706,-3928.4769,100.0,97.06,206.31,23.92,59.169,349.63,0,0,0,1,0,0,0,0.3774,-0.1058,0.0408,-0.2663,-0.1,0.1
358,6,1,238.4551,550.0,1793.469,-4742.7997,-4710.5797,100.0,95.77,205.42,18.359,225.338,45.343,0,0,0,1,0,0,1,-0.3178,-0.3345,0.0915,-0.0886,-0.0879,0.1
358,7,1,280.9441,550.0,4272.5263,-441.8949,-5426.8305,100.0,98.86,179.71,39.55,221.385,169.604,0,0,0,1,0,0,0,-0.391,-0.0844,0.0605,-0.2267,-0.1,0.1
358,8,1,159.5825,550.0,-3939.2497,-5353.9103,1928.2628,100.0,96.88,206.68,6.455,309.246,82.472,0,0,0,1,0,0,0,-0.0563,-0.2298,0.0027,-0.1669,-0.1,0.1
358,9,1,192.0164,550.0,-1928.9071,-6546.399,-1150.747,100.0,96.97,204.99,62.682,343.734,261.015,0,0,0,1,0,0,0,-0.1587,-0.0182,-0.0554,-0.2907,-0.1,0.1
359,0,0,206.9326,550.0,-6407.1556,762.0572,-2503.5708,100.0,96.97,207.16,9.546,83.78,141.579,0,0,0,1,0,0,0,0.2493,-0.1671,0.0135,-0.1939,-0.1,0.1
359,1,0,235.3304,550.0,-4984.1158,-1546.9771,-4545.9535,100.0,96.97,208.34,58.402,305.037,356.533,0,0,0,1,0,0,0,-0.6286,-0.1721,-0.0449,-0.0816,-0.1,0.1
359,2,0,252.2873,550.0,-3526.9683,-2781.5586,-5265.3269,100.0,97.0,202.24,150.07,346.796,79.958,0,0,0,1,0,0,0,0.0462,0.037,-0.0524,-0.354,-0.1,0.1
359,3,0,276.5922,550.0,-941.5785,-4106.6601,-5490.8118,100.0,96.22,166.49,60.279,348.358,95.259,0,0,0,1,0,0,0,-0.4755,-0.1367,0.0885,-0.0482,-0.1,0.1
359,4,0,170.4612,550.0,-5967.2996,3384.1648,915.9721,100.0,97.06,205.88,139.013,79.017,9.526,0,0,0,1,0,0,0,0.1687,-0.2394,0.0624,-0.1711,-0.1,0.1
359,5,1,224.5289,550.0,683.0422,-5692.8954,-3876.1625,100.0,97.06,206.75,13.92,52.206,339.63,0,0,0,1,0,0,0,0.383,-0.1071,0.0417,-0.2668,-0.1,0.1
359,6,1,238.6971,550.0,1806.4357,-4725.7441,-4722.7507,100.0,95.77,205.87,14.987,219.665,35.343,0,0,0,1,0,0,1,-0.3176,-0.3348,0.0929,-0.09,-0.0951,0.1
359,7,1,280.8026,550.0,4267.0212,-462.9695,-5429.4042,100.0,98.86,180.15,32.091,220.031,159.604,0,0,0,1,0,0,0,-0.3867,-0.0854,0.0617,-0.2305,-0.1,0.1
359,8,1,158.9182,550.0,-3975.2989,-5305.1219,1988.1955,100.0,96.88,207.12,359.936,304.613,72.472,0,0,0,1,0,0,0,-0.0559,-0.2329,0.0047,-0.1662,-0.1,0.1
359,9,1,190.938,550.0,-2017.2287,-6536.8995,-1048.7967,100.0,96.97,205.43,56.406,339.532,251.015,0,0,0,1,0,0,0,-0.1459,-0.0196,-0.0534,-0.2906,-0.1,0.1
360,0,0,205.9135,550.0,-6429.5458,852.2946,-2415.528,100.0,96.97,207.6,1.86,73.965,131.579,0,0,0,1,0,0,0,0.2493,-0.1698,0.016,-0.1939,-0.1,0.1
360,1,0,234.8826,550.0,-5018.954,-1506.237,-4521.2378,100.0,96.97,208.77,52.271,295.744,346.533,0,0,0,1,0,0,0,-0.7111,-0.1278,-0.0735,-0.0864,-0.1,0.1
360,2,0,251.0182,550.0,-3651.5202,-2692.084,-5226.7892,100.0,97.0,202.69,144.22,347.598,69.958,0,0,0,1,0,0,0,-0.3185,0.0305,-0.0578,-0.3255,-0.1,0.1
360,3,0,277.0118,550.0,-898.8302,-4122.616,-5486.017,100.0,96.22,166.92,50.279,340.444,89.574,0,0,0,1,0,0,0,-0.4721,-0.1381,0.0895,-0.0516,-0.1,0.1
360,4,0,169.5618,550.0,-5920.1152,3442.3314,1001.4149,100.0,97.06,206.33,133.986,70.152,359.526,0,0,0,1,0,0,0,0.1678,-0.2416,0.0643,-0.1717,-0.1,0.1
360,5,1,223.7466,550.0,612.5246,-5737.3641,-3822.003,100.0,97.06,207.19,3.92,45.265,329.63,0,0,0,1,0,0,0,0.3892,-0.1085,0.0426,-0.2674,-0.1,0.1
360,6,1,238.9171,550.0,1817.744,-4710.381,-4733.7468,100.0,95.77,206.34,11.457,214.066,25.343,0,0,0,1,0,0,1,-0.0027,-0.3138,0.1477,-0.2155,-0.1,0.1
360,7,1,280.6348,550.0,4260.5049,-487.0366,-5432.4151,100.0,98.86,180.58,24.59,218.708,149.604,0,0,0,1,0,0,0,-0.3823,-0.0864,0.0629,-0.2343,-0.1,0.1
360,8,1,158.2744,550.0,-4009.806,-5256.9493,2046.0158,100.0,96.88,207.55,353.304,299.977,62.472,0,0,0,1,0,0,0,-0.1775,-0.2259,-0.007,-0.0974,-0.1,0.1
360,9,1,189.861,550.0,-2104.7131,-6524.9034,-946.604,100.0,96.97,205.86,50.119,335.304,241.015,0,0,0,1,0,0,0,-0.133,-0.021,-0.0514,-0.2905,-0.1,0.1
